comm_code,service_share__311 Contact Us,service_share__AT - Property Tax Account Inquiry,service_share__Bylaw - Long Grass - Weeds Infraction,service_share__Bylaw - Material on Public Property,service_share__Bylaw - Snow and Ice on Sidewalk,service_share__CBS Inspection - Electrical,service_share__Corporate - Graffiti Concerns,service_share__Finance - ONLINE TIPP Agreement Request,service_share__Finance - Property Tax Account Inquiry,service_share__Other services,service_share__Parks - Tree Concern - WAM,service_share__Roads - Snow and Ice Control,service_share__WRS - Cart Management,service_share__WRS - Compost - Green Cart,service_share__WRS - Recycling - Blue Cart,service_share__WRS - Waste - Residential,agency_share__CFOD - Finance,agency_share__CS - Calgary Community Standards,agency_share__CS - Emergency Management and Community Safety,agency_share__OS - Mobility,agency_share__OS - Waste and Recycling Services,agency_share__Other agencies,agency_share__PD - Calgary Building Services,agency_share__TRAN - Roads,agency_share__UEP - Waste and Recycling Services,comm_name,total_requests,mean_annual_requests,log_mean_annual_requests,annual_cv,recent_log_ratio,cluster
02C,0.015238095238095238,0.02666666666666667,0.0,0.013333333333333334,0.0,0.02666666666666667,0.0038095238095238095,0.007619047619047619,0.02666666666666667,0.8533333333333334,0.0038095238095238095,0.022857142857142857,0.0,0.0,0.0,0.0,0.01904761904761905,0.02095238095238095,0.02857142857142857,0.1619047619047619,0.0,0.5447619047619048,0.1676190476190476,0.05523809523809524,0.0019047619047619048,02C,525,105.0,4.663439094112067,0.38350336365144544,0.3202582428863936,3
02F,0.02700348432055749,0.0008710801393728223,0.01132404181184669,0.006097560975609756,0.0008710801393728223,0.008710801393728223,0.012195121951219513,0.0,0.0,0.9059233449477352,0.0,0.024390243902439025,0.0008710801393728223,0.0008710801393728223,0.0,0.0008710801393728223,0.005226480836236934,0.040940766550522645,0.04355400696864112,0.24825783972125434,0.17682926829268292,0.27526132404181186,0.04442508710801394,0.1019163763066202,0.06358885017421603,02F,1148,229.6,5.440684607834958,0.2182833671064469,0.2698409348105111,3
09Q,0.03492786636294609,0.0,0.0,0.029612756264236904,0.0007593014426727411,0.002277904328018223,0.01442672741078208,0.0007593014426727411,0.0015186028853454822,0.8997722095671982,0.010630220197418374,0.004555808656036446,0.0007593014426727411,0.0,0.0,0.0,0.002277904328018223,0.085041761579347,0.18071374335611237,0.08656036446469248,0.07896735003796507,0.43659832953682615,0.009111617312072893,0.08656036446469248,0.03416856492027335,09Q,1317,263.4,5.577463107977531,0.09263010805172536,0.0752234212375873,3
12A,0.02456418383518225,0.03882725832012678,0.019809825673534072,0.020602218700475437,0.0,0.0071315372424722665,0.0,0.028526148969889066,0.06814580031695722,0.7393026941362916,0.002377179080824089,0.012678288431061807,0.00792393026941363,0.010301109350237718,0.011885895404120444,0.00792393026941363,0.08478605388272584,0.045166402535657686,0.07527733755942947,0.14263074484944532,0.03645007923930269,0.45245641838351824,0.08240887480190175,0.061806656101426306,0.01901743264659271,12A,1262,252.4,5.534969267887039,0.05305188190577018,0.04024688050859382,3
12B,0.022792022792022793,0.0014245014245014246,0.0,0.011396011396011397,0.0,0.0,0.002849002849002849,0.0014245014245014246,0.009971509971509971,0.9287749287749287,0.009971509971509971,0.009971509971509971,0.0,0.0,0.0,0.0014245014245014246,0.011396011396011397,0.03276353276353276,0.038461538461538464,0.17094017094017094,0.07264957264957266,0.5441595441595442,0.007122507122507123,0.09971509971509972,0.022792022792022793,12B,702,140.4,4.951592753462473,0.3743079099804502,-0.5048757549597553,3
ABB,0.015074092999489013,0.015840572304547777,0.018650996423096575,0.031297904956566175,0.0314256515074093,0.012646908533469597,0.01992846193152785,0.01762902401635156,0.03794072560040879,0.5569749616760348,0.013157894736842105,0.009836484414920797,0.09108329075114972,0.03436382217680123,0.035002554931016866,0.05914665304036791,0.0516096065406234,0.09325498211548289,0.13681655595298928,0.07128257537046499,0.14575881451200817,0.29190086867654574,0.046371997956055185,0.057869187531936636,0.10513541134389372,ABBEYDALE,7828,1565.6,7.356662944933138,0.06551853960914712,-0.052482669445163666,2
ABP,0.05282465150403522,0.0,0.00880410858400587,0.02641232575201761,0.0007336757153338225,0.0022010271460014674,0.07043286867204696,0.0022010271460014674,0.0022010271460014674,0.822450476889215,0.0022010271460014674,0.008070432868672046,0.0007336757153338225,0.0,0.0007336757153338225,0.0,0.003668378576669112,0.08143800440205429,0.16067498165810712,0.1760821716801174,0.001467351430667645,0.4856933235509905,0.024944974321349962,0.06309611151870873,0.00293470286133529,AURORA BUSINESS PARK,1363,272.6,5.611667185748395,0.23295792575566407,0.37558803724521983,3
ABT,0.0033482142857142855,0.0,0.0,0.0011160714285714285,0.0027901785714285715,0.04352678571428571,0.0,0.09207589285714286,0.07142857142857142,0.7170758928571429,0.0033482142857142855,0.006138392857142857,0.0011160714285714285,0.015066964285714286,0.03962053571428571,0.0033482142857142855,0.09542410714285714,0.006138392857142857,0.010044642857142858,0.016183035714285716,0.14285714285714285,0.42410714285714285,0.13392857142857142,0.010602678571428572,0.16071428571428573,AMBLETON,1792,448.0,6.1070228877422545,1.2772162007377101,-1.4364841056437458,2
ACA,0.013437576349865624,0.013437576349865624,0.020706083557292938,0.016613730759833863,0.03157830442218422,0.02211092108477889,0.022355240654776447,0.02510383581724896,0.03237234302467628,0.6533716100659663,0.01844612753481554,0.021561202052284387,0.03793061324212069,0.02589787441974102,0.021561202052284387,0.02351575861226484,0.05210114830197899,0.06877595895431224,0.11275348155387246,0.09082580014659174,0.08056437820669436,0.39231614952357685,0.08923772294160762,0.06450036647935499,0.04892499389201075,ACADIA,16372,3274.4,8.094195278015768,0.040722816800395564,-0.03921477404693796,2
ALB,0.016082711085583,0.013067202757036185,0.02362148190695003,0.03467834577828834,0.023980470993681793,0.007610568638713383,0.03690407811602527,0.013569787478460655,0.02742676622630672,0.6550114876507754,0.010626076967260195,0.012205628948879953,0.06770534175761057,0.013282596209075244,0.019170017231476162,0.02505743825387708,0.03604250430786904,0.11394313612866169,0.15027283170591613,0.08823951751866743,0.10094773118897185,0.3338598506605399,0.041211947156806435,0.06849511774842044,0.06698736358414704,ALBERT PARK/RADISSON HEIGHTS,13928,2785.6,7.932577493679491,0.022092562900300542,0.0012487736882826894,2
ALP,0.006338028169014085,0.05035211267605634,0.01795774647887324,0.009859154929577466,0.0031690140845070424,0.0031690140845070424,0.0,0.03063380281690141,0.014788732394366197,0.7401408450704225,0.001056338028169014,0.006338028169014085,0.008098591549295774,0.027464788732394368,0.028169014084507043,0.052464788732394366,0.011619718309859155,0.01936619718309859,0.08133802816901409,0.06514084507042253,0.4309859154929577,0.30246478873239435,0.027112676056338027,0.03697183098591549,0.025,ALPINE PARK,2840,568.0,6.343880434126331,0.7729735426259313,1.8594776432830065,1
ALT,0.018153705188409117,0.0157484824189669,0.017981903562020386,0.01906998052914901,0.023250486771274767,0.015118543122208224,0.013400526858320926,0.03716641850876188,0.03447485969533845,0.6175123124498912,0.03378765318978353,0.01506127591341198,0.07370289772076509,0.01609208567174436,0.019986255869888902,0.029492612530065285,0.063795670599015,0.06024510365364792,0.09008131943649067,0.0956935058985225,0.09758332378879854,0.35608750429504066,0.1033673118772191,0.0625930592142939,0.07055320123697172,ALTADORE,17462,3492.4,8.158630752994293,0.0884232871939645,-0.1652044090222926,2
APP,0.012033195020746889,0.026348547717842324,0.012863070539419087,0.017219917012448134,0.010788381742738589,0.012240663900414938,0.01991701244813278,0.021576763485477178,0.061410788381742736,0.5786307053941909,0.005186721991701245,0.009128630705394191,0.11327800829875519,0.020954356846473027,0.031742738589211617,0.046680497925311204,0.08132780082987552,0.06016597510373444,0.12219917012448132,0.07925311203319502,0.14107883817427386,0.3236514522821577,0.0437759336099585,0.053319502074688795,0.09522821576763485,APPLEWOOD PARK,4820,964.0,6.872128101338986,0.11171337091147882,0.15239531354232483,2
ARB,0.018190554640307523,0.022240527182866558,0.012218561230093355,0.015582097748489841,0.041048874244920375,0.017229544206479958,0.022377814387699067,0.03493959362987369,0.048805601317957165,0.653555738605162,0.010639758374519494,0.02059308072487644,0.05738605161998902,0.01070840197693575,0.011600768808347062,0.002883031301482702,0.07633168588687535,0.0715266337177375,0.11243822075782538,0.09953322350356947,0.06548599670510709,0.4061641954969797,0.0735172981878089,0.05086490939044481,0.04413783635365184,ARBOUR LAKE,14568,2913.6,7.977487868099597,0.05987142853173961,0.0019125451365749058,2
ASP,0.017132551848512173,0.02364492535818054,0.01883578799719467,0.010419797615469392,0.023544734996493337,0.03005710850616171,0.020539024145877167,0.04769061216310991,0.061316501352569885,0.59232541829476,0.01252379521090071,0.017332932571886586,0.06923153992585913,0.01783388438032261,0.03115920248472097,0.006412183147981164,0.09628293758140467,0.06472297364993487,0.0916741809437932,0.11251377617473199,0.09267608456066527,0.3606853020739405,0.07804829175433323,0.04668870854623785,0.05670774471495842,ASPEN WOODS,9981,1996.2,7.599501478626454,0.057843558456857805,0.01076933485236431,2
AUB,0.022515446643627604,0.029374803644360667,0.02597130589590533,0.009215624672740601,0.051837888784165884,0.03288302440046078,0.010001047230076448,0.0645617342130066,0.07398680490103676,0.5360770761336265,0.014451775054979578,0.018274164834014034,0.0461304848675254,0.020316263483087234,0.016755681223164728,0.027646874018221804,0.1276573463189863,0.058016546235207876,0.11943659021887108,0.11158236464551262,0.0773379411456697,0.32914441302754216,0.07969420881767725,0.05361817991412714,0.043512409676405905,AUBURN BAY,19098,3819.6,8.24816275732955,0.05668710187033822,0.006573234479864354,2
AYB,0.01647373107747106,0.008682101513802316,0.004452359750667854,0.0182546749777382,0.006455921638468388,0.005565449688334817,0.054764024933214604,0.0033392698130008903,0.014692787177203919,0.8499554764024934,0.005120213713268032,0.007569011576135352,0.001558325912733749,0.0011130899376669634,0.0008904719501335708,0.0011130899376669634,0.018032056990204808,0.09216384683882457,0.12756010685663402,0.13757791629563668,0.03561887800534283,0.45302760463045416,0.04140694568121104,0.07569011576135352,0.01892252894033838,ALYTH/BONNYBROOK,4492,898.4,6.801727874336607,0.07489449446671204,0.019428865378166904,3
BDO,0.009861932938856016,0.007889546351084813,0.03994082840236687,0.02514792899408284,0.06903353057199212,0.021203155818540435,0.010848126232741617,0.03205128205128205,0.03155818540433925,0.5927021696252466,0.02514792899408284,0.021696252465483234,0.04142011834319527,0.027613412228796843,0.028106508875739646,0.015779092702169626,0.051775147928994084,0.09911242603550297,0.1351084812623274,0.08530571992110454,0.08974358974358974,0.3624260355029586,0.06804733727810651,0.07051282051282051,0.03796844181459566,BONAVISTA DOWNS,2028,405.6,6.007829901194246,0.10527642282016317,0.008888947417246662,2
BED,0.021711749535176635,0.015354165417141486,0.028849037365800995,0.0194925928147304,0.024830564385533497,0.014034666826605889,0.02021231931865891,0.028909014574461704,0.037485755412943085,0.6376177052719967,0.012955077070713129,0.014514484495891562,0.06477538535356564,0.021411863491873087,0.025730222515444132,0.012115396149463204,0.059077550530798294,0.06771426857794038,0.12001439453007857,0.11923469081748936,0.08276854795177832,0.36556108678702093,0.054399328255263,0.06705451928267259,0.06417561326695856,BEDDINGTON HEIGHTS,16673,3334.6,8.112407852212831,0.05471363126157878,0.03686774997290776,2
BEL,0.013852813852813853,0.009523809523809525,0.01904761904761905,0.024242424242424242,0.027705627705627706,0.005194805194805195,0.027705627705627706,0.01904761904761905,0.01904761904761905,0.6303030303030303,0.033766233766233764,0.011255411255411256,0.07445887445887446,0.032034632034632034,0.0329004329004329,0.019913419913419914,0.033766233766233764,0.0632034632034632,0.10909090909090909,0.11168831168831168,0.1038961038961039,0.40086580086580087,0.0735930735930736,0.0380952380952381,0.0658008658008658,BEL-AIRE,1155,231.0,5.44673737166631,0.09106356696087717,0.15114917682350182,2
BLM,0.009207438165733887,0.06011915508214479,0.017512186315219353,0.010471204188481676,0.03484383462718902,0.032677378588192814,0.0018053800324968406,0.051272792922910274,0.04459288680267196,0.6737678281278209,0.001985918035746525,0.00667990612023831,0.011373894204730096,0.0124571222242282,0.012096046217728832,0.01913702834446651,0.08196425347535656,0.0169705723054703,0.1018234338328218,0.08015887344285973,0.1621231269182163,0.3838237949088283,0.0779924174038635,0.029066618523199132,0.06607690918938436,BELMONT,5539,1107.8,7.011033628435639,0.3292179916699631,0.6789281097133735,2
BLN,0.020561357702349868,0.024897426333457665,0.007133532264080567,0.013800820589332338,0.011166542334949646,0.008858634837747108,0.065787019768743,0.03620384185005595,0.06002890712420739,0.7228179783662813,0.010933420365535249,0.00494218575158523,0.007879522566206639,0.0006993659082431929,0.001561917195076464,0.0027275270421484523,0.08289817232375979,0.10924095486758673,0.1789444237224916,0.10054550540842969,0.02615628496829541,0.3724123461395002,0.0486059306229019,0.06543733681462141,0.015759045132413278,BELTLINE,42896,8579.2,9.057212502233643,0.06776161341676824,0.024714565764252683,3
BNF,0.01613837623106844,0.009848547546139204,0.04295290904576678,0.024662749317222545,0.08176777290408012,0.0133245055036001,0.02722833733344368,0.014317636348588927,0.021435074071008857,0.619382603658032,0.02499379293221882,0.011752048332367789,0.05420839195564016,0.011255482909873375,0.008358851278655963,0.018372920632293305,0.03111809980964992,0.11917570139865927,0.1396176446246793,0.10361665149383431,0.07473309608540925,0.334933377472482,0.07150542083919556,0.07125713812794836,0.05404287014814202,BANFF TRAIL,12083,2416.6,7.7905305915184755,0.07646576797138277,-0.10965260635396135,2
BNK,0.013630289532293987,0.01737193763919822,0.03928730512249443,0.019510022271714923,0.06253897550111359,0.0064142538975501115,0.03091314031180401,0.029042316258351894,0.03955456570155902,0.6043652561247216,0.01639198218262806,0.020133630289532294,0.0489086859688196,0.013452115812917595,0.014877505567928731,0.023608017817371936,0.05826280623608018,0.10538975501113586,0.15679287305122494,0.09879732739420935,0.08240534521158129,0.3308685968819599,0.0532739420935412,0.057104677060133634,0.057104677060133634,BANKVIEW,11225,2245.0,7.716906135298388,0.07528959735332397,-0.058833916722790924,2
BOW,0.018271211215201647,0.013055610922862268,0.016377649325626204,0.019433924656169024,0.03139326290611919,0.014085442827719088,0.01704205700617899,0.020397315792970567,0.0270081722144708,0.7136402896817488,0.012258321706198923,0.010298319048568202,0.04677430071091622,0.015281376652714106,0.01870307620756096,0.005979669124975085,0.040861072353996414,0.0650787323101455,0.13274865457444687,0.09305029566141784,0.07830044515314596,0.41535446149757493,0.06866653378513056,0.054813633645604945,0.051126171018536976,BOWNESS,30102,6020.4,8.70307506940495,0.07426591271064564,0.1415397136443719,2
BRA,0.017419354838709676,0.015268817204301075,0.016129032258064516,0.01021505376344086,0.015698924731182794,0.016129032258064516,0.019139784946236558,0.0332258064516129,0.038279569892473116,0.6324731182795699,0.01978494623655914,0.024731182795698924,0.06634408602150538,0.037204301075268814,0.01827956989247312,0.01967741935483871,0.0643010752688172,0.05946236559139785,0.08569892473118279,0.11268817204301075,0.10473118279569893,0.3839784946236559,0.05075268817204301,0.0853763440860215,0.05301075268817204,BRAESIDE,9300,1860.0,7.528869256642251,0.04820455412135953,-0.021966984996801386,2
BRD,0.024255024255024255,0.010558069381598794,0.01577595695242754,0.0199747258570788,0.027475439240145123,0.006726183196771432,0.05984264807794219,0.019077901430842606,0.024173494761730054,0.703640291875586,0.02262443438914027,0.012514777220659573,0.028127675186498717,0.004484122131180955,0.010068892421833599,0.010680363621540092,0.03705515470221352,0.09388121152827035,0.15588439117850883,0.15478374301903713,0.0391341567812156,0.3644368350250703,0.048673107496636905,0.07268354327177856,0.033467856997268765,BRIDGELAND/RIVERSIDE,24531,4906.2,8.498458793359987,0.09627855196491628,0.07705019514568612,3
BRE,0.016088591725867112,0.011840089148906533,0.02173004596740493,0.01316339323025491,0.03064493662069926,0.01706365789107118,0.01706365789107118,0.021451455634489483,0.03461484886474439,0.6977294887867391,0.018038724056275247,0.01678506755815573,0.05209639225518874,0.012466917397966291,0.006686167989970748,0.012536564981195153,0.045967404931048894,0.06045410224265218,0.1109486000835771,0.10941635325254213,0.05752890374703998,0.4250592004457445,0.07264242930770302,0.07473185680456888,0.043251149185123273,BRENTWOOD,14358,2871.6,7.962972821997722,0.10928474834690503,-0.1282026761442392,2
BRI,0.018232946298984035,0.032565312046444125,0.01469521044992743,0.01451378809869376,0.030478955007256895,0.02403846153846154,0.009433962264150943,0.04091074020319303,0.0761066763425254,0.5600507982583455,0.011429608127721336,0.015965166908563134,0.0647677793904209,0.023494194484760523,0.02857402031930334,0.034742380261248186,0.10422714078374455,0.057601596516690855,0.10050798258345428,0.09433962264150944,0.1081277213352685,0.3377177068214804,0.08508708272859217,0.05714804063860668,0.05524310595065312,BRIDLEWOOD,11024,2204.8,7.6988455338720465,0.10550045108464262,-0.007774806509783794,2
BRT,0.010326311441553077,0.011152416356877323,0.008674101610904586,0.021891780256092525,0.014043783560512184,0.004130524576621231,0.01900041305245766,0.01197852127220157,0.01900041305245766,0.6914498141263941,0.02560925237505163,0.01858736059479554,0.10532837670384139,0.00660883932259397,0.009913258983890954,0.022304832713754646,0.033044196612969846,0.05287071458075176,0.09004543577034284,0.15076414704667493,0.10450227178851715,0.38909541511771994,0.048740190004130525,0.06608839322593969,0.06484923585295332,BRITANNIA,2421,484.2,6.184561177069895,0.1230816621533528,-0.01709443335929972,2
BUR,0.019306540583136328,0.00591016548463357,0.002364066193853428,0.0169424743892829,0.0003940110323089047,0.01024428684003152,0.018518518518518517,0.00591016548463357,0.013002364066193853,0.8853427895981087,0.00591016548463357,0.013396375098502758,0.001970055161544523,0.0,0.0,0.0007880220646178094,0.01773049645390071,0.07801418439716312,0.13711583924349882,0.1954294720252167,0.026792750197005517,0.37706855791962174,0.07801418439716312,0.07328605200945626,0.016548463356973995,BURNS INDUSTRIAL,2538,507.6,6.23166185298802,0.09211561669668471,0.17634490221982713,3
BVD,0.004737839545167404,0.06190777005685408,0.020846493998736577,0.012634238787113077,0.00505369551484523,0.009791535060012634,0.010739102969046115,0.01958307012002527,0.03474415666456096,0.7545799115603284,0.0,0.008528111181301326,0.00410612760581175,0.012634238787113077,0.01737207833228048,0.022741629816803537,0.03853442830069488,0.01958307012002527,0.09065066329753632,0.1525584333543904,0.1399241945672773,0.36891977258370184,0.08528111181301326,0.05716993051168667,0.047378395451674035,BELVEDERE,3166,633.2,6.452364362104247,0.4377959151314193,0.8612515751610692,2
BYV,0.015005359056806002,0.007502679528403001,0.001607717041800643,0.008038585209003215,0.01822079314040729,0.01607717041800643,0.015541264737406217,0.015541264737406217,0.00964630225080386,0.7459807073954984,0.023579849946409433,0.03751339764201501,0.023579849946409433,0.03644158628081458,0.01232583065380493,0.01339764201500536,0.025187566988210074,0.05144694533762058,0.09163987138263666,0.16237942122186494,0.06591639871382636,0.41586280814576637,0.06591639871382636,0.09003215434083602,0.03161843515541265,BAYVIEW,1866,373.2,5.92479041383999,0.08433919402382453,0.12354674037313274,3
CAM,0.016797098682954762,0.006871540370299675,0.01622447031876312,0.01832410765413247,0.022141630082076733,0.01775147928994083,0.011834319526627219,0.01908761213972132,0.0202328688681046,0.6760832219889292,0.0419927467073869,0.02004199274670739,0.06337087230387478,0.014697461347585417,0.015079213590379843,0.019469364382515748,0.03683909142966215,0.05802634090475282,0.09047528154227906,0.11452567283832793,0.07864096201565184,0.41362855506776103,0.0837946172933766,0.07100591715976332,0.053063561748425275,CAMBRIAN HEIGHTS,5239,1047.8,6.95540193244949,0.05660450609218107,-0.09572520367415471,2
CAN,0.017546414270112852,0.013978886057517292,0.023443756825627958,0.013032398980706225,0.02854022570076447,0.01914816163087004,0.013542045868219877,0.034000728066982164,0.03341827448125227,0.6425191117582818,0.023516563523844194,0.024899890789952677,0.05387695668001456,0.02409901710957408,0.012959592282489989,0.021477975973789587,0.05999271933017838,0.059410265744448486,0.09173643975245722,0.09042591918456498,0.08918820531488897,0.43269020749908993,0.06254095376774663,0.07550054605023662,0.03851474335638879,CANYON MEADOWS,13735,2747.0,7.91862865334224,0.08287460485994248,-0.054852154667695885,2
CAP,0.015021611280379791,0.011478778431233615,0.024658116630057392,0.027067242967476795,0.046481966980797845,0.011903918373131156,0.028909516049032805,0.021256997094877064,0.028626089421101113,0.6707291150003543,0.022815843548501382,0.01700559767590165,0.03918373131155672,0.00779423226812159,0.009494792035711755,0.01757245093176504,0.04357684404449798,0.08063487564656699,0.14057960745412032,0.12407000637709913,0.06823496067455538,0.35619641465315666,0.06370013462764827,0.07730461276836958,0.045702543753985685,CAPITOL HILL,14113,2822.6,7.945767945521317,0.04234952480175656,0.040346126509737346,2
CAR,0.010949879818392237,0.04789459627882133,0.02287901718151874,0.011127926644707558,0.01940710406836998,0.03587643550253717,0.006587732573666874,0.04620315142882578,0.05154455621828541,0.6461319326982996,0.0028487492210451347,0.0035609365263064184,0.015044956823644618,0.018160776284162735,0.02323511083414938,0.03854713789726698,0.0783406035787412,0.02492655568414493,0.07807353333926823,0.060446897534051455,0.1630018694916763,0.3623252915516781,0.1323778153654411,0.0195851508946853,0.08092228256031336,CARRINGTON,11233,2246.6,7.717618259238043,0.24135538620973052,0.2891640246654159,2
CAS,0.015235792019347038,0.021160822249093107,0.02261185006045949,0.036517533252720676,0.03978234582829504,0.011003627569528416,0.00882708585247884,0.01475211608222491,0.044619105199516326,0.5915356711003628,0.007376058041112455,0.012938331318016928,0.09443772672309553,0.019226118500604596,0.023821039903264812,0.03615477629987908,0.05646916565900847,0.0966142684401451,0.13035066505441353,0.09286577992744861,0.11620314389359129,0.3001209189842805,0.055743651753325275,0.0667472793228537,0.0848851269649335,CASTLERIDGE,8270,1654.0,7.411556287811163,0.02265013022361449,-0.02534072247885444,2
CED,0.013892131683399487,0.017978052766752278,0.015409759514359094,0.01027317300957273,0.0450618725192622,0.015643240719122112,0.021947233247723557,0.03292084987158534,0.039808545412094325,0.606117207564791,0.015526500116740602,0.022764417464394116,0.0733130982955872,0.028951669390614054,0.015643240719122112,0.02474900770487976,0.06549147793602615,0.06584169974317068,0.10821853840765819,0.09887929021713752,0.10611720756479104,0.373219705813682,0.05416763950501985,0.07156198925986458,0.05650245155265001,CEDARBRAE,8566,1713.2,7.446701778464782,0.07073459431965114,-0.009991267363569811,2
CGR,0.02370617696160267,0.017529215358931552,0.021869782971619366,0.009515859766277128,0.037896494156928216,0.03706176961602671,0.014357262103505844,0.061602671118530884,0.0637729549248748,0.5323873121869783,0.014190317195325543,0.012687813021702838,0.08881469115191987,0.024207011686143573,0.0335559265442404,0.006844741235392321,0.11368948247078464,0.05425709515859766,0.11953255425709516,0.0679465776293823,0.1003338898163606,0.35075125208681135,0.09398998330550919,0.030884808013355594,0.0686143572621035,COUGAR RIDGE,5990,1198.0,7.089243155027514,0.11791056614405879,-0.1388364448542161,2
CHA,0.02497569730053092,0.02041426755402677,0.009795857324459731,0.011814850818814029,0.04823151125401929,0.03103267778359381,0.011814850818814029,0.04912884169595454,0.05234427577955582,0.553353772526733,0.014581619681447694,0.016899723323113736,0.06184102295670381,0.03484633216181859,0.03050923502579825,0.028415463994616016,0.09511702684513572,0.05929858670455395,0.10969864652658341,0.11149330741045389,0.10281911313841322,0.3231885141703432,0.07515142451207657,0.06049502729380094,0.06273835339863905,CHAPARRAL,13373,2674.6,7.891928933244253,0.08999228796932589,0.012629329745025508,2
CHK,0.009827177228058285,0.007793968146391054,0.007455099966113182,0.010166045408336157,0.03456455438834293,0.018298881735005084,0.04540833615723484,0.02270416807861742,0.016943409013893594,0.6075906472382243,0.05320230430362589,0.02338190443917316,0.06607929515418502,0.03761436801084378,0.01592680447305998,0.02304303625889529,0.03388681802778719,0.06472382243307354,0.10708234496780752,0.12300914944086751,0.09928837682141647,0.36970518468315827,0.05692985428668248,0.08742799051169095,0.0579464588275161,CHINOOK PARK,2951,590.2,6.382154369633992,0.08629003911487465,0.03387210483458869,2
CHN,0.0225867168593708,0.03280451734337187,0.0008066684592632429,0.0169400376445281,0.006453347674105943,0.006184458187684862,0.15165367034148966,0.02608228018284485,0.06991126646948104,0.6523258940575424,0.005377789728421619,0.007260016133369185,0.0005377789728421619,0.0005377789728421619,0.0,0.0005377789728421619,0.08416240924979833,0.13014251142780317,0.1621403603119118,0.11508470018822264,0.007528905619790266,0.3880075289056198,0.03979564399031998,0.0691045980102178,0.004033342296316214,CHINATOWN,3719,743.8,6.6131157259628575,0.10737245734953205,0.018954586428177933,3
CHR,0.016612495485734922,0.014084507042253521,0.01155651859877212,0.01119537739256049,0.00902853015529072,0.0288912964969303,0.01805706031058144,0.029613578909353556,0.03755868544600939,0.7388949079089924,0.012278801011195377,0.014806789454676778,0.037197544239797764,0.013362224629830263,0.005417118093174431,0.001444564824846515,0.05994944023113037,0.046948356807511735,0.06861682918020946,0.16756951968219574,0.03972553268327916,0.39689418562657997,0.12170458649331889,0.06753340556157457,0.031058143734200072,CHRISTIE PARK,2769,553.8,6.318607688440676,0.13992998467021156,-0.04539918092687323,3
CHV,0.01598173515981735,0.031107305936073058,0.00028538812785388126,0.012557077625570776,0.0017123287671232876,0.010844748858447488,0.0228310502283105,0.0442351598173516,0.07676940639269407,0.7682648401826484,0.0028538812785388126,0.012271689497716894,0.00028538812785388126,0.0,0.0,0.0,0.11929223744292237,0.06021689497716895,0.05878995433789954,0.0976027397260274,0.023972602739726026,0.5493721461187214,0.03824200913242009,0.0442351598173516,0.008276255707762557,COUNTRY HILLS VILLAGE,3504,700.8,6.5536484631491145,0.0880805044387928,0.005137625979592109,3
CHW,0.01607267645003494,0.010715117633356627,0.013626834381551363,0.012345679012345678,0.039249941765665035,0.016538551129746098,0.008968087584439786,0.02026554856743536,0.023992546005124623,0.6759841602608898,0.038667598416026086,0.01781970649895178,0.05474027486606103,0.02003261122757978,0.012345679012345678,0.01863498718844631,0.04122990915443746,0.053575588166783136,0.09597018402049849,0.127766130910785,0.06662007919869554,0.41567668297228044,0.0737246680642907,0.06801770323782902,0.05741905427440019,CHARLESWOOD,8586,1717.2,7.449032510203956,0.07263831707279005,-0.03155784040771259,2
CIA,0.014488188976377953,0.012598425196850394,0.0031496062992125984,0.0031496062992125984,0.0015748031496062992,0.011968503937007874,0.0028346456692913387,0.004094488188976378,0.012913385826771654,0.9177952755905512,0.0015748031496062992,0.012913385826771654,0.0006299212598425197,0.0,0.0,0.00031496062992125983,0.01669291338582677,0.09291338582677165,0.10551181102362205,0.1883464566929134,0.01826771653543307,0.39086614173228346,0.08346456692913386,0.0925984251968504,0.011338582677165355,CALGARY INTERNATIONAL AIRPORT,3175,635.0,6.455198563340122,0.23711902591497144,0.11869586091374273,3
CIT,0.021965091194351832,0.023337909393998824,0.015493233967444597,0.007354383212394587,0.04147872131790547,0.020984506766032557,0.01892527946656207,0.04079231221808198,0.05452049421455187,0.5220631496371838,0.01402235732496568,0.014120415767797607,0.1518925279466562,0.01892527946656207,0.022357324965679545,0.011767013139831339,0.08648754657776035,0.06462051382624044,0.10619729358697784,0.07668170229456757,0.12777015101000197,0.338301627770151,0.06805255932535792,0.04285153951755246,0.08903706609139046,CITADEL,10198,2039.6,7.620999161241205,0.04734633894281521,-0.017235346089718107,2
CLI,0.021434460016488046,0.012695795548227536,0.00741962077493817,0.019126133553173948,0.021929101401483925,0.0036273701566364386,0.05028854080791426,0.01599340478153339,0.03033800494641385,0.7112943116240725,0.024567188788128608,0.010552349546578731,0.057708161582852434,0.004781533388293487,0.0036273701566364386,0.004616652926628195,0.042704039571310796,0.10700741962077494,0.13338829348722175,0.1259686727122836,0.07139323990107173,0.35696619950535863,0.05012366034624897,0.07106347897774114,0.04138499587798846,CLIFF BUNGALOW,6065,1213.0,7.101675971619444,0.04253069056857416,-0.012791591787208567,3
CNS,0.010733603786342123,0.035496957403651115,0.01707234617985125,0.016734279918864097,0.02412947937795808,0.05514705882352941,0.0002535496957403651,0.029918864097363083,0.05328769438810007,0.6711883029073699,0.0051555104800540905,0.007014874915483435,0.02565077755240027,0.010987153482082488,0.014283299526707234,0.022946247464503043,0.07226166328600406,0.02434077079107505,0.08164300202839757,0.06676808654496282,0.12254901960784313,0.37022481406355645,0.16417342799188642,0.027256592292089248,0.07078262339418526,CORNERSTONE,23664,4732.8,8.46248354161071,0.25511556564766785,0.170834732862863,2
COA,0.01747756258856873,0.019367028814359942,0.005668398677373642,0.00803023145961266,0.00684931506849315,0.02456306093528578,0.011809163911195087,0.050070854983467174,0.04416627302786963,0.6769012753897025,0.023854511100614078,0.01983939537080775,0.04227680680207841,0.01889466225791214,0.024799244213509684,0.00543221539914974,0.09282002834199339,0.04345772319319792,0.06424185167690127,0.12517713745866793,0.056920170051960324,0.4052905054322154,0.07864903164855928,0.07982994803967879,0.053613604156825694,COACH HILL,4234,846.8,6.742644758918536,0.16949215380343266,-0.3093659370114308,2
COL,0.01726869455006337,0.009347275031685679,0.023922686945500635,0.01679340937896071,0.05307351077313054,0.012674271229404309,0.016951837769328265,0.019169835234474016,0.021070975918884665,0.6823510773130546,0.03073510773130545,0.018694550063371358,0.03437896070975919,0.016476552598225603,0.012357414448669201,0.014733840304182509,0.03532953105196451,0.07129277566539924,0.10297845373891001,0.13878326996197718,0.056400506970849175,0.4014575411913815,0.05814321926489227,0.0944233206590621,0.041191381495564006,COLLINGWOOD,6312,1262.4,7.1415617784646,0.09138620050239685,-0.13645552965152152,2
COR,0.020125147979029256,0.02215457466599019,0.015558937933367156,0.01606629460510739,0.028073735836292912,0.0197869101978691,0.009639776763064434,0.014036867918146456,0.03838998816167766,0.6211736851006258,0.010485371215964823,0.013529511246406223,0.07052257737189244,0.03061051919499408,0.03263994588195501,0.03720615592761711,0.05259597497040419,0.06409605952984948,0.10180957212920683,0.09030948756976154,0.11466260781329274,0.3767968882124133,0.07813292744799594,0.04972095383054287,0.07187552849653306,CORAL SPRINGS,5913,1182.6,7.076315920526055,0.10608857796636936,0.19293598961801806,2
COU,0.020440608675902795,0.019759255053372702,0.01680672268907563,0.013627072450601862,0.010220304337951397,0.016125369066545537,0.019532137179196003,0.03770156711333182,0.052237111060640475,0.6395639336815807,0.007040654099477629,0.019986372927549397,0.05246422893481717,0.01680672268907563,0.025210084033613446,0.03247785600726777,0.08494208494208494,0.051101521689756985,0.07585736997501703,0.14194867136043607,0.08766749943220531,0.37769702475584827,0.05655235066999773,0.06677265500794913,0.05746082216670452,COUNTRY HILLS,4403,880.6,6.78173843839865,0.039277276881232386,0.058924678650029705,2
COV,0.024892241379310346,0.022952586206896552,0.02478448275862069,0.018911637931034484,0.031196120689655174,0.021605603448275862,0.024245689655172414,0.03647629310344828,0.05554956896551724,0.5274245689655173,0.011907327586206896,0.014278017241379311,0.0777478448275862,0.021066810344827585,0.03917025862068965,0.04779094827586207,0.08604525862068965,0.08178879310344828,0.10625,0.09100215517241379,0.12155172413793103,0.3089439655172414,0.06988146551724138,0.053125,0.08141163793103448,COVENTRY HILLS,18560,3712.0,8.21959545417708,0.06798674475975185,-0.08543713179132695,2
CPF,0.022842954686530106,0.03153320918684047,0.02265673494723774,0.011111111111111112,0.037492240844196154,0.03078833022967101,0.004965859714463066,0.05661080074487896,0.07312228429546866,0.5495965238981999,0.00707635009310987,0.011483550589695841,0.04854127870887647,0.01930477963997517,0.03314711359404097,0.03972687771570453,0.12104283054003724,0.05704531346989448,0.09242706393544382,0.07411545623836127,0.1026691495965239,0.3432029795158287,0.10484171322160149,0.04084419615145872,0.0638112973308504,COPPERFIELD,16110,3222.0,8.078067881815437,0.1206249052143742,-0.11649579929001241,2
CRA,0.023152690028646547,0.026998391084252248,0.026449005219165718,0.011615586861829456,0.03394419809284621,0.03441510026292038,0.007416709178668132,0.06294392339991367,0.06412117882509909,0.5395754032099831,0.01926774712553467,0.01659930149511439,0.0513675783855904,0.024408429148844328,0.032413766040105166,0.02531099164148648,0.11466467841305969,0.057881725071616374,0.10524663501157634,0.0818977357453989,0.0966526704077228,0.3487030569399207,0.08307499117058431,0.04822823058509595,0.06365027665502491,CRANSTON,25483,5096.6,8.53652511971573,0.09971103650126396,-0.08067823359260728,2
CRE,0.018386920439298314,0.010535208467922278,0.020623167519753516,0.01629975649754013,0.04124633503950703,0.006360880584405904,0.0528251254783084,0.016945783431893853,0.024598717885007206,0.6741042588083288,0.02966754460070566,0.0092928489787805,0.05083735029568156,0.008348655767032748,0.007205685037022313,0.012721761168811808,0.03364309496595935,0.09834517716046315,0.16289817621626995,0.12170153555632858,0.06266461263231128,0.35859464294588284,0.046712716791730856,0.07215623912935447,0.043283804601699546,CRESCENT HEIGHTS,20123,4024.6,8.300429247066067,0.049730581158627135,-0.021878836669657176,2
CRM,0.05192846369316958,0.017022193492781727,0.017022193492781727,0.012281835811247576,0.08726567550096961,0.03145873734109028,0.0030165912518853697,0.05516052574876104,0.048265460030165915,0.5589312648136178,0.013143719026071967,0.014867485455720749,0.04395604395604396,0.018530489118724413,0.02477914242620125,0.002370178840767076,0.09653092006033183,0.11053652230122818,0.07950872656755009,0.06679594914889032,0.06334841628959276,0.36026718379659556,0.13165266106442577,0.04158586511527688,0.049773755656108594,CRESTMONT,4641,928.2,6.834324000896254,0.2899918036318478,-0.5812342221035554,2
CSC,0.01284773837332767,0.04608197069441495,0.017307283924400084,0.009662348693990231,0.03259715438521979,0.040560628583563386,0.005096623486939902,0.02866850711403695,0.06689318326608622,0.6115948184327883,0.006689318326608622,0.009449989382034403,0.04172860479932045,0.014015714589084731,0.02410278190698662,0.032703334041197706,0.08239541303886175,0.036631981312380546,0.07496283712040773,0.07793586748778934,0.1444043321299639,0.3593119558292631,0.11934593331917605,0.03004884264174984,0.07496283712040773,CITYSCAPE,9418,1883.6,7.541470875772656,0.1388086321777975,0.24234107925478554,2
CUR,0.020557029177718834,0.029840848806366047,0.011273209549071617,0.009615384615384616,0.008289124668435014,0.012599469496021221,0.008952254641909815,0.03614058355437666,0.03580901856763926,0.7035809018567639,0.015251989389920425,0.008952254641909815,0.03050397877984085,0.016578249336870028,0.022546419098143235,0.029509283819628647,0.06399204244031831,0.046750663129973474,0.0643236074270557,0.13561007957559681,0.09748010610079576,0.4545755968169761,0.04442970822281167,0.04874005305039788,0.04409814323607427,CURRIE BARRACKS,3016,603.2,6.403905268952571,0.1710028538924795,0.27639102287751527,2
DAL,0.01570425960669863,0.01195191439093878,0.01257730526023209,0.013967062747550553,0.02008199569175179,0.01785838371204225,0.03342366757000903,0.023834340907511638,0.03140851921339726,0.6850114654992704,0.015773747481064554,0.020707386561045097,0.05037870891529428,0.025918977138489334,0.016051698978528248,0.005350566326176082,0.046695851573900354,0.08220415537488708,0.08234313112361893,0.10298102981029811,0.06344242929608783,0.4408310749774164,0.06295601417552638,0.07386561045097631,0.044680703217288585,DALHOUSIE,14391,2878.2,7.9652677567648205,0.13160166882261967,-0.2306533732986651,2
DBC,0.033012379642365884,0.008940852819807428,0.005502063273727648,0.008940852819807428,0.002751031636863824,0.013067400275103164,0.0068775790921595595,0.0041265474552957355,0.019944979367262722,0.8686382393397524,0.0020632737276478678,0.024071526822558458,0.0020632737276478678,0.0,0.0,0.0,0.021320495185694635,0.041953232462173314,0.059147180192572216,0.16162310866574967,0.028198074277854195,0.4779917469050894,0.10797799174690509,0.07702888583218707,0.024759284731774415,DEERFOOT BUSINESS CENTRE,1454,290.8,5.676068636088686,0.11246997425144563,0.12582017320103223,3
DDG,0.028308245338126262,0.01696248034149629,0.010727926308694676,0.009604583239721411,0.021006515389800046,0.01898449786564817,0.016007638732869017,0.03605931251404179,0.03898000449337228,0.5808245338126263,0.02909458548640755,0.02005167378117277,0.09492248932824085,0.02881374971916423,0.023477870141541228,0.02617389350707706,0.0675129184452932,0.04970793080206695,0.09784318130757133,0.08116153673331836,0.12794877555605483,0.3996292967872388,0.07672433161087396,0.04476522129858459,0.054706807458997975,DOUGLASDALE/GLEN,17804,3560.8,8.178021314041905,0.09950594210162009,0.08090821492648104,2
DIA,0.020385050962627407,0.015855039637599093,0.007927519818799546,0.027180067950169876,0.01812004530011325,0.03737259343148358,0.044167610419026046,0.030577576443941108,0.022650056625141562,0.5956964892412231,0.03284258210645526,0.01925254813137033,0.06681766704416761,0.031710079275198186,0.015855039637599093,0.013590033975084938,0.04303510758776897,0.07361268403171008,0.11098527746319366,0.07474518686296716,0.09399773499433749,0.3929784824462061,0.1347678369195923,0.03737259343148358,0.03850509626274066,DIAMOND COVE,883,176.6,5.17953383055807,0.08299012892666484,-0.09853252416079705,2
DIS,0.025413186422605295,0.019015461169362004,0.010662875422072152,0.01137373378354363,0.017060600675315445,0.01741602985605118,0.00906344410876133,0.047449795628221075,0.04833836858006042,0.6452816776257331,0.025590901012973163,0.010129731650968544,0.05313666251999289,0.016172027723476097,0.04158521414608139,0.0023102896747822996,0.09134529944908477,0.05633552514661454,0.12564421539008352,0.08317042829216278,0.08174871156921984,0.4137195663763995,0.0669984005686867,0.034654345121734494,0.04638350808601386,DISCOVERY RIDGE,5627,1125.4,7.026781985403778,0.0939318700795785,-0.03650040221952633,2
DNC,0.031508979739662116,0.004921280811265685,0.0014273844777264108,0.010779948443724834,0.004623021368158674,0.01742687317582394,0.06124970706661838,0.003813460022582501,0.009757344638786511,0.8407720658727285,0.00611431858369373,0.005922580370267794,0.0013634717399177655,0.00012782547561729054,8.521698374486034e-05,0.00010652122968107543,0.022965977119239863,0.07733441274846077,0.14633886533586143,0.09395172457870854,0.009033000276955198,0.5145188436055306,0.06395534630051769,0.06595794541852192,0.00594388461620401,DOWNTOWN COMMERCIAL CORE,46939,9387.8,9.147272768508607,0.15906251011701808,-0.04286615467650101,3
DNE,0.01991786447638604,0.021560574948665298,0.001437371663244353,0.11190965092402463,0.003080082135523614,0.00215605749486653,0.05708418891170431,0.020431211498973305,0.046406570841889115,0.7034907597535934,0.003593429158110883,0.006981519507186858,0.0009240246406570842,0.0003080082135523614,0.0,0.0007186858316221766,0.0526694045174538,0.13059548254620124,0.3517453798767967,0.0955852156057495,0.005852156057494866,0.2816221765913758,0.019609856262833677,0.060369609856262836,0.0019507186858316221,DOWNTOWN EAST VILLAGE,9740,1948.0,7.575071699507561,0.19056171656335305,0.37242330090687137,3
DNW,0.014949626259343516,0.018199545011374715,0.005037374065648359,0.015112122196945077,0.009424764380890478,0.004712382190445239,0.18053298667533313,0.026161845953851154,0.048423789405264865,0.6620084497887553,0.0056873578160545986,0.009099772505687357,0.0004874878128046799,0.00016249593760155997,0.0,0.0,0.06256093597660059,0.14835879103022426,0.22911927201819954,0.09571010724731882,0.012349691257718558,0.35619109522261944,0.028761780955476112,0.06321091972700682,0.003737406564835879,DOWNTOWN WEST END,6154,1230.8,7.116231793252942,0.09417827734308146,0.09900907828834793,3
DOV,0.014270524371817113,0.016732889361463988,0.02277687615423359,0.03033185964519559,0.02445576137444737,0.013878784487100565,0.019978734120543958,0.02277687615423359,0.03430522133303487,0.6088197436901898,0.009289831551849571,0.016397112317421234,0.08176171022441099,0.019866808439196373,0.02747775477083217,0.03687951200402932,0.054899546700990544,0.092282724271084,0.14287313224019252,0.07834797694330964,0.11550730315070792,0.3252560299960826,0.05215736750797471,0.056522469080530525,0.08215345010912754,DOVER,17869,3573.8,8.181664509507238,0.05413135761585636,-0.041178083499561424,2
DRG,0.02449624654286843,0.017779533781114184,0.012050572896088503,0.011655472145397076,0.013235875148162782,0.014223627024891347,0.03081785855393125,0.03476886606084552,0.040497826945871195,0.6029237455551165,0.0150138285262742,0.019755037534571317,0.05906756222836823,0.043263532200711184,0.026669300671671278,0.03378111418411695,0.07190833662583959,0.06993283287238246,0.11319636507309364,0.09403397866455947,0.11339391544843935,0.3360331884630581,0.05077044646384828,0.08316870802054524,0.0675622283682339,DEER RIDGE,5062,1012.4,6.921066293041809,0.07863212216708479,-0.07184142539918259,2
DRN,0.01681839222342231,0.016972689399783983,0.01203517975621046,0.008486344699891991,0.025150439746952632,0.018207066810677363,0.04011726585403487,0.03317389291775961,0.032556704212312916,0.5528467829038729,0.028390680450547753,0.029007869155994445,0.09550995216787533,0.05168955408116031,0.018052769634315693,0.020984415985187473,0.05446690325567042,0.05647276654837217,0.11186545286221262,0.07421694182996451,0.13825027002005863,0.37108470914982256,0.06819935195185928,0.0669649745409659,0.05847862984107391,DEER RUN,6481,1296.2,7.167963374433163,0.05850183088257602,0.08875085692245044,2
EAG,0.01012292118582791,0.0021691973969631237,0.01012292118582791,0.006507592190889371,0.0,0.0028922631959508315,0.010845986984815618,0.007953723788864787,0.005061460592913955,0.8127259580621836,0.02675343456254519,0.06290672451193059,0.010845986984815618,0.013015184381778741,0.008676789587852495,0.009399855386840203,0.009399855386840203,0.05567606652205351,0.07881417208966016,0.2313810556760665,0.03036876355748373,0.4569775849602314,0.04266088214027477,0.07953723788864786,0.015184381778741865,EAGLE RIDGE,1383,276.6,5.62618122863265,0.25279656420532426,0.33514860969070437,3
EAU,0.038203874705775846,0.020459894984609813,0.001810610175629187,0.012674271229404309,0.0032590983161325366,0.010682600036212204,0.08093427485062465,0.021727322107550243,0.03766069165308709,0.7447039652362847,0.016114430563099764,0.008690928843020097,0.0007242440702516748,0.0005431830526887561,0.0009053050878145935,0.0009053050878145935,0.055585732391816044,0.10411008509867825,0.1761723700887199,0.08564186130726055,0.0034401593336954553,0.4836139779105559,0.041462973021908385,0.043997827267789245,0.005975013579576317,EAU CLAIRE,5523,1104.6,7.008143453013405,0.09285579729059706,0.05394464370917085,3
EDG,0.017756435311854377,0.017644759618069127,0.014406164498296946,0.009659947512423921,0.024624490479647106,0.018091462393210116,0.012675191244625607,0.0330560053604333,0.03791389804009158,0.637221508738623,0.022390976603942153,0.023898598470042994,0.07878720196549222,0.0236752470824725,0.021274219666089677,0.006923893014685354,0.06203584789770506,0.06181249651013457,0.08353341895136523,0.09570606957395723,0.0867161762242448,0.4178346082975041,0.06884806521860518,0.06583282148640349,0.057680495840080406,EDGEMONT,17909,3581.8,8.18389989660104,0.08611628029241836,-0.1378350954948253,2
EFI,0.007361963190184049,0.008588957055214725,0.00245398773006135,0.00245398773006135,0.01717791411042945,0.0049079754601227,0.023312883435582823,0.0196319018404908,0.04539877300613497,0.8613496932515338,0.001226993865030675,0.0036809815950920245,0.00245398773006135,0.0,0.0,0.0,0.05766871165644172,0.046625766871165646,0.06012269938650307,0.1361963190184049,0.026993865030674847,0.4822085889570552,0.08834355828220859,0.0834355828220859,0.018404907975460124,EASTFIELD,815,163.0,5.099866427824199,0.1659279550466076,-0.26953275394610365,3
EFV,0.012857142857142857,0.003142857142857143,0.005714285714285714,0.007142857142857143,0.002857142857142857,0.004857142857142857,0.011428571428571429,0.0017142857142857142,0.006857142857142857,0.9257142857142857,0.0025714285714285713,0.014,0.0008571428571428571,0.0,0.00028571428571428574,0.0,0.009142857142857144,0.18542857142857141,0.30228571428571427,0.12314285714285714,0.006285714285714286,0.25314285714285717,0.048,0.06914285714285714,0.0034285714285714284,EAST FAIRVIEW INDUSTRIAL,3500,700.0,6.55250788703459,0.06675419424260616,0.09929069429075099,3
EPK,0.026351351351351353,0.006853281853281853,0.009266409266409266,0.012162162162162163,0.017953667953667953,0.006563706563706564,0.027123552123552122,0.017664092664092666,0.01447876447876448,0.6306949806949806,0.041795366795366794,0.018243243243243244,0.11756756756756757,0.017277992277992277,0.015154440154440155,0.02084942084942085,0.029343629343629343,0.06052123552123552,0.11081081081081082,0.14488416988416988,0.10984555984555984,0.3727799227799228,0.03822393822393822,0.06013513513513514,0.07345559845559846,ELBOW PARK,10360,2072.0,7.636752112435779,0.08507292375869167,0.14887065857339898,2
ERI,0.015284111919142118,0.021447060273634907,0.02107728337236534,0.021570319240724764,0.01873536299765808,0.014421299149513128,0.01935165783310736,0.02551460618760015,0.044249969185258226,0.5881917909527918,0.015160852952052262,0.014791076050782694,0.10415382719092814,0.01725625539257981,0.023049426845803033,0.03574510045605818,0.06655984222852213,0.08899297423887588,0.12399852089239492,0.08295328485147295,0.12597066436583262,0.3039566128435844,0.064957475656354,0.06680636016270183,0.07580426476026131,ERIN WOODS,8113,1622.6,7.392401184964743,0.06427012600336234,-0.04701586653977152,2
ERL,0.02239328201539538,0.009330534173081408,0.010963377653370656,0.020293911826452064,0.022626545369722417,0.006531373921156987,0.03988803358992302,0.028458129227898296,0.030557499416841615,0.701656169815722,0.031490552834149754,0.018427804991835783,0.02985770935386051,0.006064847212502915,0.009330534173081408,0.01212969442500583,0.05271751807790996,0.10216934919524143,0.15465360391882435,0.14485654303708886,0.04711919757406111,0.3629577793328668,0.029624445999533473,0.0748775367389783,0.031024026125495683,ERLTON,4287,857.4,6.755070191316489,0.06276800031392665,0.05885799615191534,3
ESH,0.020740313985308945,0.012386576407892841,0.002304479331700994,0.014547025781362523,0.010082097076191848,0.011234336742042345,0.0031686590810888664,0.006625378078640358,0.02117240386000288,0.8739737865476019,0.0010082097076191847,0.02189255365115944,0.0007201497911565605,0.0,0.0,0.00014402995823131211,0.02664554227279274,0.04897018579864612,0.04969033558980268,0.15900907388736857,0.07460751836381968,0.4103413510010082,0.10125306063661242,0.09664410197321043,0.03283883047673916,EAST SHEPARD INDUSTRIAL,6943,1388.6,7.236771214926895,0.09089391636101239,-0.07247148913521873,3
EVE,0.018156499384071555,0.028707621445021692,0.014246692732044347,0.010604681056183386,0.0371699426918751,0.029028975416421188,0.009908414118151144,0.04718547480049274,0.06710942102726153,0.5483369931980077,0.016067698569974826,0.020298859193401533,0.07492903433131594,0.029511006373520433,0.022012747040865515,0.026725938621391464,0.10363665577633764,0.06341385035616731,0.09506721653901773,0.08655133629693107,0.0972095763483477,0.3449734882973595,0.07766054308821166,0.06218199346580258,0.06930533983182476,EVERGREEN,18671,3734.2,8.225556643656727,0.11185809297374812,-0.17067891871827,2
EVN,0.0245607406007935,0.02446627621386737,0.026024938598148497,0.013083317589268846,0.02786699414320801,0.03622709238617041,0.011996977139618364,0.05223880597014925,0.06262988853202343,0.5912525977706404,0.009257509918760627,0.013933497071604005,0.051530323068203286,0.013413942943510296,0.03164556962025317,0.009871528433780466,0.10627243529189495,0.06083506518042698,0.09040241828830531,0.09994332136784433,0.06999811071226147,0.36623842811260154,0.10405252219913093,0.04765728320423201,0.05460041564330247,EVANSTON,21172,4234.4,8.351233053629482,0.11517037948276264,-0.13864649329129186,2
EYA,0.010215411947590495,0.009771263602043083,0.019542527204086165,0.01243615367532756,0.033311125916055964,0.006440151010437486,0.03664223850766156,0.016655562958027982,0.020874972240728405,0.6224739062846991,0.03753053519875638,0.015323117921385743,0.10170997113035754,0.013768598711969797,0.018210082167443926,0.025094381523428824,0.03153453253386631,0.08572063069065068,0.124805685098823,0.1281367976904286,0.11570064401510105,0.3211192538307795,0.045081057073062404,0.07172995780590717,0.0761714412613813,ELBOYA,4503,900.6,6.804170962725567,0.07029007157868382,-0.00787405643090544,2
FAI,0.014985163204747775,0.012462908011869436,0.014540059347181009,0.015578635014836795,0.025074183976261127,0.021810089020771514,0.034718100890207715,0.027002967359050445,0.031008902077151335,0.6405044510385757,0.04584569732937686,0.018694362017804153,0.052967359050445105,0.01943620178041543,0.011869436201780416,0.013501483679525222,0.05163204747774481,0.06676557863501484,0.10905044510385757,0.09540059347181008,0.06899109792284866,0.4129080118694362,0.07181008902077152,0.07774480712166172,0.0456973293768546,FAIRVIEW,6740,1348.0,7.207118856207756,0.0615704657990742,-0.10591503700130289,2
FAL,0.01406926406926407,0.018016297428062135,0.027756557168321875,0.033995416348357524,0.024509803921568627,0.012859689330277566,0.009994907053730583,0.01585179526355997,0.04246243952126305,0.6487776928953399,0.005793226381461676,0.007639419404125287,0.07518461930226636,0.01413292589763178,0.020053475935828877,0.028902470078940666,0.05220269926152279,0.09657499363381716,0.11866564807741278,0.09345556404379934,0.1817545199898141,0.27304558186911126,0.056659027247262544,0.05869620575502928,0.0689457601222307,FALCONRIDGE,15708,3141.6,8.052805761756032,0.16055984512905985,0.1279130496104024,2
FHI,0.01466316226310693,0.01134320099598838,0.0009683220362429105,0.005809932217457463,0.0012449854751694564,0.009544888642965831,0.010236547240282197,0.006778254253700373,0.024346382625536036,0.888504634112602,0.009544888642965831,0.01604647945773966,0.0008299903167796375,0.00013833171946327292,0.0,0.0,0.02877299764836077,0.040531193802738966,0.05021441416516807,0.13888504634112603,0.054087702310139714,0.5029741319684604,0.0669525522202241,0.0771890994605063,0.040392862083275693,FOOTHILLS,7229,1445.8,7.277109500077943,0.06304421637034284,0.11034805716886531,3
FHT,0.012203626220362623,0.016736401673640166,0.027429102742910275,0.0299860529986053,0.015574151557415155,0.01104137610413761,0.03881915388191539,0.015922826592282658,0.038702928870292884,0.5874012087401209,0.013714551371455138,0.016271501627150162,0.08344955834495583,0.024523477452347744,0.027661552766155277,0.040562529056252905,0.050557880055788006,0.10192933519293353,0.1285448628544863,0.08705253370525337,0.1290097629009763,0.31299395629939564,0.04637377963737797,0.060669456066945605,0.08286843328684333,FOREST HEIGHTS,8604,1720.8,7.451125534223854,0.044221669614182155,-0.07239810755229836,2
FLI,0.014719411223551058,0.013799448022079117,0.010119595216191352,0.028058877644894203,0.003219871205151794,0.0078196872125115,0.02207911683532659,0.007359705611775529,0.021159153633854646,0.8459061637534498,0.0027598896044158236,0.00919963201471941,0.004599816007359705,0.0,0.00045998160073597056,0.008739650413983441,0.03311867525298988,0.10855565777368906,0.16973321067157313,0.09475620975160993,0.06301747930082796,0.3610855565777369,0.05335786568537258,0.07543698252069918,0.04093836246550138,FOREST LAWN INDUSTRIAL,2174,434.8,6.07718342251052,0.18914838295342287,0.0704429506423967,3
FLN,0.01393565766979226,0.010982748795524012,0.020255918769103248,0.03377713308812102,0.02445215769569497,0.011604413821685748,0.027301455732269594,0.010257472931668652,0.023571465575299176,0.6762161322074289,0.0076153965704812724,0.010464694607055899,0.06859037455317826,0.014764544371341242,0.022069108428741647,0.024141325182614103,0.029580894161529297,0.11096720716986996,0.14723100036263792,0.07169869968398694,0.11231414805988707,0.32798010671916283,0.06263275138579495,0.06024970211884163,0.07734549033828939,FOREST LAWN,19303,3860.6,8.258836884346284,0.04332091666028674,-0.08313813867503583,2
FPK,0.04026354319180088,0.0,0.005856515373352855,0.010248901903367497,0.0014641288433382138,0.0014641288433382138,0.06881405563689605,0.0007320644216691069,0.0014641288433382138,0.8389458272327965,0.014641288433382138,0.016105417276720352,0.0,0.0,0.0,0.0,0.0029282576866764276,0.05929721815519766,0.1398243045387994,0.22986822840409957,0.0014641288433382138,0.42093704245973645,0.019765739385065886,0.1259150805270864,0.0,FISH CREEK PARK,1366,273.2,5.613857767128214,0.12005075323654625,0.11842757322300912,3
FRA,0.010890454836643177,0.004484304932735426,0.003843689942344651,0.014734144778987828,0.01185137732222934,0.010249839846252402,0.02114029468289558,0.004804612427930814,0.01057014734144779,0.874439461883408,0.003523382447149263,0.02242152466367713,0.0025624599615631004,0.0016015374759769379,0.0016015374759769379,0.0012812299807815502,0.01569506726457399,0.06406149903907751,0.08135810377962845,0.1393337604099936,0.01825752722613709,0.48302370275464446,0.10153747597693787,0.0800768737988469,0.016655989750160152,FRANKLIN,3122,624.4,6.438391445023741,0.07970445106980548,0.0016570012076293494,3
FVI,0.017663588920112404,0.005620232838217583,0.004817342432757929,0.00923323966278603,0.006824568446407065,0.009634684865515858,0.030509835407466882,0.008831794460056202,0.01645925331192292,0.851063829787234,0.006423123243677238,0.031714171015656364,0.0008028904054596548,0.0,0.0,0.0004014452027298274,0.02408671216378964,0.05660377358490566,0.0762745885186672,0.1437173825772782,0.03291850662384584,0.4588518667201927,0.09152950622240064,0.0983540746688077,0.017663588920112404,FAIRVIEW INDUSTRIAL,2491,498.2,6.213006817055218,0.07979070558434902,-0.027908788117076533,3
GAG,0.015434314429289303,0.014357501794687724,0.002512562814070352,0.009691313711414214,0.013639626704953339,0.013639626704953339,0.01722900215362527,0.0524048815506102,0.04845656855707107,0.6066044508255564,0.024766690595836326,0.02799712849964106,0.059224694903086864,0.021536252692031587,0.03445800430725054,0.03804737975592247,0.09188801148600144,0.043431442928930364,0.04379038047379756,0.2074659009332376,0.10552763819095477,0.29827709978463746,0.0312275664034458,0.12132089016511127,0.057071069633883705,GARRISON GREEN,2786,557.2,6.324717321102222,0.05043359902702341,0.010801185117347956,2
GAW,0.01873536299765808,0.017670853736427506,0.005748350010645093,0.009154779646582926,0.016606344475196936,0.02384500745156483,0.03129657228017884,0.04343197785820737,0.03640621673408559,0.5754737066212476,0.04300617415371514,0.023206301894826486,0.08941877794336811,0.01362571854375133,0.02022567596338088,0.032148179689163295,0.07685756866084735,0.0570576964019587,0.056418990845220354,0.13859910581222057,0.10496061315733447,0.37960400255482224,0.06685118160527996,0.05194805194805195,0.06770278901426442,GARRISON WOODS,4697,939.4,6.846305316665914,0.03882614210074058,0.023593587698726992,2
GBK,0.01731564438318401,0.014903514817367333,0.01791867677463818,0.015592694693314955,0.037560303239145415,0.015075809786354238,0.010854583046175051,0.032477601654031706,0.037215713301171606,0.6385251550654721,0.027825637491385252,0.015937284631288767,0.05099931082012405,0.021364576154376293,0.022139903514817368,0.024293590627153687,0.059786354238456234,0.0786526533425224,0.1001895244658856,0.08640592694693315,0.09424534803583735,0.4043762922122674,0.07391454169538249,0.04789800137835975,0.054531357684355616,GLENBROOK,11608,2321.6,7.750442526811657,0.04367218666135057,-0.061331826162475345,2
GDL,0.015704387990762125,0.008545034642032332,0.021593533487297922,0.02066974595842956,0.037066974595842954,0.0151270207852194,0.013279445727482679,0.01766743648960739,0.01905311778290993,0.6467667436489607,0.032448036951501155,0.014549653579676674,0.07678983833718245,0.023556581986143188,0.013625866050808315,0.023556581986143188,0.03302540415704388,0.05912240184757506,0.129445727482679,0.09861431870669746,0.10103926096997691,0.38556581986143185,0.06963048498845266,0.06327944572748267,0.060277136258660505,GLENDALE,8660,1732.0,7.457609289715606,0.04231160237971962,-0.05305820308540543,2
GLA,0.0186787674124103,0.01340227944280287,0.016779231743351625,0.018467707893626003,0.03334740396791895,0.015829463908822287,0.015301815111861544,0.029653862389193753,0.03493035035880118,0.6710637399746728,0.027859856479527226,0.023005487547488393,0.0412621359223301,0.018362178134233853,0.008864499788940482,0.013191219924018574,0.05783030814689742,0.06490080202617138,0.10510764035457999,0.1344449134655973,0.06563951034191642,0.4102997045166737,0.058885605740818914,0.07176023638666104,0.031131279020683834,GLAMORGAN,9476,1895.2,7.5476071624838585,0.13431973533061844,0.04730138776403692,2
GLR,0.008148483476686284,0.06247170665459484,0.013354459031235853,0.015391579900407425,0.0377999094612947,0.00882752376641014,0.000679040289723857,0.025803531009506563,0.024219103666817565,0.7453598913535536,0.00022634676324128565,0.004526935264825713,0.006790402897238569,0.02082390221819828,0.024671797193300135,0.0009053870529651426,0.008148483476686284,0.00882752376641014,0.11385242191036668,0.08035310095065641,0.31598008148483475,0.4182888184698959,0.012222725215029425,0.01607062019013128,0.026256224535989137,GLACIER RIDGE,4418,883.6,6.785135565434226,0.8507313932999968,2.9518835838680646,1
GPI,0.013473930872876391,0.012888107791446984,0.0035149384885764497,0.005858230814294083,0.008201523140011716,0.009373169302870533,0.0046865846514352666,0.007615700058582308,0.022847100175746926,0.8963093145869947,0.0005858230814294083,0.014645577035735208,0.0,0.0,0.0,0.0,0.02753368482718219,0.02460456942003515,0.04159343878148799,0.17398945518453426,0.014059753954305799,0.46104276508494435,0.19332161687170474,0.05506736965436438,0.008787346221441126,GREAT PLAINS,1707,341.4,5.835979644267587,0.15122010416068915,-0.12107793155323598,3
GPK,0.03363424577751893,0.00029120559114735004,0.00043680838672102506,0.006988934187536401,0.00043680838672102506,0.0021840419336051253,0.035527082119976704,0.00043680838672102506,0.00029120559114735004,0.8814793244030286,0.020966802562609202,0.015579499126383227,0.0,0.0005824111822947001,0.00029120559114735004,0.0008736167734420501,0.001601630751310425,0.061444379732090854,0.08576004659289459,0.15725101921956902,0.031304601048340125,0.5719277810133955,0.009172976121141527,0.058677926616191034,0.022859638905066978,GLENMORE PARK,6868,1373.6,7.225918058687505,0.13058427937339245,0.13018177988730528,3
GRE,0.01357862461673237,0.031099430573806396,0.007446342531756461,0.003942181340341655,0.005256241787122208,0.00788436268068331,0.010074463425317565,0.04204993429697766,0.07840560665790626,0.7139728427507666,0.001314060446780552,0.008322382829610162,0.029785370127025843,0.02014892685063513,0.00700832238282961,0.01971090670170828,0.11695137976346912,0.040735873850197106,0.08672798948751642,0.06657906263688129,0.06657906263688129,0.4472185720543145,0.11038107752956636,0.023653088042049936,0.04117389399912396,GREENWOOD/GREENBRIAR,2283,456.6,6.125995440065588,0.15298288736571058,-0.07257069283483553,2
GRI,0.012207956219743212,0.010524100189433803,0.007156388128814986,0.018311934329614817,0.009261208166701748,0.00799831614396969,0.02189012839402231,0.004420122079562197,0.016207114291728057,0.8657124815828247,0.00589349610608293,0.017049042306882763,0.0018943380340980846,0.0,0.0,0.0014733740265207324,0.02715217848873921,0.08019364344348558,0.11534413807619448,0.12881498631866975,0.07787834140181014,0.3849715849294885,0.05388339296990107,0.08208798147758367,0.04967375289412755,GREENVIEW INDUSTRIAL PARK,4751,950.2,6.857724345376572,0.1076816550986876,0.07261876860225414,3
GRV,0.022797527047913446,0.022797527047913446,0.01970633693972179,0.020479134466769706,0.028979907264296754,0.006568778979907265,0.015069551777434312,0.02704791344667697,0.05564142194744977,0.669629057187017,0.00927357032457496,0.015842349304482226,0.039799072642967545,0.007341576506955177,0.011978361669242658,0.02704791344667697,0.07187017001545595,0.07727975270479134,0.12287480680061824,0.10432766615146831,0.06800618238021638,0.4072642967542504,0.03438948995363215,0.0687789799072643,0.045208655332302936,GREENVIEW,2588,517.6,6.251132873104564,0.04996361630678396,-0.010747538723581584,2
HAM,0.021890547263681594,0.02103766879886283,0.03695806680881308,0.007107320540156361,0.03880597014925373,0.01648898365316276,0.013077469793887705,0.032409381663113,0.047619047619047616,0.5735607675906184,0.013361762615493959,0.023169864960909736,0.10660980810234541,0.02515991471215352,0.01648898365316276,0.006254442075337598,0.06780383795309168,0.05955934612651031,0.09992892679459843,0.07562189054726368,0.10035536602700781,0.3998578535891969,0.06240227434257285,0.06368159203980099,0.07078891257995736,HAMPTONS,7035,1407.0,7.249925536717988,0.10307820267398712,-0.12576226272674873,2
HAR,0.017851550266207328,0.026203152729930054,0.023175696836830566,0.01482409437310784,0.021087796220899884,0.02275811671364443,0.020357031005324145,0.05136235515189477,0.05668650172251801,0.5833594320910325,0.013780144065142498,0.016285624804259317,0.06649963461739221,0.018582315481783067,0.021505376344086023,0.025681177575947386,0.10063680968785886,0.060131537738803635,0.09980164944148659,0.08529074016076835,0.09896648919511432,0.3660089779726485,0.07704353272784216,0.05188433030587744,0.06023593276960017,HARVEST HILLS,9579,1915.8,7.55841240792113,0.07128009834545412,-0.05433958951382323,2
HAW,0.015363385464581417,0.017939282428702852,0.01297148114075437,0.012235510579576817,0.028702851885924564,0.02391904323827047,0.014167433302667893,0.03357865685372585,0.041214351425942965,0.6057957681692733,0.022539098436062558,0.021619135234590615,0.08380864765409383,0.02796688132474701,0.030266789328426864,0.007911683532658694,0.06761729530818768,0.061821527138914444,0.09190432382704691,0.08169273229070838,0.09751609935602576,0.4021159153633855,0.07157313707451701,0.058509659613615456,0.0672493100275989,HAWKWOOD,10870,2174.0,7.684783943522785,0.06885526638244625,-0.13510384118877017,2
HAY,0.016645497693696103,0.013503576442275553,0.017447690353633263,0.015107961762149876,0.026338659001270137,0.021191256100006686,0.024466876128083428,0.028678387592753526,0.03215455578581456,0.6596029146333311,0.023263587138177687,0.018717828731867104,0.04839895714954208,0.025335918176348688,0.012968781335650778,0.016177551975399426,0.05488334781736747,0.06511130423156627,0.10408449762684671,0.10615682866501772,0.07273213450096931,0.40270071528845514,0.08021926599371616,0.06517815361989437,0.048933752256166856,HAYSBORO,14959,2991.8,8.003964683033937,0.05695964103475317,-0.07231266161162608,2
HID,0.02254925231426537,0.019700925706147638,0.015032834876176912,0.008228499090117889,0.02674262204288314,0.020017406440382943,0.019780045889706464,0.03647440462061872,0.0437534615080307,0.6268692143365773,0.017643800933618167,0.016931719281588733,0.07010048263311972,0.01677347891447108,0.02903710736608909,0.010364744046206187,0.07231584777276684,0.061001661523854736,0.0920958936624733,0.11472426616029749,0.08489595695862015,0.38412849117809955,0.06297966611282538,0.075876256032914,0.05198196059814859,HIDDEN VALLEY,12639,2527.8,7.835500160901408,0.03859228381366747,-0.035725252114445105,2
HIF,0.012099213551119177,0.012401693889897156,0.007864488808227465,0.007259528130671506,0.01119177253478524,0.007259528130671506,0.015426497277676952,0.013006654567453115,0.024198427102238355,0.8611615245009074,0.0102843315184513,0.013006654567453115,0.003629764065335753,0.0006049606775559589,0.00030248033877797946,0.00030248033877797946,0.03569267997580157,0.04748941318814277,0.07320024198427103,0.12401693889897157,0.04083484573502722,0.48306110102843314,0.1191772534785239,0.03901996370235935,0.03750756200846945,HIGHFIELD,3306,661.2,6.495567625113146,0.09937871729937746,-0.04154443577480116,3
HIL,0.018480007562151433,0.010161640986860761,0.009027318272048397,0.01843274411570092,0.04258436525191417,0.007798468664335003,0.06475092163720579,0.02112676056338028,0.021363077795632856,0.6678324983457794,0.022733717742697796,0.010728802344266944,0.05988278665280272,0.005624350127611305,0.00987806030815767,0.00959447962945458,0.03639285376689668,0.09230551091785613,0.14632763021079498,0.1392381132432177,0.05553454957935532,0.3386425938179412,0.05874846393799036,0.07940259003686549,0.05340769448908214,HILLHURST,21158,4231.6,8.350571740426354,0.07027499960147965,-0.02301983917192807,2
HIW,0.011546642357945914,0.010027347310847767,0.02506836827711942,0.021725919173503496,0.030537830446672742,0.010938924339106655,0.01701610452749924,0.01610452749924035,0.026587663324217563,0.6756305074445458,0.033272561531449404,0.011394712853236098,0.06046794287450623,0.014585232452142206,0.01276207839562443,0.022333637192342753,0.03403220905499848,0.07976298997265269,0.14767547857793983,0.09085384381646916,0.07034336068064419,0.38407778790641145,0.05849285931327864,0.06897599513825585,0.06578547553934974,HIGHWOOD,6582,1316.4,7.183415376206592,0.09397027166371259,-0.05820938608592385,2
HKS,0.007417397167902899,0.07349966284558328,0.01753202966958867,0.016183412002697236,0.03843560350640594,0.0,0.0,0.004720161834120027,0.01078894133513149,0.7403910991233985,0.0,0.004720161834120027,0.004045853000674309,0.024275118004045852,0.023600809170600135,0.03438975050573163,0.0020229265003371545,0.007417397167902899,0.10991233985165205,0.08361429534726905,0.48482805124747136,0.28927848954821306,0.006068779501011463,0.016857720836142953,0.0,HOTCHKISS,1483,296.6,5.6957503029589365,1.3020722860609035,3.1625839085758134,1
HOR,0.012535910159310526,0.008618438234525986,0.003656307129798903,0.014364063724209977,0.008096108644554715,0.010707756594411073,0.012535910159310526,0.007573779054583442,0.018281535648994516,0.8824758422564638,0.002872812744841995,0.015669887699138157,0.0023504831548707234,0.0,0.0,0.00026116479498563595,0.026638809088534866,0.0770436145207626,0.09219117262992949,0.1773308957952468,0.021937842778793418,0.45468790806999215,0.05771741969182554,0.08122225124053277,0.011230086184382345,HORIZON,3829,765.8,6.6422260111714895,0.11137614507297472,0.10315726497310873,3
HOU,0.016129032258064516,0.00771889400921659,0.02108294930875576,0.023847926267281105,0.022465437788018433,0.00944700460829493,0.0369815668202765,0.01347926267281106,0.01762672811059908,0.6861751152073733,0.0293778801843318,0.020967741935483872,0.06474654377880185,0.011751152073732719,0.007142857142857143,0.011059907834101382,0.026728110599078342,0.08744239631336405,0.1261520737327189,0.11785714285714285,0.07246543778801844,0.4066820276497696,0.04804147465437788,0.0706221198156682,0.044009216589861753,HOUNSFIELD HEIGHTS/BRIAR HILL,8680,1736.0,7.459914766241105,0.06700376047739791,-0.04996631427848097,2
HPK,0.01095533593809852,0.011415000383053705,0.028192752623917874,0.015705201869302077,0.03730943078219567,0.009652953344058838,0.009423121121581246,0.01555198038765035,0.021374396690415996,0.7127863326438366,0.017773691871600397,0.010342450011491611,0.05209530376158737,0.009882785566536429,0.015705201869302077,0.021834061135371178,0.0319466789243852,0.13253658162874435,0.25526698843177814,0.06849000229832222,0.06940933118823259,0.2838427947598253,0.051712250057458053,0.04956714931433387,0.05722822339692025,HIGHLAND PARK,13053,2610.6,7.8677183393124785,0.0949612460333885,0.14702801251283493,2
HSD,0.013007122948281201,0.06813254877671106,0.006503561474140601,0.005884174667079591,0.010529575720037163,0.0192009910188913,0.0006193868070610096,0.022297925054196345,0.04242799628367916,0.7104366676989781,0.0,0.004645401052957572,0.010839269123567669,0.021059151440074326,0.029111179931867452,0.035305048002477545,0.0322081139671725,0.0012387736141220192,0.05326726540724683,0.055744812635490866,0.3161969650046454,0.41715701455558996,0.04955094456488077,0.005884174667079591,0.06875193558377207,HOMESTEAD,3229,645.8,6.472037127702952,0.7115820083078168,1.8063720318532814,1
HSN,0.018363551836355185,0.04509530450953045,0.012319851231985124,0.008135750813575081,0.012552301255230125,0.018363551836355185,0.005346350534635054,0.07136215713621571,0.023709902370990237,0.7052533705253371,0.0016271501627150163,0.011157601115760111,0.007438400743840074,0.014876801487680148,0.03765690376569038,0.006741050674105067,0.059274755927475595,0.005811250581125058,0.07415155741515574,0.050441655044165506,0.27568572756857274,0.41352859135285913,0.044630404463040445,0.007670850767085077,0.06880520688052069,HASKAYNE,4302,860.4,6.75855897262001,0.5880816760806609,1.276889591109505,1
HUN,0.014384072271192387,0.012279086085164233,0.01903258343200456,0.0218392316800421,0.024163487260448188,0.013857825724685349,0.027715651449370698,0.017716967065736965,0.03034688418190589,0.6480287681445424,0.013682410209183002,0.01688374336710082,0.08191904573959567,0.017980090338990482,0.013638556330307416,0.02653159671972986,0.043196070692452744,0.07678814191115205,0.11029250537210017,0.09402271630925756,0.10112704468710257,0.3862211112572907,0.05565057229311933,0.06174626145682586,0.07095557602069903,HUNTINGTON HILLS,22803,4560.6,8.425428718158408,0.04462646647828176,-0.0684720221844497,2
ING,0.03213590132006059,0.010116857822982038,0.011252975546418523,0.01455312702878165,0.01493183293659381,0.01130707639039169,0.1106903267690976,0.01942220298636659,0.02434537978792469,0.65840727115343,0.029268556589482797,0.005355983553343432,0.026293010170958666,0.008223328283921229,0.0104955637307942,0.0132006059294525,0.040305128760008656,0.10495563730794201,0.1594892880328933,0.10879679723003678,0.04950227223544687,0.39796580826660893,0.05226141527807834,0.058753516554858255,0.027970136334126813,INGLEWOOD,18484,3696.8,8.215493327196253,0.05843811542358252,0.02292324655817879,3
KCA,0.020497574714442184,0.029729306837740572,0.02253168518228759,0.014238773274917854,0.03176341730558598,0.025035205758097326,0.009701142231262713,0.04631513065248005,0.07667031763417305,0.5474886559223908,0.019715224534501644,0.011578782663120013,0.08965733062118604,0.013299953058989204,0.0359881082772649,0.0057893913315600065,0.11516194648724769,0.060397433891409794,0.0905961508371147,0.0699421060866844,0.09153497105304334,0.3892974495384134,0.06853387576279142,0.05210452198404006,0.0624315443592552,KINCORA,6391,1278.2,7.1539901615197445,0.07912071024904188,-0.11234245452494473,2
KEL,0.010869565217391304,0.011508951406649617,0.0038363171355498722,0.007033248081841432,0.01278772378516624,0.014705882352941176,0.04092071611253197,0.022698209718670075,0.022698209718670075,0.6908567774936062,0.03228900255754476,0.028132992327365727,0.04411764705882353,0.02877237851662404,0.012148337595907928,0.016624040920716114,0.043478260869565216,0.0501918158567775,0.09878516624040921,0.13938618925831203,0.07448849104859336,0.38938618925831203,0.0741687979539642,0.08951406649616368,0.04060102301790281,KELVIN GROVE,3128,625.6,6.4403083785180915,0.09473925647195154,-0.014113974433473508,2
KIL,0.014599602269971384,0.012950477761070962,0.019595479458699133,0.030605810738710774,0.040500557792113305,0.013338507057282825,0.008876170150846388,0.033225008488140854,0.03497114032109424,0.6436435950914294,0.023233254110685355,0.008682155502740457,0.04617548624921181,0.016103215792792357,0.027210554396856962,0.026288984818353785,0.06024154823689189,0.07096085754474463,0.11762138041422128,0.09060484066547024,0.09948101081631663,0.37192608041907166,0.08201969248678276,0.05388756851142261,0.053257020905078334,KILLARNEY/GLENGARRY,20617,4123.4,8.324675833643788,0.03283396996422849,0.012108018037164214,2
KIN,0.014239181014425313,0.01181945090739879,0.045974872033503957,0.02335970218706375,0.045416472778036295,0.01582131223825035,0.09483480688692415,0.015449046067938576,0.021498371335504887,0.606514657980456,0.010423452768729642,0.018334108887854816,0.03685435086086552,0.01265704979060028,0.012563983248022336,0.014239181014425313,0.03248022335970219,0.12005583992554676,0.19516053978594694,0.09911586784550953,0.06021405304792927,0.3233131689157748,0.06440204746393671,0.060120986505351325,0.045137273150302464,KINGSLAND,10745,2149.0,7.673223121121708,0.08495922794571953,0.03244559412656489,2
LEB,0.00749063670411985,0.06554307116104868,0.009363295880149813,0.009363295880149813,0.013108614232209739,0.0018726591760299626,0.0,0.0,0.0,0.7490636704119851,0.0,0.003745318352059925,0.00749063670411985,0.018726591760299626,0.08052434456928839,0.033707865168539325,0.0,0.0,0.04868913857677903,0.09737827715355805,0.5580524344569289,0.2940074906367041,0.0018726591760299626,0.0,0.0,LEWISBURG,534,106.8,4.680277658474897,1.7108640264120247,4.31367131500961,1
LEG,0.014598049108644467,0.03753784056508577,0.0303397241843256,0.012445341405987218,0.03074335687857383,0.033770602085435586,0.004439959636730575,0.06411032626976118,0.06256306760847628,0.6176252943155062,0.012243525058863102,0.007870837537840566,0.019912546249579548,0.012041708711738984,0.011974436596030945,0.027783383787420114,0.11496804574503869,0.03800874537504204,0.10144635048772284,0.08590649175916583,0.11691893710057182,0.3671039354187689,0.09633366969391187,0.024957954927682477,0.054355869492095525,LEGACY,14865,2973.0,7.9976631270201,0.11453830904897007,0.18241630311076307,2
LIV,0.015135492399206875,0.03925974884335757,0.0302048909451421,0.009583608724388631,0.025776602775941838,0.042630535360211504,0.0009253139458030404,0.04712491738268341,0.04454725710508923,0.6150033046926636,0.007865168539325843,0.011962987442167878,0.016986120290812954,0.019563780568407137,0.03377395902181097,0.03965631196298744,0.08116325181758097,0.02696629213483146,0.08625247851949769,0.06655651024454726,0.1751487111698612,0.32233972240581626,0.12405816259087905,0.029015201586252478,0.08849966953073364,LIVINGSTON,15130,3026.0,8.01532730902172,0.17279798380981315,0.21656458021616753,2
LKB,0.012612395148150383,0.012431355983344397,0.011043389053165167,0.012491702371613058,0.020276386458270474,0.02763864582704725,0.018948765916359907,0.03192323939412226,0.03288878160642086,0.5912135658680828,0.02250920282421097,0.027940377768390562,0.06457063544746847,0.04737191479089976,0.0331301671594955,0.03300947438295818,0.058837728561945565,0.05340655361776598,0.07651922032466357,0.10415786615171083,0.1260032587049665,0.3521815219359121,0.08605394967111218,0.07621748838332026,0.06662241264860298,LAKE BONAVISTA,16571,3314.2,8.106273232625108,0.07325141809723122,-0.07573523721834974,2
LKV,0.014633676711273708,0.00895349956676615,0.01655916048907288,0.014248579955713873,0.03225185327813613,0.02050640223356118,0.012900741311254453,0.026571676133628576,0.02532011167805911,0.6367574853181862,0.027341869644748242,0.017714450755752384,0.06796957735631078,0.03773948204486377,0.02002503128911139,0.02050640223356118,0.04438240107827091,0.051795513622797724,0.09146047944546067,0.11562530085684028,0.10898238182343314,0.3874073360931934,0.08732068932319245,0.058823529411764705,0.05420236834504669,LAKEVIEW,10387,2077.4,7.639353645916335,0.09907275958187427,0.013072081567353067,2
LMR,0.01859975434286717,0.022811019477101246,0.005965958940164941,0.023512896999473593,0.02614493770836989,0.004737673276013336,0.05123705913318126,0.03965608001403755,0.06281803825232497,0.6811721354623618,0.014739427969819266,0.007720652746095806,0.021231795051763466,0.004737673276013336,0.005439550798385682,0.009475346552026672,0.08597999649061239,0.08896297596069486,0.14213019828040008,0.10650991402000351,0.04123530443937533,0.37918933146165995,0.03649763116336199,0.08545358834883313,0.034041059835058785,LOWER MOUNT ROYAL,5699,1139.8,7.039485049660032,0.026894653959067986,0.0013230431918902497,2
LPK,0.017445917655268667,0.026168876482903,0.005582693649685973,0.006629448709002094,0.00942079553384508,0.00942079553384508,0.0314026517794836,0.03628750872295883,0.05931612002791347,0.7557571528262387,0.012909979064898814,0.02896022330774599,0.0,0.0,0.0,0.0006978367062107466,0.08094905792044661,0.056524773203070484,0.06559665038381018,0.15631542219120725,0.0052337752965806,0.5024424284717376,0.02896022330774599,0.09490579204466155,0.009071877180739707,LINCOLN PARK,2866,573.2,6.352977767686964,0.073907710617697,0.0654842002890712,3
MAC,0.02060462759668975,0.016044587062996114,0.01688903901368012,0.011315656139165681,0.01790238135450093,0.020942408376963352,0.01942239486573214,0.029386927883803413,0.04036480324269549,0.6502280020266847,0.025840229690930586,0.01114676574902888,0.06248944435061645,0.016213477453132917,0.03377807802736024,0.007431177166019254,0.06400945786184765,0.05151156899172437,0.09120081067387266,0.10319202837358554,0.07414288127005574,0.43387941226144233,0.07177841580814051,0.048809322749535554,0.06147610200979564,MACEWAN GLEN,5921,1184.2,7.07766681569941,0.024177000017007767,-0.028159036411610217,2
MAF,0.014076576576576577,0.003941441441441441,0.003941441441441441,0.019144144144144143,0.016891891891891893,0.0022522522522522522,0.06306306306306306,0.00563063063063063,0.01295045045045045,0.7088963963963963,0.017454954954954954,0.017454954954954954,0.07207207207207207,0.014076576576576577,0.015765765765765764,0.012387387387387387,0.016891891891891893,0.08783783783783784,0.16835585585585586,0.15202702702702703,0.0731981981981982,0.33164414414414417,0.04110360360360361,0.07657657657657657,0.052364864864864864,MAYFAIR,1776,355.2,5.875492370855561,0.16810049481616202,0.3345133721358797,3
MAH,0.019226877150374418,0.03209876543209877,0.051406597854685286,0.012183768467921473,0.03242258652094718,0.03893948593402145,0.004573972879983809,0.05699251163732038,0.06006881198138029,0.5704918032786885,0.011131349929164137,0.018862578425419954,0.026108075288403157,0.015098158267557175,0.023193685488767456,0.027200971463266544,0.11018012548067192,0.05088038858530662,0.1150374418133981,0.07917425622343655,0.1192066383323214,0.31940902651285163,0.10698239222829387,0.042177696822505564,0.056952034001214326,MAHOGANY,24705,4941.0,8.505525386548555,0.117319088253961,0.016275988124597518,2
MAL,0.025937641211025757,0.014188883868052417,0.019430637144148215,0.018888386805241752,0.031450519656574784,0.014008133755083597,0.016177135110709444,0.0210573881608676,0.028106642566651605,0.6131043831902395,0.02376863985539991,0.01518300948938093,0.08965205603253502,0.01816538635336647,0.019069136918210574,0.03181201988251243,0.04202440126525079,0.06913691821057388,0.11568007230004519,0.09353818346136467,0.1183913239945775,0.37415273384545866,0.04600090375056484,0.0728422955264347,0.06823316764572977,MAYLAND HEIGHTS,11065,2213.0,7.7025561132685825,0.05611901697438258,0.06144494929821942,2
MAN,0.010434782608695653,0.011304347826086957,0.006521739130434782,0.014347826086956521,0.018695652173913044,0.009130434782608696,0.041304347826086954,0.008695652173913044,0.030434782608695653,0.811304347826087,0.008695652173913044,0.010434782608695653,0.010434782608695653,0.0,0.0052173913043478265,0.003043478260869565,0.03304347826086956,0.09217391304347826,0.11608695652173913,0.1,0.04521739130434783,0.45869565217391306,0.06434782608695652,0.06739130434782609,0.023043478260869565,MANCHESTER,2300,460.0,6.133398042996649,0.07205136269207198,0.0819423714863321,3
MCI,0.012429378531073447,0.00903954802259887,0.0015065913370998117,0.009416195856873822,0.0018832391713747645,0.014689265536723164,0.005273069679849341,0.005649717514124294,0.019962335216572504,0.895668549905838,0.010546139359698682,0.012052730696798493,0.0007532956685499058,0.0,0.0007532956685499058,0.0003766478342749529,0.026365348399246705,0.05386064030131827,0.08662900188323917,0.14199623352165724,0.031638418079096044,0.48286252354048964,0.08135593220338982,0.07005649717514124,0.025235404896421846,MCCALL,2655,531.0,6.2766434893416445,0.07599750950652008,0.09282020756750864,3
MCK,0.021342553952545605,0.014963634195779183,0.012578991296053416,0.010432812686300226,0.03189459878383212,0.02313103612733993,0.013711696673423155,0.03398116132109217,0.03952545606295457,0.5900798855371409,0.02772147370931203,0.019077143197806127,0.05478717062119948,0.03934660784547514,0.03606772385835221,0.03135805413139382,0.06712769762728031,0.05615834028854179,0.0968165017288661,0.11064743054727555,0.11380708238941219,0.36192917610587816,0.06903541194706093,0.062239179682842496,0.062239179682842496,MCKENZIE LAKE,16774,3354.8,8.118445471055598,0.09398857174950664,0.04555590049024438,2
MCT,0.02532652965685127,0.026777772576190254,0.017555357895229624,0.01385702916530125,0.033191329993914144,0.02326670099714433,0.014840129207434109,0.052666073685688874,0.06179485979120828,0.528439679790272,0.04044754459060906,0.014793314919713496,0.05411731660502785,0.018117129347876973,0.033097701418472916,0.041711530359065586,0.10462993305556856,0.0679743457703291,0.09723327559571181,0.0983100042132859,0.0937690183043865,0.3648705584944525,0.057207059594588265,0.04864004494171621,0.06736576002996114,MCKENZIE TOWNE,21361,4272.2,8.360118240071733,0.07903878867695807,-0.06297596615938694,2
MDH,0.014115092290988056,0.013029315960912053,0.003257328990228013,0.013572204125950055,0.0027144408251900108,0.016286644951140065,0.006514657980456026,0.01737242128121607,0.014657980456026058,0.8887079261672095,0.0005428881650380022,0.009229098805646038,0.0,0.0,0.0,0.0,0.02768729641693811,0.05971769815418024,0.2269272529858849,0.11780673181324647,0.0005428881650380022,0.3973941368078176,0.12866449511400652,0.03908794788273615,0.002171552660152009,MEDICINE HILL,1842,368.4,5.911880067765139,0.2702307300740718,0.47833315449856606,3
MEA,0.014395170652426282,0.005340143951706525,0.017413512885999537,0.01694915254237288,0.017181332714186207,0.018110053401439518,0.028325980961225912,0.007429765498026469,0.01300208962154632,0.7292779196656606,0.036220106802879036,0.015788251683306245,0.050615277455305314,0.009519387044346413,0.009287206872533085,0.011144648247039703,0.017181332714186207,0.09983747387973067,0.13373577896447644,0.1307174367309032,0.06640352913861157,0.3568609240770838,0.0847457627118644,0.0803343394474112,0.03018342233573253,MEADOWLARK PARK,4307,861.4,6.759719200154732,0.132690003309579,0.02200577796519987,3
MER,0.011947431302270013,0.011947431302270013,0.0023894862604540022,0.022700119474313024,0.0015929908403026682,0.013540422142572681,0.012345679012345678,0.009159697331740343,0.029072082835523694,0.8610115491835922,0.005575467941059339,0.015133412982875348,0.0031859816806053365,0.0,0.00039824771007566706,0.0,0.0350457984866587,0.07048984468339307,0.08283552369573875,0.14058144165671047,0.04579848665870171,0.4834727200318598,0.06212664277180406,0.0629231381919554,0.016726403823178016,MERIDIAN,2511,502.2,6.22098770538623,0.1751690187364059,0.1825048916555918,3
MID,0.01833223653285701,0.013255617185296607,0.013067594246498072,0.015887938328476073,0.024254959105010812,0.019366362696248942,0.012127479552505406,0.028109429350380747,0.03403215192253455,0.6812071072670866,0.022656764125223276,0.014477766287487074,0.044185390617655355,0.02970762433016828,0.014477766287487074,0.01485381216508414,0.05725298486415343,0.09908808874682712,0.16216978471373508,0.09570367584845352,0.08451631098994078,0.32969822318322833,0.07097865939644636,0.06026135188492996,0.04033092037228542,MIDNAPORE,10637,2127.4,7.663125802722214,0.050187950517248135,-0.027333846701036002,2
MIS,0.01949634443541836,0.02216548682836254,0.007079029824764999,0.030288963676453524,0.015434606011372868,0.011256817918068934,0.048972960427062784,0.036439596147150984,0.0533828478588836,0.6986190089358245,0.01589880468840664,0.013925960311013114,0.01508645700359754,0.0023209933851688525,0.003249390739236393,0.006382731809214344,0.07821747708019032,0.09458048044563074,0.18173378205872112,0.12196820239062318,0.032958106069397704,0.35720088197748634,0.041545781594522456,0.07171869560171754,0.020076592781710572,MISSION,8617,1723.4,7.45263444287298,0.11800074518346579,0.08768194674111296,3
MLI,0.018255578093306288,0.005578093306288032,0.004563894523326572,0.017748478701825558,0.004056795131845842,0.012170385395537525,0.029918864097363083,0.010649087221095335,0.013184584178498986,0.8554766734279919,0.007606490872210953,0.01977687626774848,0.0010141987829614604,0.0,0.0,0.0,0.02586206896551724,0.05425963488843814,0.14350912778904665,0.12322515212981744,0.04006085192697769,0.3995943204868154,0.09330628803245436,0.09989858012170386,0.02028397565922921,MAYLAND,1972,394.4,5.979897910736517,0.10218713330334427,-0.026039909015620033,3
MLR,0.0161101727945953,0.024165259191892944,0.01688969728465636,0.01416136156944264,0.02780304014551124,0.0198778744965571,0.016499935039625827,0.03884630375470963,0.05391711056255684,0.5980252046251786,0.022086527218396778,0.02260621021177082,0.0583344160062362,0.030141613615694427,0.016629855787969338,0.023905417695205926,0.08210991295309861,0.0608029102247629,0.09770040275431986,0.1154995452773808,0.09146420683383136,0.36260880862673767,0.06197219695985449,0.07106664934390022,0.05677536702611407,MILLRISE,7697,1539.4,7.3397974019407535,0.08384243006703856,-0.023711246103204964,2
MNI,0.012582674624939507,0.005565413776415551,0.002984352314889498,0.016131634134537828,0.0066139699951605095,0.017825455718664302,0.04178093240845298,0.004839490240361349,0.007985158896596225,0.8532021293757057,0.00943700596870463,0.016454266817228586,0.0034683013389256332,0.00048394902403613486,0.0004032908533634457,0.00024197451201806743,0.012985965478302951,0.08590095176641394,0.11058235199225681,0.12913373124697533,0.04879819325697693,0.4220842071301823,0.06307468946604292,0.09017583481206647,0.03726407485078238,MANCHESTER INDUSTRIAL,12398,2479.6,7.81625574538123,0.06304804704565733,-0.10519017966967859,3
MON,0.020174371451743715,0.008921330089213302,0.024280210867802108,0.02103609083536091,0.03852392538523925,0.016169910786699108,0.019109894566098944,0.017082319545823194,0.019109894566098944,0.7190794809407948,0.013077858880778588,0.013432684509326845,0.04460665044606651,0.0064375506893755065,0.0057278994322789946,0.01322992700729927,0.032441200324412,0.0803933495539335,0.13341443633414438,0.11886658556366586,0.05307177615571776,0.3933495539334955,0.07816301703163017,0.06837996755879967,0.04192011354420114,MONTGOMERY,19728,3945.6,8.280609727735326,0.050235127566138134,-0.05934267926650172,2
MOP,0.01907371882707591,0.010578240613866812,0.028555768703754453,0.02663743491367498,0.04143600986571663,0.012003288572211565,0.028281721019457386,0.022636338722937792,0.02351329131268841,0.6373252946012606,0.033433817484242255,0.009262811729240887,0.0574952041655248,0.012606193477665114,0.011181145519320361,0.025979720471362017,0.042367771992326664,0.07914497122499314,0.1307207454097013,0.1097286927925459,0.08320087695258975,0.3719375171279803,0.06100301452452727,0.061441490819402575,0.06045491915593313,MOUNT PLEASANT,18245,3649.0,8.202482446576537,0.061750490373593356,-0.04561234049413265,2
MOR,0.01799370220422852,0.02631578947368421,0.014619883040935672,0.01979307242465137,0.017656320287899235,0.015294646873594242,0.008209626630679262,0.025528565002249214,0.057579847053531266,0.5951417004048583,0.008547008547008548,0.0103463787674314,0.09300494826810617,0.021592442645074223,0.0318263607737292,0.03654970760233918,0.0780476833108412,0.06286549707602339,0.1054880791722897,0.08636977058029689,0.1261808367071525,0.35458839406207826,0.06196581196581197,0.04633378317588844,0.07816014394961764,MONTEREY PARK,8892,1778.4,7.484031507810667,0.08169338502396448,0.08815024468223154,2
MPK,0.01660824570188616,0.018110499081956267,0.01543982640627608,0.03238190619262227,0.024119512602236687,0.009180437322650642,0.016775162744116175,0.015523284927391086,0.035553329994992486,0.6322817559672843,0.00784510098481055,0.013269904857285929,0.06793523618761475,0.02812552161575697,0.029961609080287097,0.03688866633283258,0.04924052745785345,0.07878484393256552,0.13027875146052412,0.09539308963445167,0.12535469871473878,0.31814388249040226,0.05049240527457854,0.07928559505925555,0.07302620597563012,MARLBOROUGH PARK,11982,2396.4,7.782140095772999,0.03626678487586071,0.03041508886443811,2
MPL,0.03968253968253968,0.009291521486643438,0.009485094850948509,0.013356562137049941,0.027680991095625242,0.022067363530778164,0.016066589237320943,0.02129307007355788,0.02148664343786295,0.6910569105691057,0.02264808362369338,0.014130855594270228,0.032520325203252036,0.02264808362369338,0.012001548586914441,0.024583817266744096,0.04200542005420054,0.06387921022067364,0.10143244289585752,0.09097948122338366,0.08439798683701123,0.445993031358885,0.06620209059233449,0.0532326751838947,0.051877661633759196,MAPLE RIDGE,5166,1033.2,6.941383459962121,0.05678500294343821,0.03567444020785082,2
MRL,0.008697542944118286,0.014423425382329491,0.03225338841777198,0.03515256939914474,0.043850112343263026,0.010871928680147858,0.012901355367108791,0.012393998695368558,0.030079002681742406,0.6355004711169094,0.00840762484598101,0.013408712038849024,0.07356671740233384,0.021671377835761396,0.023193447850982096,0.02362832499818801,0.0395738203957382,0.09313618902659998,0.136986301369863,0.08146698557657461,0.12314271218380807,0.3458722910777705,0.04964847430600855,0.07124737261723563,0.05892585344640139,MARLBOROUGH,13797,2759.4,7.9231308757464465,0.023454714584539682,-0.018109875597310143,2
MRN,0.019916142557651992,0.0870020964360587,0.03773584905660377,0.008385744234800839,0.016247379454926623,0.0,0.0005241090146750524,0.0031446540880503146,0.00890985324947589,0.7112159329140462,0.0005241090146750524,0.012054507337526206,0.0110062893081761,0.0220125786163522,0.05817610062893082,0.0031446540880503146,0.0,0.0,0.13155136268343814,0.08542976939203355,0.3584905660377358,0.42452830188679247,0.0,0.0,0.0,MORAINE,1908,477.0,6.169610732491456,1.1084907725424504,4.699945463399347,1
MRT,0.015321574915375022,0.02761446641724568,0.026248589583704497,0.026604905279410892,0.034028148939960805,0.023576221865906525,0.01033315517548548,0.015202803016806224,0.053803670051665774,0.6011045786566899,0.006591840370568323,0.010154997327632281,0.07559831343904032,0.018409644278163786,0.024288853257319318,0.03111823742502524,0.06686857889423363,0.08224953975889304,0.1204347051487618,0.08771304709305779,0.11027970782112952,0.3058376388146565,0.08795059089019538,0.07001603420630678,0.0686501573727656,MARTINDALE,16839,3367.8,8.122311876847718,0.0528035937814995,-0.07942713363132192,2
NAW,0.00865051903114187,0.012687427912341407,0.0,0.0057670126874279125,0.002306805074971165,0.012687427912341407,0.007497116493656286,0.007497116493656286,0.020761245674740483,0.9025374855824683,0.005190311418685121,0.011534025374855825,0.002306805074971165,0.0,0.0,0.0005767012687427913,0.024798154555940023,0.04382929642445214,0.06978085351787774,0.18569780853517878,0.012110726643598616,0.49769319492502884,0.0726643598615917,0.0853517877739331,0.008073817762399077,NORTH AIRWAYS,1734,346.8,5.851627601920183,0.1588600035681766,0.24261378705007441,3
NEB,0.05748644515501182,0.02634505769498123,0.021757264006673153,0.01334630891144168,0.043445015987765886,0.02940358682051995,0.012095092450994022,0.04775476157375226,0.06235228694564159,0.5182816627276519,0.01000973168358126,0.013068260809119978,0.05762546920617267,0.021965800083414432,0.030237731127485054,0.03482552481579313,0.10433755039621855,0.06256082302238287,0.1014875573474211,0.06749617683859307,0.09502293896844154,0.3990685388572223,0.06742666481301265,0.043445015987765886,0.05915473376894203,NEW BRIGHTON,14386,2877.2,7.964920377736073,0.1134623864798421,-0.042291502499615774,2
NGM,0.015276804484933426,0.009950946040644709,0.0189208128941836,0.014435879467414156,0.030974071478626488,0.014155571128241066,0.02424667133847232,0.019341275402943236,0.024947442186405044,0.6536790469516468,0.035599159074982484,0.01751927119831815,0.059425367904695166,0.023826208829712685,0.015697266993693063,0.022004204625087596,0.041065171688857746,0.059285213735108616,0.099229152067274,0.12445690259285214,0.08955851436580238,0.36972669936930624,0.09712683952347582,0.06054660126138753,0.05900490539593553,NORTH GLENMORE PARK,7135,1427.0,7.2640301428995295,0.07362597480520305,-0.09548072640659733,2
NHU,0.018018018018018018,0.008008008008008008,0.01901901901901902,0.013013013013013013,0.007007007007007007,0.01701701701701702,0.02702702702702703,0.023023023023023025,0.015015015015015015,0.6246246246246246,0.02902902902902903,0.03403403403403404,0.07607607607607608,0.03903903903903904,0.009009009009009009,0.04104104104104104,0.04504504504504504,0.06306306306306306,0.07307307307307308,0.16216216216216217,0.12212212212212212,0.35535535535535534,0.06506506506506507,0.057057057057057055,0.057057057057057055,NORTH HAVEN UPPER,999,199.8,5.302309387817574,0.1676265767705419,0.2941826370548739,2
NHV,0.01457807681525091,0.011774600504625737,0.01822259601906364,0.010653209980375666,0.01794224838800112,0.01934398654331371,0.023268853378188955,0.028595458368376788,0.02803476310625175,0.6501261564339781,0.028595458368376788,0.02467059153350154,0.06896551724137931,0.01710120549481357,0.00897112419400056,0.02915615363050182,0.05074292122231567,0.061396131202691336,0.08017942248388,0.12419400056069527,0.08074011774600505,0.376506868516961,0.07625455564900477,0.0815811606391926,0.06840482197925428,NORTH HAVEN,3567,713.4,6.571443029562289,0.0976026563323535,-0.18258234698972142,2
NOL,0.01924785312407462,0.02418320007896555,0.04501036422860527,0.012338367387227323,0.03958148257822525,0.04382588095943145,0.005330174711282203,0.04816898627973547,0.06258019938801698,0.5946106011252591,0.007995262066923305,0.008488796762412397,0.06297502714440825,0.009278452275194946,0.013424143717303326,0.002961208172934557,0.09752245582864476,0.07097028921133156,0.09110650478728655,0.06366597571809299,0.05803968018951732,0.4107195735860231,0.12802290000987068,0.042740104629355444,0.0372125160398776,NOLAN HILL,10131,2026.2,7.614410809566874,0.17048084339504344,-0.23704411675734693,2
NPK,0.03620771796093378,0.0,0.0033349213911386373,0.01095759885659838,0.0004764173415912339,0.0004764173415912339,0.026202953787517864,0.0,0.0,0.8923296808003811,0.005717008099094807,0.022391615054787994,0.0014292520247737017,0.0,0.0,0.0004764173415912339,0.0,0.09623630300142925,0.1276798475464507,0.1810385898046689,0.0028585040495474035,0.46450690805145306,0.005240590757503573,0.12101000476417341,0.0014292520247737017,NOSE HILL PARK,2099,419.8,6.0421576614235,0.22128675228243092,-0.052791594673608166,3
OAK,0.01733500417710944,0.012531328320802004,0.005534670008354219,0.00929406850459482,0.011069340016708437,0.019736842105263157,0.016186299081035922,0.030597326649958227,0.03070175438596491,0.672514619883041,0.02109440267335004,0.032685881370091895,0.050647451963241434,0.04156223893065998,0.013575605680868838,0.014933166248955722,0.0533625730994152,0.04490392648287385,0.06526733500417711,0.1206140350877193,0.08824143692564745,0.4233500417710944,0.07644110275689223,0.07999164578111946,0.04782790309106098,OAKRIDGE,9576,1915.2,7.558099337216773,0.040145979673902814,-0.04010954307239434,2
OGD,0.016337871631008614,0.010614059460961379,0.02378438455126424,0.01667129758266185,0.020394554042789663,0.011280911364267851,0.02578494026118366,0.02128368991386496,0.02595165323701028,0.6322311753264795,0.027896637954987497,0.019783273131425395,0.0739094192831342,0.021394831897749374,0.02172825784940261,0.030953042511808835,0.04345651569880522,0.07507641011392054,0.10775215337593776,0.1053626007224229,0.10830786329535982,0.3813837176993609,0.04990275076410114,0.06201722700750208,0.0667407613225896,OGDEN,17995,3599.0,8.1886891244442,0.06229623452172744,0.034411091267692484,2
PAL,0.021734357848518113,0.014050493962678375,0.006366630076838639,0.008781558726673985,0.01163556531284303,0.01668496158068057,0.01712403951701427,0.03490669593852909,0.03358946212952799,0.7236004390779364,0.009220636663007684,0.014489571899012075,0.03249176728869374,0.025905598243688256,0.01624588364434687,0.013172338090010977,0.06630076838638858,0.036443468715697036,0.07903402854006586,0.07947310647639956,0.06322722283205269,0.5284302963776071,0.0557628979143798,0.050274423710208564,0.041053787047200876,PALLISER,4555,911.0,6.815639990074331,0.04517251008463722,-0.003314920162622137,2
PAN,0.02059095106186519,0.02945521698984303,0.01879039704524469,0.00974145891043398,0.02876269621421976,0.030378578024007386,0.009649122807017544,0.04150507848568791,0.06999076638965836,0.5795937211449677,0.0110803324099723,0.015096952908587258,0.07719298245614035,0.021421975992613113,0.03056325023084026,0.0061865189289012,0.09829178208679594,0.06606648199445983,0.08901200369344414,0.07867036011080332,0.08430286241920591,0.3848107109879963,0.08919667590027701,0.04838411819021237,0.061265004616805174,PANORAMA HILLS,21660,4332.0,8.374015421739909,0.0766452232980373,-0.11611997191036316,2
PAT,0.014161008729388943,0.026382153249272552,0.025994180407371482,0.006983511154219205,0.014936954413191077,0.01513094083414161,0.016488845780795344,0.05121241513094083,0.058195926285160036,0.672356935014549,0.020950533462657614,0.021532492725509216,0.03355965082444229,0.01125121241513094,0.008923375363724539,0.0019398642095053346,0.09815712900096993,0.0574199806013579,0.08186226964112513,0.12065955383123181,0.03957322987390883,0.4011639185257032,0.0568380213385063,0.11464597478176528,0.02967992240543162,PATTERSON,5155,1031.0,6.939253946041508,0.14749985567570964,-0.23190007511113375,2
PCK,0.010103968370185972,0.03895153023868795,0.028115390247474007,0.008346756479718847,0.019915068091960756,0.022990188900278225,0.0,0.04641968077317323,0.0377800556450432,0.7121101186118026,0.004832332698784595,0.005857372968223752,0.010250402694391566,0.016400644311026506,0.018743593498316006,0.019182896470932787,0.05769512373700395,0.01200761458485869,0.0802460096646654,0.06282032508419974,0.22668033387025918,0.38395079806706695,0.08214965587933812,0.012154048909064285,0.08229609020354371,PINE CREEK,6829,1365.8,7.220227520241137,0.47462948388699816,0.8674864333292147,2
PEG,0.007017543859649123,0.015789473684210527,0.0017543859649122807,0.012280701754385965,0.0,0.0035087719298245615,0.007017543859649123,0.010526315789473684,0.02456140350877193,0.868421052631579,0.007017543859649123,0.042105263157894736,0.0,0.0,0.0,0.0,0.02631578947368421,0.056140350877192984,0.12456140350877193,0.2894736842105263,0.014035087719298246,0.3192982456140351,0.043859649122807015,0.12105263157894737,0.005263157894736842,PEGASUS,570,114.0,4.74493212836325,0.2710795989537271,0.4742082605277673,3
PEN,0.015019968744573712,0.019968744573710714,0.017537766973432886,0.02430977600277826,0.01701684320194478,0.010071192915436707,0.017450946344851538,0.01970828268796666,0.0369855877756555,0.6176419517277305,0.008161139086646988,0.012762632401458586,0.09880187532557735,0.022833825316895293,0.028563986803264454,0.03316548011807605,0.05356832783469352,0.08925160618162875,0.12111477687098454,0.08291370029519014,0.12910227470046884,0.3179371418649071,0.047577704462580306,0.06381316200729294,0.09472130578225386,PENBROOKE MEADOWS,11518,2303.6,7.742662404579914,0.047741083997384005,-0.06934011206021751,2
PIN,0.016892138939670932,0.019159049360146254,0.015722120658135285,0.02676416819012797,0.015575868372943327,0.011846435100548445,0.011553930530164534,0.01879341864716636,0.038391224862888484,0.6495063985374772,0.012212065813528336,0.012650822669104205,0.0736380255941499,0.020402193784277878,0.0263254113345521,0.03056672760511883,0.0513345521023766,0.07758683729433273,0.11663619744058501,0.10376599634369287,0.11575868372943328,0.3516636197440585,0.050530164533820844,0.06976234003656308,0.06296160877513711,PINERIDGE,13675,2735.0,7.914252278742441,0.06207274612411926,0.0041237171838623965,2
PKD,0.016835016835016835,0.012485970819304153,0.020763187429854096,0.021745230078563414,0.03647586980920314,0.010241301907968575,0.01781705948372615,0.021604938271604937,0.023288439955106623,0.6084455667789002,0.039141414141414144,0.018378226711560045,0.11167227833894501,0.00968013468013468,0.012906846240179574,0.018518518518518517,0.04250841750841751,0.05036475869809203,0.11798540965207632,0.11952861952861953,0.09062850729517397,0.38173400673400676,0.04138608305274972,0.06762065095398428,0.08824354657687991,PARKDALE,7128,1425.6,7.263049269843938,0.06724427928228928,0.09490635694246308,2
PKH,0.019872572815533982,0.007888349514563107,0.011225728155339806,0.0222997572815534,0.015018203883495146,0.007281553398058253,0.03549757281553398,0.017597087378640776,0.021389563106796117,0.6752123786407767,0.021844660194174758,0.014866504854368932,0.08555825242718447,0.010163834951456311,0.013652912621359222,0.02063106796116505,0.03762135922330097,0.11513956310679611,0.12424150485436893,0.09981796116504854,0.09723907766990292,0.3483009708737864,0.04520631067961165,0.06113470873786408,0.07129854368932038,PARKHILL,6592,1318.4,7.184932366788771,0.060462578342029026,-0.10277986906433423,2
PKL,0.020065075921908895,0.010484454085321764,0.0070498915401301515,0.01012292118582791,0.012292118582791034,0.02693420101229212,0.01861894432393348,0.02982646420824295,0.032357194504699927,0.5923716558206796,0.02801879971077368,0.039045553145336226,0.06254519161243673,0.05802603036876356,0.025849602313810557,0.02639190166305134,0.056218365871294286,0.04049168474331164,0.07248734634851771,0.128705712219812,0.12020968908170644,0.3617136659436009,0.07736804049168475,0.07501807664497469,0.06778741865509762,PARKLAND,5532,1106.4,7.009770204388867,0.04768775176603701,-0.05384698120771869,2
POI,0.025161290322580646,0.03096774193548387,0.0025806451612903226,0.007741935483870968,0.014193548387096775,0.00967741935483871,0.01096774193548387,0.09290322580645162,0.07612903225806451,0.6561290322580645,0.027741935483870966,0.011612903225806452,0.011612903225806452,0.007741935483870968,0.001935483870967742,0.012903225806451613,0.1464516129032258,0.08193548387096775,0.04967741935483871,0.08064516129032258,0.03612903225806452,0.4638709677419355,0.04258064516129032,0.07225806451612904,0.026451612903225806,POINT MCKAY,1550,310.0,5.739792912179234,0.20374996409031687,-0.3597190863199611,2
PUM,0.012420022581859239,0.013172751223184042,0.011667293940534437,0.008280015054572827,0.018441851712457658,0.013172751223184042,0.0316146029356417,0.017312758750470454,0.01957094467444486,0.687617613850207,0.0316146029356417,0.036130974783590515,0.03650733910425292,0.031990967256304105,0.012420022581859239,0.018065487391795258,0.033496424538953705,0.05946556266465939,0.08167105758374106,0.1223184042152804,0.06774557771923222,0.436206247647723,0.05607828377869778,0.10312382386149793,0.03989461799021453,PUMP HILL,2657,531.4,6.277395086520957,0.10945021295067872,-0.005479465764625324,2
QLD,0.01653290529695024,0.02086677367576244,0.021348314606741574,0.01637239165329053,0.03226324237560193,0.016051364365971106,0.016051364365971106,0.03691813804173355,0.045906902086677366,0.5725521669341894,0.026003210272873195,0.026805778491171748,0.07255216693418941,0.028892455858747994,0.022953451043338683,0.027929373996789728,0.07207062600321028,0.06998394863563404,0.11765650080256822,0.09373996789727126,0.11653290529695023,0.35329052969502406,0.05024077046548957,0.07399678972712681,0.05248796147672552,QUEENSLAND,6230,1246.0,7.1284959456800365,0.11004699986845794,0.1689657656123993,2
RAM,0.02087215803205367,0.00993912287240651,0.016151074667660578,0.021120636103863832,0.031059758976270346,0.007827059262020127,0.02969312958131445,0.017890421170331718,0.020002484780718102,0.6708907938874394,0.020996397067958753,0.011926947446887812,0.08435830537955026,0.007330103118399801,0.01167846937507765,0.018263138278046962,0.03143247608398559,0.07727668033296062,0.1308237048080507,0.12572990433594236,0.08858243260032302,0.3646415703814138,0.056404522300906944,0.06348614734749658,0.06162256180892036,RAMSAY,8049,1609.8,7.384486228977299,0.0830236130347839,0.030900430824409852,2
RAN,0.017626439659489235,0.01912869303955934,0.018928392588883326,0.011917876815222835,0.02243365047571357,0.011417125688532799,0.022734101151727592,0.033650475713570355,0.04096144216324487,0.6516775162744116,0.02103154732098147,0.01812719078617927,0.060891337005508264,0.020330495743615423,0.021632448673009515,0.007511266900350526,0.0657986980470706,0.06409614421632448,0.0970455683525288,0.0900350525788683,0.07451176765147721,0.4395593390085128,0.048873309964947424,0.07100650976464697,0.049073610415623435,RANCHLANDS,9985,1997.0,7.599901959208498,0.05554163012612865,-0.08970153351285859,2
RCK,0.01050150021431633,0.011144449207029576,0.01928846978139734,0.033433347621088724,0.02743249035576511,0.010822974710672954,0.01393056150878697,0.016609515645092155,0.026682383197599656,0.6662023146163738,0.011251607372481784,0.012430347192456065,0.091941705957994,0.01093013287612516,0.0172524646378054,0.020145735105015,0.03911273039005572,0.08947706815259322,0.10737248178311187,0.08894127732533219,0.1034076296613802,0.35415773681954565,0.0790827261037291,0.0574367766823832,0.08101157308186883,ROSSCARROCK,9332,1866.4,7.532302368049826,0.07819940085800249,-0.08904413822567836,2
RDL,0.015346181299072092,0.006959314775160599,0.007137758743754461,0.016059957173447537,0.03140613847251963,0.006780870806566738,0.03515346181299072,0.011420413990007138,0.014632405424696645,0.6406138472519629,0.039257673090649536,0.013918629550321198,0.13508208422555318,0.008386866523911492,0.004282655246252677,0.013561741613133477,0.021056388294075662,0.06281227694503926,0.12027123483226267,0.14685938615274804,0.09635974304068523,0.3533190578158458,0.04443254817987152,0.07441113490364026,0.08047822983583156,ROSEDALE,5604,1120.8,7.0226898170742365,0.06742726781245338,-0.02066663680855907,2
RED,0.012021857923497269,0.036065573770491806,0.015300546448087432,0.01092896174863388,0.010382513661202186,0.001092896174863388,0.00819672131147541,0.025136612021857924,0.07923497267759563,0.774863387978142,0.004371584699453552,0.015846994535519125,0.003278688524590164,0.0,0.000546448087431694,0.00273224043715847,0.09672131147540984,0.08524590163934426,0.10819672131147541,0.13879781420765028,0.01092896174863388,0.46120218579234973,0.014754098360655738,0.07540983606557378,0.008743169398907104,RED CARPET,1830,366.0,5.905361848054571,0.2017052330632978,0.2000782783832138,3
REN,0.01847397779028709,0.011565426539071695,0.021800317281613017,0.0216467939204749,0.03720382784913771,0.011258379816795457,0.02267028299472903,0.024256691059822935,0.029578834245944423,0.6793408730361803,0.028248298449414053,0.009774320659126964,0.04534056598945806,0.010900158640806509,0.012281868891049588,0.015659382836088226,0.04784811422138069,0.07312829435545776,0.1251727137812804,0.09242106340514815,0.07067192057724783,0.4082697917199734,0.07451000460570083,0.06268870579806561,0.045289391535745356,RENFREW,19541,3908.2,8.27108802846468,0.06466317991327922,-0.04600022537384163,2
RIC,0.0149984111852558,0.009787098824277089,0.02065459167461074,0.0223069590085796,0.03883063234826819,0.015189068954559898,0.027645376549094377,0.028026692087702573,0.025103272958373054,0.6425802351445822,0.02376866857324436,0.019510645058786146,0.05840482999682237,0.014871306005719733,0.015252621544327931,0.023069590085795996,0.044296155068319035,0.0721321893867175,0.10854782332380045,0.13269780743565301,0.08026692087702574,0.34204003813155387,0.08503336510962822,0.07912297426120114,0.05586272640610105,RICHMOND,15735,3147.0,8.054522609537294,0.09505707462903683,-0.06861628167439093,2
RID,0.02058319039451115,0.017152658662092625,0.002287021154945683,0.018867924528301886,0.016580903373356205,0.010863350485991996,0.033733562035448826,0.024585477415666093,0.032590051457975985,0.6420811892510006,0.04631217838765009,0.016009148084619784,0.08919382504288165,0.007432818753573471,0.010291595197255575,0.011435105774728416,0.05431675242995998,0.07604345340194396,0.1343624928530589,0.12292738707833048,0.06460834762721555,0.40022870211549455,0.048027444253859346,0.03659233847913093,0.06289308176100629,RIDEAU PARK,1749,349.8,5.860216260498028,0.09773085919867913,0.15128503254493442,2
RIV,0.021799385721776914,0.01393362798711514,0.011985916548056034,0.012060828526481384,0.016180987339875646,0.021424825829650163,0.020376058131695258,0.025769720578320474,0.033560566334556896,0.6067870252453367,0.027567608060528877,0.015956251404599595,0.07341373885684321,0.037306165255824406,0.02794216795265563,0.03393512622668365,0.0537118885309761,0.06584762903588284,0.09558768447074688,0.09483856468649338,0.12495318001348416,0.36676904637051466,0.07393812270582066,0.05618398381901266,0.0681699003670687,RIVERBEND,13349,2669.8,7.890133331983714,0.07599846978668591,0.00019291984240421556,2
RMT,0.016738995660260384,0.006819590824550527,0.02727836329820211,0.017048977061376317,0.06106633601983881,0.016119032858028518,0.012709237445753255,0.022318660880347178,0.020148791072535647,0.6215127092374457,0.04432734035957842,0.022938623682579044,0.0685058896466212,0.01208927464352139,0.01425914445133292,0.016119032858028518,0.03874767513949163,0.0750154990700558,0.1125232486050837,0.1050836949783013,0.07966522008679479,0.38003719776813394,0.08431494110353378,0.07160570365778053,0.05300681959082455,ROSEMONT,3226,645.2,6.471109053390398,0.10882179536007801,-0.2092238481038704,2
ROC,0.021334199696772797,0.020359540827377086,0.008447043534762833,0.012562269872211393,0.017218973359324236,0.024149880875027074,0.007255793805501408,0.04342646740307559,0.057288282434481266,0.6437080355209011,0.013428633311674248,0.018843404808317088,0.06985055230669265,0.01364522417153996,0.022742040285899934,0.005739657786441412,0.09313406974225688,0.051007147498375566,0.07818930041152264,0.0863114576564869,0.07743123240199264,0.42300194931773877,0.0800303227203812,0.056313623565085555,0.05458089668615984,ROCKY RIDGE,9234,1846.8,7.5217510212366445,0.08900293362156624,-0.14045591384737044,2
ROX,0.021438450899031812,0.004840940525587829,0.005532503457814661,0.01590594744121715,0.014522821576763486,0.006224066390041493,0.02627939142461964,0.012448132780082987,0.014522821576763486,0.6376210235131397,0.0636237897648686,0.007607192254495159,0.15006915629322268,0.008298755186721992,0.004149377593360996,0.006915629322268326,0.026970954356846474,0.09612724757952974,0.12655601659751037,0.0995850622406639,0.0912863070539419,0.4024896265560166,0.019363762102351315,0.050484094052558784,0.08713692946058091,ROXBORO,1446,289.2,5.670570340450087,0.10064557489475182,-0.1634530724895722,2
ROY,0.021607080874696285,0.02273516140229087,0.020999652898299203,0.012669212079139187,0.02872266574106213,0.02672683096147171,0.011888233252342936,0.048333911836167996,0.06542867060048595,0.5891183616799722,0.008764317945157932,0.01900381811870878,0.08287053106560222,0.020305449496702533,0.016140229087122527,0.004685872960777508,0.10100659493231517,0.05926761541131551,0.08642832349878514,0.09302325581395349,0.08417216244359597,0.36688649774383897,0.0846060395695939,0.07410621312044428,0.05050329746615759,ROYAL OAK,11524,2304.8,7.743182966798853,0.11920626975622306,-0.2008031107165822,2
RSN,0.013846153846153847,0.035213675213675216,0.012393162393162393,0.013162393162393163,0.025982905982905983,0.06888888888888889,0.003076923076923077,0.03170940170940171,0.06358974358974359,0.6039316239316239,0.010512820512820513,0.00829059829059829,0.03829059829059829,0.015555555555555555,0.017094017094017096,0.038461538461538464,0.09435897435897436,0.038974358974358976,0.061452991452991455,0.06547008547008547,0.07504273504273504,0.3360683760683761,0.21547008547008548,0.03863247863247863,0.07452991452991453,REDSTONE,11700,2340.0,7.75833346749091,0.23385422119587684,-0.44952994233533605,2
RUN,0.009192433335865684,0.017625161437362303,0.04436678568715338,0.03365494188254957,0.02955253361695662,0.014206487882701511,0.012687077413963382,0.011927372179594317,0.037909291195016334,0.6048013370812125,0.01511813416394439,0.013218871078021728,0.07543872977284813,0.020815923421712377,0.025374154827926765,0.03411076502317101,0.04611410772620223,0.08607460305401504,0.13082124135835296,0.0856187799133936,0.11099293474132037,0.33427030312238853,0.05538251158550483,0.07938919699156727,0.07133632150725519,RUNDLE,13163,2632.6,7.876107010482751,0.07548876727186059,-0.1280773433730067,2
RUT,0.012983571807101218,0.008744038155802861,0.014043455219925808,0.011658717541070483,0.03868574456809751,0.012983571807101218,0.015103338632750398,0.025437201907790145,0.02384737678855326,0.6616322204557499,0.034446210916799155,0.020402755696873345,0.08585055643879173,0.009538950715421303,0.010068892421833599,0.014573396926338102,0.043190249072602015,0.07154213036565978,0.09167991520932697,0.10068892421833599,0.08028616852146264,0.422628510863805,0.07631160572337042,0.05140434552199258,0.06226815050344462,RUTLAND PARK,3774,754.8,6.627776790915388,0.10907099611019523,-0.07052266804424967,2
RVW,0.012570205937416421,0.06472318801818668,0.011767852366943032,0.006953730944102701,0.018989034501203532,0.008290986894891682,0.0,0.03744316662209147,0.02888472853704199,0.7274672372292057,0.0005349023803155924,0.006953730944102701,0.012302754747258626,0.017384327360256753,0.022733351163412678,0.023000802353570472,0.027814923776410806,0.0024070607114201658,0.0770259427654453,0.06392083444771329,0.36961754479807435,0.380583043594544,0.03182669162877775,0.004546670232682536,0.0422572880449318,RANGEVIEW,3739,747.8,6.618471925163382,0.788421204748289,2.337085105012389,1
RYV,0.013882002974714923,0.004462072384729797,0.002478929102627665,0.01983143282102132,0.007932573128408527,0.02528507684680218,0.0074367873078829945,0.00842835894893406,0.024293505205751114,0.8656420426375806,0.0009915716410510659,0.018839861179970253,0.0004957858205255329,0.0,0.0,0.0,0.027764005949429845,0.0451165096678235,0.05503222607833416,0.20525532969757065,0.0039662865642042635,0.42191373326722853,0.11898859692612791,0.11750123946455131,0.004462072384729797,ROYAL VISTA,2017,403.4,6.0024044871463165,0.205957092065274,-0.05260821896886014,3
S23,0.013022618231665525,0.0027416038382453737,0.0013708019191226869,0.009595613433858808,0.0006854009595613434,0.023989033584647018,0.0013708019191226869,0.00411240575736806,0.011651816312542838,0.9191226867717615,0.0027416038382453737,0.009595613433858808,0.0,0.0,0.0,0.0,0.015078821110349555,0.013022618231665525,0.025359835503769704,0.1549006168608636,0.19602467443454422,0.25976696367374913,0.05414667580534613,0.09527073337902674,0.1864290610006854,SECTION 23,1459,291.8,5.679489782087156,0.056488433541163924,-0.037805189341715284,3
SAD,0.013982269292556674,0.03379544237520081,0.01198905218063902,0.013446778128160886,0.02528708276313441,0.04298804069732849,0.0030641994407092283,0.020646159338370915,0.061313738323317664,0.6333967989528173,0.008686856666864997,0.011602308561908728,0.04560599750104123,0.015499494258344737,0.027607544475516155,0.031088237044088772,0.07351103706788838,0.044207770571785564,0.07178556553816862,0.08350687213660975,0.10201106681739751,0.3596120664009044,0.15065151425001488,0.04858094841435116,0.06613315880287975,SADDLE RIDGE,33614,6722.8,8.813408749886257,0.12141232647730148,-0.0693657245466408,2
SAN,0.013199883957064115,0.017696547722657382,0.015810850014505367,0.010153756890049319,0.012039454598201334,0.012764722947490571,0.01668117203365245,0.027560197272991006,0.03379750507687845,0.6598491441833478,0.017551494052799536,0.013780098636495503,0.089353060632434,0.03118653901943719,0.021612996808819264,0.006962576153176675,0.057876414273281114,0.05250942848854076,0.07267188859878156,0.10385842761821874,0.09994197853205686,0.434435741224253,0.05816652161299681,0.05802146794313896,0.06251813170873223,SANDSTONE VALLEY,6894,1378.8,7.2296938401120086,0.07533440233030554,0.034975035483037153,2
SAW,0.009033613445378152,0.007983193277310924,0.0010504201680672268,0.013865546218487394,0.004411764705882353,0.011554621848739496,0.010924369747899159,0.004201680672268907,0.020588235294117647,0.9105042016806723,0.0021008403361344537,0.0027310924369747898,0.0006302521008403362,0.0,0.0,0.0004201680672268908,0.023109243697478993,0.2569327731092437,0.14390756302521007,0.09642857142857143,0.015126050420168067,0.33676470588235297,0.06869747899159664,0.04390756302521008,0.015126050420168067,SOUTH AIRWAYS,4760,952.0,6.859614903654202,0.20758359669092394,-0.37154039783079806,3
SCA,0.0127143701951508,0.006800709639266706,0.0127143701951508,0.01537551744529864,0.03075103489059728,0.007983441750443524,0.03075103489059728,0.01744529863985807,0.016262566528681254,0.6848018923713779,0.04730928444707274,0.03311649911295092,0.04730928444707274,0.01094027202838557,0.009461856889414548,0.016262566528681254,0.03075103489059728,0.05884092253104672,0.12359550561797752,0.154642223536369,0.0508574807806032,0.39946777054997046,0.035777646363098756,0.10585452395032525,0.04021289178001183,SCARBORO,3382,676.4,6.518261940383671,0.047258436601131174,-0.03417271806257194,3
SCE,0.02270749956499043,0.01044022968505307,0.010179223942926745,0.013659300504611102,0.018531407690969202,0.018531407690969202,0.04062989385766487,0.024969549330085262,0.02592657038454846,0.6337219418827215,0.0234035148773273,0.0194884287454324,0.08343483556638245,0.03192970245345397,0.016791369410127023,0.00565512441273708,0.04785105272315991,0.07377762310770837,0.07978075517661389,0.1130154863406995,0.09422307290760397,0.40908299982599616,0.06368540107882373,0.05898729772054985,0.059596311118844614,SCENIC ACRES,11494,2298.8,7.7405774416145645,0.07858541497236378,-0.1370678810445236,2
SDC,0.015320080248039394,0.01659675360204268,0.012766733540032828,0.014043406894036112,0.020426773664052527,0.02681014043406894,0.015958416925041036,0.03693233631223783,0.040853547328105054,0.5963888382272479,0.02681014043406894,0.018329381725332848,0.06492795914645268,0.040762356374247674,0.02060915557176728,0.03246397957322634,0.07112894400875433,0.05115812511398869,0.10897318985956593,0.11243844610614627,0.11845704906073318,0.33056720773299286,0.08836403428779865,0.06474557723873792,0.054167426591282146,SUNDANCE,10966,2193.2,7.693572794383391,0.04263286813156396,0.028536909181617887,2
SET,0.013825200191636439,0.04982547395797687,0.0339470262131271,0.010540004106495107,0.016220655670385328,0.027308192457737322,0.002737663404284443,0.055369242351652866,0.05831223051125864,0.6672370132092259,0.00636506741496133,0.009102730819245773,0.008555198138388885,0.01074532886181644,0.014030524946957772,0.01587844774484977,0.09718705085209774,0.03552118267059065,0.09342276367120662,0.09314899733077818,0.10724796386284306,0.38895352816371226,0.10409965094791596,0.027376634042844433,0.053042228458011084,SETON,14611,2922.2,7.980434185623742,0.20409517078754053,0.3120709390133918,2
SFH,0.011337868480725623,0.011904761904761904,0.007369614512471655,0.007369614512471655,0.006802721088435374,0.003968253968253968,0.007936507936507936,0.009070294784580499,0.027210884353741496,0.8696145124716553,0.0045351473922902496,0.032879818594104306,0.0,0.0,0.0,0.0,0.02891156462585034,0.04251700680272109,0.054988662131519275,0.18877551020408162,0.010770975056689343,0.4733560090702948,0.0663265306122449,0.13095238095238096,0.003401360544217687,SOUTH FOOTHILLS,1764,352.8,5.8687317817256845,0.15235623314781468,0.03762671098562187,3
SGH,0.018974831993675056,0.04104625115298458,0.01877717749374094,0.011398076162867308,0.02029252865990249,0.028066938990644354,0.00994860983001713,0.06344709447885097,0.07326393464224536,0.6449466332850178,0.00843325866385558,0.008960337330346554,0.023916194492027934,0.00876268283041244,0.014758202661747266,0.005007247331664251,0.1169455791276848,0.039530899986823034,0.08940571880353143,0.08703386480432204,0.056858611147713796,0.43727763868757413,0.10034260113321913,0.03880616682039795,0.033798919488733696,SAGE HILL,15178,3035.6,8.018493747448087,0.1205288702383256,0.07082145162035669,2
SGL,0.00963302752293578,0.001834862385321101,0.0045871559633027525,0.05733944954128441,0.0013761467889908258,0.006422018348623854,0.0009174311926605505,0.004128440366972477,0.007798165137614679,0.8811926605504588,0.001834862385321101,0.022018348623853212,0.00045871559633027525,0.0,0.00045871559633027525,0.0,0.016055045871559634,0.053669724770642205,0.07339449541284404,0.3284403669724771,0.030733944954128442,0.25504587155963304,0.08027522935779817,0.13027522935779817,0.03211009174311927,STONEGATE LANDING,2180,436.0,6.07993319509559,0.26322742105580604,0.288041720001063,3
SHG,0.020182370820668694,0.01094224924012158,0.0182370820668693,0.0364741641337386,0.05714285714285714,0.006686930091185411,0.009969604863221885,0.0156838905775076,0.017386018237082065,0.6872948328267477,0.01592705167173252,0.008389057750759878,0.057264437689969604,0.009361702127659575,0.01458966565349544,0.01446808510638298,0.02541033434650456,0.08206686930091185,0.16425531914893618,0.12814589665653495,0.0835258358662614,0.34164133738601826,0.0547112462006079,0.06893617021276596,0.051306990881458965,SHAGANAPPI,8225,1645.0,7.406103381237015,0.1274350319351293,0.2055036828367509,2
SHI,0.017218095881161376,0.02025658338960162,0.0027008777852802163,0.007427413909520594,0.003713706954760297,0.010465901417960837,0.008777852802160702,0.012153950033760972,0.03038487508440243,0.8355840648210668,0.001012829169480081,0.02160702228224173,0.0054017555705604325,0.005739365293720459,0.01012829169480081,0.007427413909520594,0.03781228899392303,0.04186360567184335,0.04726536124240378,0.18973666441593517,0.03646185010128292,0.46927751519243754,0.07258609047940581,0.08609047940580689,0.018906144496961513,SHEPARD INDUSTRIAL,2962,592.4,6.385868707856721,0.15411061078371355,-0.016040867374288226,3
SHN,0.01974902283480765,0.014948913118014126,0.0192690118631283,0.013920318178701227,0.018720427895494753,0.019337584859082494,0.015360351093739285,0.028320647329081808,0.0344922169649592,0.653294932455599,0.017211821984502503,0.02269766166083796,0.05993279846396489,0.024000548583967635,0.01755468696427347,0.02118905574984571,0.056641294658163616,0.06493862716862099,0.0892820407323596,0.1228142357539601,0.0811218542138106,0.3825001714324899,0.06130425838304875,0.08283617911266543,0.05856133854488103,SHAWNESSY,14583,2916.6,7.978516639494471,0.1044665763788435,-0.1313972237843224,2
SHS,0.014255167498218105,0.03682584937039677,0.011166547873604181,0.018769303872653836,0.0137799952482775,0.01639344262295082,0.010453789498693276,0.04537894986932763,0.052506533618436685,0.6780708006652412,0.013304822998336897,0.016155856497980518,0.03468757424566405,0.012592064623425991,0.00831551437396056,0.017343787122832025,0.07792824899025896,0.044191019244476125,0.09693513898788311,0.1221192682347351,0.06747445949156569,0.43359467807080065,0.06248515086718936,0.05345687811831789,0.0418151579947731,SHAWNEE SLOPES,4209,841.8,6.736729681930034,0.11444094773291733,0.21489412999627788,2
SHW,0.01582824008776054,0.023350572010656635,0.02178341952671995,0.012850650368280835,0.021626704278326282,0.03620122237893747,0.00861933866165178,0.04168625607271587,0.05782792665726375,0.6415922269236797,0.007522331922896097,0.012537219871493496,0.06362639084782949,0.012380504623099827,0.019746121297602257,0.0028208744710860366,0.09230528130387086,0.055790628428146055,0.07679047171289767,0.1006111894687353,0.07522331922896097,0.3772136028835606,0.11252154834665413,0.06566368907694718,0.04388026955022724,SHERWOOD,6381,1276.2,7.152425460840627,0.09771544475960968,-0.1538468115821896,2
SIG,0.019016030956329463,0.01658374792703151,0.009563294637921504,0.01265892758430072,0.019071310116086235,0.02023217247097844,0.015865118850193476,0.0326147042564953,0.04040906578220011,0.6366500829187396,0.0205085682697623,0.020398009950248756,0.06959646213377557,0.023659480375898285,0.019126589275843008,0.02404643449419569,0.06716417910447761,0.06478717523493643,0.07197346600331675,0.10199004975124377,0.10950801547816473,0.40298507462686567,0.06932006633499171,0.06202321724709784,0.050248756218905476,SIGNAL HILL,18090,3618.0,8.193953023563742,0.09522166215232149,-0.09133669177087533,2
SIL,0.017444275231898104,0.012944759795098989,0.008376021043887582,0.008722137615949052,0.011491070192440814,0.01820573169043334,0.014536896026581753,0.028589228852277448,0.030596704970233975,0.6738889658036826,0.021182334210161982,0.018897964834556278,0.0814758410632701,0.027412432507268446,0.020559324380451337,0.005676311781808113,0.05544787484424754,0.05136369929392219,0.07725321888412018,0.1014813789284231,0.09192856153952651,0.42669251003738057,0.06382389588813513,0.07427661636439152,0.05773224421985325,SILVER SPRINGS,14446,2889.2,7.96908098286423,0.11662726468037123,-0.22188192048923927,2
SKE,0.016474464579901153,0.02800658978583196,0.0,0.004942339373970346,0.0016474464579901153,0.0032948929159802307,0.0016474464579901153,0.004942339373970346,0.026359143327841845,0.8978583196046128,0.0,0.014827018121911038,0.0,0.0,0.0,0.0,0.0214168039538715,0.019769357495881382,0.044481054365733116,0.1696869851729819,0.032948929159802305,0.5255354200988468,0.09060955518945635,0.06260296540362438,0.032948929159802305,SKYLINE EAST,607,121.4,4.807294370078226,0.20341127559205996,0.2115380051939022,3
SKR,0.014449768043197201,0.05194311354475625,0.010951403148528405,0.016579207544299947,0.035896265875732,0.04099171039622785,0.003270210662407788,0.04616320632747738,0.09559662331736253,0.5660506502395619,0.009126169290440338,0.011027454559282075,0.045706897862955356,0.012928739828123812,0.01574264202600958,0.02357593733363754,0.12563693056506198,0.0530838847060613,0.08685071108069055,0.08160316373868735,0.06707734428473648,0.36200471518746674,0.13415468856947296,0.045098486576926,0.044490075290896644,SKYVIEW RANCH,13149,2629.8,7.875043261427196,0.08345858392184864,-0.14661288113137427,2
SKW,0.012971698113207548,0.010023584905660377,0.0023584905660377358,0.015330188679245283,0.0023584905660377358,0.0047169811320754715,0.024764150943396228,0.007075471698113208,0.009433962264150943,0.8903301886792453,0.0047169811320754715,0.015919811320754717,0.0,0.0,0.0,0.0,0.012971698113207548,0.3402122641509434,0.10672169811320754,0.13856132075471697,0.01768867924528302,0.29068396226415094,0.027712264150943397,0.04658018867924528,0.018867924528301886,SKYLINE WEST,1696,339.2,5.829533679961761,0.34979211018481193,-0.5003816646049071,3
SNA,0.015260158117300974,0.011215296929582643,0.03033645890788748,0.02803824232395661,0.02840595697738555,0.003401360544217687,0.07933443647729362,0.017742232027946312,0.026659312373598087,0.7004964147821291,0.01112336826622541,0.007170435741864313,0.025831954403382974,0.004136789851075565,0.004044861187718331,0.006802721088435374,0.03667953667953668,0.13550284978856408,0.22743151314579885,0.10167310167310167,0.05837470123184409,0.3120978120978121,0.026751241036955323,0.06287920573634859,0.03861003861003861,SUNALTA,10878,2175.6,7.685519305261961,0.06346457581112429,0.06215226604399415,3
SOC,0.016614664586583464,0.014820592823712949,0.017004680187207487,0.024804992199687986,0.04165366614664587,0.010608424336973479,0.015366614664586583,0.039079563182527303,0.03455538221528861,0.656786271450858,0.014586583463338534,0.011310452418096724,0.0514820592823713,0.014586583463338534,0.015210608424336974,0.021528861154446178,0.06349453978159127,0.078003120124805,0.11794071762870514,0.13237129485179408,0.09087363494539781,0.32379095163806554,0.0702808112324493,0.06801872074882995,0.05522620904836194,SOUTH CALGARY,12820,2564.0,7.84971375760487,0.06032584504823558,0.031957982278801644,2
SOM,0.018072289156626505,0.021760511433489057,0.01549053356282272,0.008974674207032211,0.042045733956233095,0.023850504057044506,0.015367592820260635,0.042660437669043524,0.07118268994344726,0.5670027046963364,0.014261126137201869,0.01967051880993361,0.06884681583476764,0.029505778214900417,0.01868699286943693,0.022621096631423653,0.10253257929677895,0.07819031226948611,0.09282026063437424,0.08544381608064913,0.08372264568477994,0.35701991640029507,0.0724120973690681,0.062330956478977136,0.06552741578559135,SOMERSET,8134,1626.8,7.394984688892941,0.1510423465482921,-0.24732972425175692,2
SOV,0.01984658468281992,0.008157798611956655,0.040423718495068796,0.033727018141970044,0.03530987458906611,0.004505052964811884,0.04078899305978327,0.007549007670765859,0.015828564470960673,0.6666260806039206,0.02508218677706076,0.01862900280043833,0.03737976378911482,0.012054060635577743,0.015463289906246194,0.01862900280043833,0.024351637647631805,0.10921709484962863,0.17983684402776087,0.10093753804943383,0.07378546207232436,0.3594301716790454,0.03591866553025691,0.06806282722513089,0.04845975891878729,SOUTHVIEW,8213,1642.6,7.404644237009254,0.07616045237268497,0.0006240249812483611,2
SOW,0.01669472502805836,0.010171156004489338,0.01936026936026936,0.02132435465768799,0.03324915824915825,0.014590347923681257,0.03310886644219978,0.020412457912457913,0.023849607182940515,0.6711560044893379,0.017957351290684626,0.025603254769921438,0.04208754208754209,0.019570707070707072,0.012485970819304153,0.018378226711560045,0.038369809203142535,0.07709034792368126,0.1297699214365881,0.11132154882154882,0.07842312008978676,0.3757716049382716,0.06137766554433221,0.08971661054994388,0.038159371492704826,SOUTHWOOD,14256,2851.2,7.955845905302667,0.03789128867382158,-0.00195607779983753,2
SPH,0.015874097288458917,0.019757460144433848,0.018122359994549666,0.014307126311486578,0.05457146750238452,0.01859926420493255,0.010491892628423491,0.04741790434664123,0.04455647908434392,0.6426624880773948,0.012126992778307671,0.013080801199073443,0.04060498705545715,0.020506881046464098,0.020983785256846983,0.006336013080801199,0.07603215696961439,0.0685379479493119,0.10648589726120725,0.09245128764136804,0.07208066494072762,0.39698869055729663,0.09129309170186674,0.046804741790434666,0.04932552118817277,SPRINGBANK HILL,14678,2935.6,7.985007728528837,0.11721598955428456,-0.052207454794937824,2
SPR,0.017738946253640454,0.018797987821021975,0.023166534286470745,0.03309504898067249,0.021180831347630394,0.008737092930897538,0.03772835583796664,0.03137410643367752,0.04328832406671962,0.6574000529520784,0.030315064866296003,0.011781837437119407,0.03719883505427588,0.006751389992057188,0.010458035477892508,0.010987556261583268,0.06619009796134498,0.08617950754567116,0.14707439767010855,0.1108022239872915,0.05096637543023564,0.39303680169446653,0.047259729944400315,0.059438707969287796,0.03905215779719354,SPRUCE CLIFF,7554,1510.8,7.321056272858076,0.14271174556289562,-0.039058014525013895,2
SRI,0.010023130300693909,0.015420200462606014,0.0030840400925212026,0.04548959136468774,0.0,0.013878180416345412,0.004626060138781804,0.006168080185042405,0.025443330763299923,0.8612181958365459,0.002313030069390902,0.004626060138781804,0.0007710100231303007,0.0030840400925212026,0.002313030069390902,0.0015420200462606013,0.029298380878951428,0.11719352351580571,0.1133384734001542,0.2243639167309175,0.013107170393215111,0.30146491904394757,0.07401696222050887,0.11873554356206631,0.008481110254433308,SADDLE RIDGE INDUSTRIAL,1297,259.4,5.562218910334414,0.13452965024795868,-0.07080813415116616,3
SSD,0.02682482981734852,0.009638066994675473,0.014221203747388287,0.021365505156028846,0.021230707016243175,0.0038417469838916223,0.11188245602210689,0.020624115387207657,0.022309092134528544,0.6784390375412819,0.019006537709779604,0.01206443351081755,0.021230707016243175,0.005054930241962661,0.0036395497742131157,0.008627080946282941,0.03855226797870189,0.12401428860281728,0.1784053380063355,0.11060187369414302,0.03194715912920402,0.3899710183999461,0.030936173080811483,0.07076902338747726,0.024802857720563457,SUNNYSIDE,14837,2967.4,7.995778366095979,0.05298527200409175,-0.05326356957840783,3
SSW,0.02344095532950022,0.0035382574082264487,0.004422821760283061,0.04113224237063246,0.013710747456877488,0.010172490048651039,0.04555506413091552,0.009287925696594427,0.010614772224679346,0.6528084918177798,0.022998673153471916,0.033171163202122954,0.05174701459531181,0.020344980097302078,0.03184431667403804,0.025210084033613446,0.017691287041132243,0.06103494029190624,0.13268465280849182,0.14860681114551083,0.09243697478991597,0.3334807607253428,0.04820875718708536,0.1172047766475011,0.048651039363113664,SCARBORO/ SUNALTA WEST,1835,367.0,5.908082938168931,0.5455310350561602,-0.01117330059812538,3
ST1,0.019144144144144143,0.0033783783783783786,0.010135135135135136,0.04335585585585586,0.0045045045045045045,0.0033783783783783786,0.03547297297297297,0.003941441441441441,0.02027027027027027,0.8108108108108109,0.0016891891891891893,0.04279279279279279,0.0011261261261261261,0.0,0.0,0.0,0.018581081081081082,0.05686936936936937,0.10304054054054054,0.2916666666666667,0.005067567567567568,0.32657657657657657,0.07713963963963964,0.11936936936936937,0.0016891891891891893,STONEY 1,1776,355.2,5.875492370855561,0.07176017287412591,0.12131750033058442,3
ST2,0.011635027556644213,0.004898958971218616,0.006736068585425597,0.004286589099816289,0.013472137170851195,0.003674219228413962,0.00612369871402327,0.004286589099816289,0.02020820575627679,0.8928352725045928,0.000612369871402327,0.03061849357011635,0.0,0.0,0.0,0.000612369871402327,0.018983466013472138,0.03551745254133497,0.06001224739742805,0.20575627679118189,0.006736068585425597,0.39069197795468463,0.12737293325168403,0.15125535823637476,0.003674219228413962,STONEY 2,1633,326.6,5.791793351978915,0.0642477854082134,-0.11414534521355879,3
ST3,0.005054151624548736,0.01901323706377858,0.0009626955475330926,0.0016847172081829122,0.0004813477737665463,0.042839951865222624,0.00024067388688327315,0.011070998796630566,0.03393501805054152,0.8782190132370638,0.00024067388688327315,0.006257521058965102,0.0,0.0,0.0,0.0,0.047653429602888084,0.06570397111913358,0.019735258724428398,0.15162454873646208,0.0009626955475330926,0.37545126353790614,0.27870036101083034,0.05776173285198556,0.0024067388688327317,STONEY 3,4155,831.0,6.723832440821209,0.25988183174256363,-0.33925685874829803,3
STA,0.016319869441044473,0.00897592819257446,0.014075887392900856,0.012035903712770298,0.025499796001631988,0.02284781721746226,0.014075887392900856,0.014483884128926969,0.018767849857201143,0.7288861689106487,0.037535699714402286,0.014075887392900856,0.037943696450428395,0.008771929824561403,0.011831905344757242,0.0138718890248878,0.03223174214606283,0.056303549571603426,0.0828233374133007,0.15687474500204,0.04141166870665035,0.40126478988168096,0.0915952672378621,0.09873521011831905,0.03875968992248062,ST. ANDREWS HEIGHTS,4902,980.4,6.888980123655803,0.10709574318008458,-0.06641006570767516,3
STD,0.010338345864661654,0.012218045112781954,0.010338345864661654,0.03665413533834586,0.007518796992481203,0.016917293233082706,0.007518796992481203,0.0018796992481203006,0.02443609022556391,0.8552631578947368,0.0037593984962406013,0.013157894736842105,0.0,0.0,0.0,0.0,0.03195488721804511,0.05639097744360902,0.06672932330827068,0.17199248120300753,0.022556390977443608,0.46898496240601506,0.08270676691729323,0.09022556390977443,0.008458646616541353,STARFIELD,1064,212.8,5.365040998590945,0.10922087872975712,0.17362584982640072,3
STR,0.02397947802810618,0.015279946464421146,0.013160829801472228,0.010484050858799911,0.023421815748382778,0.025987062235110416,0.01193397278608075,0.038590229756859246,0.03502119116662949,0.6300468436314968,0.0205219718938211,0.016283738567923266,0.07283069373187598,0.029109971001561454,0.025429399955387018,0.007918804372072274,0.062123577961186706,0.050524202542939996,0.07885344635288868,0.11097479366495651,0.08521079634173545,0.39080972563015837,0.08911443229979925,0.0727191612759313,0.05966986393040375,STRATHCONA PARK,8966,1793.2,7.492314519125183,0.1041481151454486,-0.13881949153517947,2
SUN,0.013175524787851719,0.006029477445288075,0.002009825815096025,0.010495757034390353,0.01027244305493524,0.021438142027690933,0.01786511835640911,0.0033497096918267085,0.01205895489057615,0.8899062081286289,0.0013398838767306833,0.011165698972755694,0.0006699419383653417,0.0,0.00022331397945511388,0.0,0.01831174631531934,0.08396605627512282,0.0868691380080393,0.14895042429656097,0.005806163465832961,0.46069673961589996,0.1011612326931666,0.08954890576150067,0.004689593568557392,SUNRIDGE,4478,895.6,6.798609831721339,0.0929459770791283,0.026835752545515845,3
SVO,0.022321905372209763,0.033856669870767915,0.018476983872690377,0.01035992737370501,0.030972978746128376,0.031720602371034926,0.005340168749332479,0.04496422086937947,0.054576524618177934,0.612624158923422,0.01014632062373171,0.009612303748798462,0.05372209761828474,0.023176332372102957,0.014632062373170992,0.023496742497062906,0.09313254298835844,0.05073160311865855,0.09975435223753071,0.13062052760867243,0.12250347110968707,0.3318380860835202,0.07721884011534765,0.046673074869165866,0.04752750186905906,SILVERADO,9363,1872.6,7.535616992843453,0.14817385388085738,0.24413941543723006,2
TAR,0.014740787008119925,0.03235477826358526,0.016864459712679577,0.024234853216739537,0.038163647720174894,0.024547158026233605,0.007120549656464709,0.022236102435977515,0.06995627732667083,0.5697064334790756,0.005621486570893191,0.009868831980012493,0.07457838850718301,0.020112429731417865,0.026545908806995627,0.04334790755777639,0.08469706433479075,0.061336664584634604,0.11380387257963773,0.0877576514678326,0.11305434103685197,0.322423485321674,0.08782011242973142,0.05059337913803873,0.07851342910680824,TARADALE,16010,3202.0,8.071843149609158,0.03800122047322228,0.02100100516270942,2
TEM,0.014250138350857776,0.020406751521859435,0.023381294964028777,0.037354731599335916,0.041297731045932484,0.011275594908688433,0.009061981184283342,0.01459601549529607,0.043096292197011624,0.5919341449916989,0.01321250691754289,0.013696734919756502,0.07318760376314333,0.025733259546209187,0.029053680132816822,0.038461538461538464,0.054233536247924735,0.09732982844493636,0.13302434975096847,0.082387935805202,0.12216380741560598,0.30727725511898174,0.05374930824571112,0.0664775871610404,0.08335639180962921,TEMPLE,14456,2891.2,7.9697727371806915,0.035322168892041685,-0.06324788253744451,2
THO,0.017900975872597737,0.009998203915464288,0.026761659582111,0.019876668861881098,0.02328922947973418,0.013829850924983535,0.02251092618092558,0.01849967071783512,0.025264922469017542,0.657127462132551,0.03496377896186314,0.014608154223792132,0.06160569957492666,0.015506196491648206,0.012871939172603724,0.025384661438065018,0.03987307669280968,0.08411662575585224,0.1100401125546309,0.100640603484404,0.0823205412201401,0.4056756271328504,0.05418188349398312,0.06585643297611207,0.057295096689217506,THORNCLIFFE,16703,3340.6,8.114205013182966,0.09661240391673223,-0.14263615961744058,2
TUS,0.02074944336538917,0.02041783125680989,0.010753706949642332,0.010564214316168458,0.030839926097872946,0.028187029229238714,0.015206783836278364,0.04509924676678194,0.046473068359467525,0.569472736747359,0.01681747122080629,0.02254962338339097,0.1024681415509972,0.019091382822492776,0.03335070349140177,0.007958690605902695,0.08313989293666209,0.05741626794258373,0.0861244019138756,0.09976787152399451,0.10336823155999811,0.371358188450424,0.07295466388744137,0.05627931214174049,0.06959116964328012,TUSCANY,21109,4221.8,8.34825369411554,0.05595835898126128,-0.06375560874113084,2
TUX,0.018023540951446787,0.009379597842079451,0.029303580186365866,0.022927905836194213,0.049534085335948996,0.012322216772927906,0.03433055419323198,0.022130946542422755,0.02531878371750858,0.6383030897498774,0.019127023050514957,0.007540461010299166,0.06872241294752329,0.010176557135850908,0.011586562040215792,0.021272682687591957,0.04211623344776851,0.09342815105443845,0.13891613536047082,0.09949730259931339,0.08165767533104464,0.33245463462481606,0.0712972045120157,0.075465914664051,0.06516674840608142,TUXEDO PARK,16312,3262.4,8.09052487565697,0.10411370949592517,-0.18855067572575468,2
UMR,0.012188288035864388,0.007284953768562623,0.014289717007565145,0.014569907537125245,0.02942000560381059,0.007284953768562623,0.03292238722331185,0.01863267021574671,0.018772765480526758,0.6200616419165033,0.04679181843653685,0.02479686186606893,0.08293639674978985,0.02507705239562903,0.01933314653964696,0.02563743345474923,0.030820958251611096,0.06346315494536285,0.10381059120201737,0.14289717007565145,0.10577192490893808,0.3597646399551695,0.04286915102269543,0.08587839731017091,0.0647240123283833,UPPER MOUNT ROYAL,7138,1427.6,7.264450222720872,0.033147410049898844,-0.05998641897391632,2
UND,0.016408114558472554,0.04116945107398568,0.013126491646778043,0.005071599045346062,0.0032816229116945108,0.01879474940334129,0.0062649164677804296,0.09009546539379475,0.0587708830548926,0.7323985680190931,0.0029832935560859188,0.0110381861575179,0.0002983293556085919,0.0002983293556085919,0.0,0.0,0.14230310262529833,0.03251789976133652,0.08890214797136038,0.12619331742243436,0.0038782816229116944,0.4161694510739857,0.1288782816229117,0.05936754176610978,0.0017899761336515514,UNIVERSITY DISTRICT,3352,670.4,6.5093650845459345,0.15290871048962218,-0.1621818887126496,2
UNI,0.011646373742721016,0.007146638433033351,0.014293276866066702,0.009793541556379036,0.0277924827951297,0.014822657490735839,0.013499205929062997,0.014293276866066702,0.01985177342509264,0.7429857067231339,0.024086818422445738,0.021175224986765485,0.04605611434621493,0.01085230280571731,0.008470089994706194,0.013234515616728428,0.030174695606140816,0.05293806246691371,0.07834833245103229,0.13763896241397564,0.06220222339862361,0.438062466913711,0.06537850714663844,0.09608258337744839,0.039174166225516144,UNIVERSITY HEIGHTS,3778,755.6,6.628834712198929,0.11789346327773643,-0.18465413412067289,3
UOC,0.016891891891891893,0.0006756756756756757,0.002702702702702703,0.0030405405405405407,0.00472972972972973,0.03581081081081081,0.01418918918918919,0.0006756756756756757,0.0,0.9023648648648649,0.0016891891891891893,0.01722972972972973,0.0,0.0,0.0,0.0,0.0010135135135135136,0.024324324324324326,0.05641891891891892,0.12837837837837837,0.006756756756756757,0.5668918918918919,0.08581081081081081,0.12567567567567567,0.00472972972972973,UNIVERSITY OF CALGARY,2960,592.0,6.385194398997726,0.1338142795573046,-0.1748727327809636,3
VAF,0.013611615245009074,0.004537205081669692,0.009074410163339383,0.013611615245009074,0.013611615245009074,0.004537205081669692,0.019963702359346643,0.0018148820326678765,0.013611615245009074,0.8802177858439202,0.0027223230490018148,0.017241379310344827,0.004537205081669692,0.0,0.0,0.0009074410163339383,0.015426497277676952,0.0780399274047187,0.15063520871143377,0.17967332123411978,0.013611615245009074,0.39836660617059894,0.05898366606170599,0.09165154264972777,0.013611615245009074,VALLEYFIELD,1102,220.4,5.399971020274537,0.026957260939224945,0.029182766757060108,3
VAL,0.020864883055695775,0.015985192663637893,0.012956419316843345,0.005552751135790005,0.020191822311963654,0.027258960121150935,0.01110550227158001,0.04425374390038701,0.0430758875988558,0.5921251892983341,0.014302540804307588,0.01800437489483426,0.10920410567053676,0.030455998653878512,0.028268551236749116,0.0063940770654551575,0.08531044926804644,0.043244152784788825,0.08312300185091705,0.08261820629311796,0.11139155308766616,0.39592798250042066,0.08850748780077403,0.03600874978966852,0.07386841662460036,VALLEY RIDGE,5943,1188.6,7.081372395145945,0.051990947355640416,-0.07602825025487459,2
VAR,0.01530425219941349,0.013059017595307918,0.010126466275659824,0.015395894428152493,0.024835043988269793,0.01599156891495601,0.022269061583577714,0.025201612903225805,0.031112536656891496,0.7155425219941349,0.019473973607038123,0.019519794721407625,0.03377016129032258,0.02373533724340176,0.011821847507331378,0.002840909090909091,0.0501741202346041,0.08169904692082111,0.09787390029325513,0.11029142228739003,0.05200696480938417,0.4416697214076246,0.0657991202346041,0.06602822580645161,0.0344574780058651,VARSITY,21824,4364.8,8.381556727540262,0.09969046609364585,-0.08025094438263558,2
VIS,0.025769326995246436,0.013009757317988492,0.017513134851138354,0.035776832624468353,0.023267450587940955,0.011008256192144109,0.026019514635976983,0.012509382036527395,0.028271203402551914,0.6957718288716538,0.011758819114335751,0.01701275956967726,0.05253940455341506,0.00825619214410808,0.009256942707030274,0.012259194395796848,0.03677758318739054,0.10983237428071053,0.14335751813860395,0.10507880910683012,0.07455591693770328,0.3665248936702527,0.03977983487615712,0.08881661245934451,0.03527645734300726,VISTA HEIGHTS,3997,799.4,6.685111602709578,0.08361939441043624,0.0077369825021520455,3
WAL,0.018029317237595047,0.035196362781218155,0.026260092498236264,0.010895978678372659,0.03503958610958689,0.04217292466880928,0.01003370698440072,0.06866818217449243,0.0736850356666928,0.5669044446186408,0.014423453790076037,0.010582425335110135,0.02743591753547072,0.017637375558516893,0.016461550521282432,0.026573645841498784,0.13239789919260014,0.05197146664576311,0.1023751665752136,0.08763815944187504,0.09524182801599122,0.32052990515011365,0.10990044681351414,0.03637218781845261,0.06357294034647644,WALDEN,12757,2551.4,7.8447893719941915,0.12699593862285427,-0.1287195269258241,2
WBN,0.01602214579313816,0.012918379330593071,0.012331180270111567,0.013086150490730643,0.028604982803456087,0.021390822917540474,0.013673349551212147,0.03414143108799597,0.036154685009646845,0.5965942454492072,0.01954534015602718,0.041103934233705224,0.06073315996980119,0.03741296871067863,0.02524955960070464,0.031037664625450885,0.06517909571344686,0.05771327908732489,0.09000922741380757,0.10720577132790873,0.10963845314990353,0.3622179347370187,0.06719234963509772,0.07935575874507173,0.061488130190420265,WOODBINE,11921,2384.2,7.777038257248951,0.05912252469696294,-0.038949646999159704,2
WES,0.017837641062977794,0.011649071714597743,0.0018201674554058974,0.018565708045140152,0.002730251183108846,0.009100837277029487,0.015653440116490717,0.0036403349108117948,0.021659992719330178,0.8869676010192937,0.0018201674554058974,0.007826720058245359,0.0007280669821623589,0.0,0.0,0.0,0.029850746268656716,0.12704768838733163,0.11448853294503095,0.13323625773571168,0.037131416090280304,0.41936658172551877,0.057153258099745176,0.057881325081907534,0.023844193665817255,WESTWINDS,5494,1098.8,7.002883624073714,0.051940193389751664,-0.02935990701347002,3
WGT,0.014505572262515478,0.012029011144525032,0.0104369361401026,0.01822041393950115,0.02954183619317177,0.015390058376083496,0.02034318061206439,0.02865735007960375,0.029895630638598975,0.642313815673094,0.054484344595789845,0.012559702812665842,0.06898991685830533,0.016274544489651512,0.012736600035379445,0.013621086148947461,0.050415708473376966,0.060498850168052364,0.10366177251017158,0.12117459755881832,0.0781885724394127,0.415708473376968,0.06156023350433398,0.058376083495489124,0.050415708473376966,WESTGATE,5653,1130.6,7.031387839427412,0.10238972620735172,0.032335380642936506,2
WHI,0.01107392759355035,0.01867964709461515,0.030727106784301794,0.028414968055978096,0.04247033769394585,0.014481289930027381,0.007727411013081838,0.014724672954061454,0.04234864618192881,0.584971098265896,0.01332522056586553,0.013690295101916642,0.08238515363553392,0.029327654396105872,0.0244599939154244,0.04119257681776696,0.0519014298752662,0.08275022817158503,0.12808031639793124,0.10526315789473684,0.12382111347733496,0.305871615454822,0.05762093094006693,0.0588378460602373,0.08585336172801947,WHITEHORN,16435,3287.0,8.098034756176071,0.056128767079896454,0.036975362208417906,2
WHL,0.014238952536824877,0.010692853246044735,0.012438625204582651,0.018876159301691217,0.05853791598472449,0.012329514457174031,0.027823240589198037,0.02602291325695581,0.02673213311511184,0.6244408074195308,0.03136933987997818,0.020185488270594652,0.06470267321331151,0.011838516093835242,0.01745771958537916,0.022313147845062737,0.04331696672122204,0.0828150572831424,0.11309328968903437,0.11789416257501364,0.08385160938352428,0.3485542825968358,0.06988543371522095,0.08150572831423895,0.0590834697217676,WEST HILLHURST,18330,3666.0,8.207129168071326,0.08750675990055565,-0.14282094440257076,2
WIL,0.012426900584795321,0.01160453216374269,0.010416666666666666,0.018092105263157895,0.027320906432748537,0.021290204678362575,0.019279970760233918,0.023026315789473683,0.02284356725146199,0.6850328947368421,0.02503654970760234,0.017635233918128657,0.03134137426900585,0.03289473684210526,0.021929824561403508,0.019828216374269007,0.04194078947368421,0.06697733918128655,0.08991228070175439,0.1335891812865497,0.08452119883040936,0.3663194444444444,0.09475511695906433,0.07821637426900585,0.04376827485380117,WILLOW PARK,10944,2188.8,7.691565494439325,0.06858200443266241,0.019523889168843844,2
WIN,0.01753470410186828,0.012629161882893225,0.01889155620498904,0.021187767456424172,0.026197682914100826,0.012316042166788435,0.016804091430957104,0.025153950527084856,0.03360818286191421,0.6920989458302891,0.029015760359043942,0.010019830915353304,0.03767873917127648,0.01315102807640121,0.012002922450683644,0.021709633649932156,0.050829767247677696,0.07504435862644818,0.1345371046863584,0.10343387955328254,0.06554639390460286,0.3758480325644505,0.08328984448387433,0.05677904185366872,0.05469157707963678,WINSTON HEIGHTS/MOUNTVIEW,9581,1916.2,7.558621067285476,0.07870185148981867,-0.07765414580715913,2
WLD,0.022036682179030934,0.009991787571858746,0.013550506433068711,0.016835477689570215,0.02340542020257323,0.016835477689570215,0.011771147002463728,0.023268546400218998,0.019572953736654804,0.6769778264440186,0.051601423487544484,0.012044894607172188,0.0674787845606351,0.012729263618943333,0.010676156583629894,0.011223651793046812,0.036134683821516564,0.06925814399124007,0.11346838215165617,0.0986860114973994,0.0740487270736381,0.44292362441828637,0.06925814399124007,0.05461264713933753,0.041609635915685735,WILDWOOD,7306,1461.2,7.287697429859215,0.10249714060741293,-0.060560190902460675,2
WND,0.01210592686002522,0.015636822194199245,0.02042875157629256,0.018032786885245903,0.036065573770491806,0.010844892812105928,0.0201765447667087,0.027238335435056747,0.034047919293820936,0.6669609079445145,0.022068095838587643,0.012484237074401008,0.05699873896595208,0.007187894073139975,0.017654476670870115,0.022068095838587643,0.055359394703657,0.09646910466582598,0.1862547288776797,0.10012610340479193,0.08713745271122321,0.3176544766708701,0.053972257250945774,0.05145018915510719,0.051576292559899116,WINDSOR PARK,7930,1586.0,7.369600720526409,0.08770648184611526,0.13558407894226487,2
WOO,0.02158273381294964,0.015776852202448566,0.02069923008961252,0.0165341411081661,0.02675754133535277,0.015019563296731037,0.0165341411081661,0.03130127476965796,0.03622365265682191,0.6195885396945602,0.02839833396440742,0.023475956077243468,0.05894231982834785,0.03092263031679919,0.013504985485295974,0.024738104253439353,0.06159283099835921,0.08128234254701502,0.08620472043417897,0.08999116496276663,0.09415625394421305,0.4030039126593462,0.05578694938785814,0.07913669064748201,0.048845134418780765,WOODLANDS,7923,1584.6,7.368718163575723,0.10869653508324865,-0.17473306189464033,2
WSP,0.016796152423233443,0.02582315945246023,0.013762486126526082,0.014872364039955606,0.022789493155752866,0.026933037365889752,0.01021087680355161,0.052016278209396964,0.050018497965223827,0.613984461709212,0.014502404735479098,0.019755826859045506,0.05697373288938217,0.020199778024417313,0.03529411764705882,0.006067332593414724,0.09034406215316315,0.05231224565297817,0.08967813540510544,0.11409544950055493,0.08412874583795782,0.3729189789123196,0.08072512023677396,0.0586015538290788,0.05719570847206807,WEST SPRINGS,13515,2703.0,7.902487437162855,0.040953676207575736,-0.06410664896502016,2
WWO,0.012779552715654952,0.048862995677504226,0.03927833114076301,0.01240368351813569,0.019733132869761322,0.03063333959781996,0.0015034767900770532,0.06483743657207292,0.042849088517196016,0.6408569817703439,0.004322495771471528,0.007329449351625634,0.007705318549144897,0.015222702499530163,0.02067280586355948,0.03100920879533922,0.09904153354632587,0.015410637098289794,0.1182108626198083,0.0706634091336215,0.17308776545762075,0.31911294869385454,0.10373989851531668,0.01371922570945311,0.08701371922570945,WOLF WILLOW,5321,1064.2,6.970917853939778,0.3094324763145099,0.4236834337733617,2
YKV,0.011898323418063819,0.041373715521903734,0.024607896160086535,0.010005408328826392,0.02785289345592212,0.0335316387236344,0.002163331530557058,0.04840454299621417,0.05191995673336939,0.6479177934018389,0.0037858301784748512,0.008112493239588967,0.018658734451054624,0.020281233098972416,0.015143320713899405,0.03434288804759329,0.08274743104380747,0.022714981070849107,0.09085992428339643,0.05678745267712277,0.20849107625743646,0.31584640346133047,0.09653866955110871,0.027582477014602487,0.09843158464034614,YORKVILLE,3698,739.6,6.607460668479512,0.24571020575925398,0.4259923795209257,2
