weather_code,temperature_2m_mean,temperature_2m_max,temperature_2m_min,apparent_temperature_min,precipitation_sum,rain_sum,snowfall_sum,precipitation_hours,wind_speed_10m_max,wind_gusts_10m_max,date,request_count,year,month,day_of_week,day_of_year,weekend,snow_season,freeze_thaw,month_sin,month_cos,doy_sin,doy_cos,trend,snowfall_sum_lag1,snowfall_sum_lag2,snowfall_sum_lag3,precipitation_sum_lag1,precipitation_sum_lag2,precipitation_sum_lag3,temperature_2m_mean_lag1,temperature_2m_mean_lag2,temperature_2m_mean_lag3,snowfall_3day,precipitation_3day
3,-5.8,-0.7,-8.8,-13.5,0.0,0.0,0.0,0.0,12.4,20.9,2018-01-04,508,2018,1,3,4,0,True,0,0.49999999999999994,0.8660254037844387,0.06875540848113941,0.9976335468520451,0,0.0,0.0,0.0,0.0,0.0,0.0,-3.3,-5.4,-22.0,0.0,0.0
1,-2.7,3.6,-9.0,-13.8,0.0,0.0,0.0,0.0,13.6,22.7,2018-01-05,425,2018,1,4,5,0,True,1,0.49999999999999994,0.8660254037844387,0.08590610426133272,0.9963032375991965,0,0.0,0.0,0.0,0.0,0.0,0.0,-5.8,-3.3,-5.4,0.0,0.0
3,1.4,5.1,-4.7,-9.1,0.0,0.0,0.0,0.0,20.0,35.3,2018-01-06,322,2018,1,5,6,1,True,1,0.49999999999999994,0.8660254037844387,0.10303137904317879,0.9946781061893646,0,0.0,0.0,0.0,0.0,0.0,0.0,-2.7,-5.8,-3.3,0.0,0.0
3,-3.0,0.9,-6.3,-11.0,0.0,0.0,0.0,0.0,10.9,18.4,2018-01-07,318,2018,1,6,7,1,True,1,0.49999999999999994,0.8660254037844387,0.1201261651823505,0.9927586335250793,0,0.0,0.0,0.0,0.0,0.0,0.0,1.4,-2.7,-5.8,0.0,0.0
3,-0.3,3.6,-5.3,-9.8,0.0,0.0,0.0,0.0,13.8,27.0,2018-01-08,709,2018,1,0,8,0,True,1,0.49999999999999994,0.8660254037844387,0.13718540405660057,0.9905453876091833,0,0.0,0.0,0.0,0.0,0.0,0.0,-3.0,1.4,-2.7,0.0,0.0
71,-8.1,-0.8,-18.1,-24.5,0.0,0.0,0.07,0.0,21.8,41.8,2018-01-09,480,2018,1,1,9,0,True,0,0.49999999999999994,0.8660254037844387,0.1542040475626894,0.988039023376751,0,0.0,0.0,0.0,0.0,0.0,0.0,-0.3,-3.0,1.4,0.07,0.0
73,-21.1,-18.0,-23.9,-28.7,2.1,0.0,1.82,12.0,17.2,36.0,2018-01-10,239,2018,1,2,10,0,True,0,0.49999999999999994,0.8660254037844387,0.17117705961019986,0.985240282501282,0,0.07,0.0,0.0,0.0,0.0,0.0,-8.1,-0.3,-3.0,1.8900000000000001,2.1
71,-27.3,-23.9,-30.5,-35.9,0.0,0.0,0.07,0.0,11.1,24.5,2018-01-11,222,2018,1,3,11,0,True,0,0.49999999999999994,0.8660254037844387,0.18809941761179758,0.9821499931752291,0,1.82,0.07,0.0,2.1,0.0,0.0,-21.1,-8.1,-0.3,1.9600000000000002,2.1
3,-24.1,-19.3,-29.1,-34.4,0.0,0.0,0.0,0.0,9.0,18.0,2018-01-12,187,2018,1,4,12,0,True,0,0.49999999999999994,0.8660254037844387,0.20496611396949532,0.9787690698649216,0,0.07,1.82,0.07,0.0,2.1,0.0,-27.3,-21.1,-8.1,1.8900000000000001,2.1
3,-6.2,0.0,-20.4,-25.3,0.0,0.0,0.0,0.0,15.1,25.9,2018-01-13,153,2018,1,5,13,1,True,0,0.49999999999999994,0.8660254037844387,0.22177215755648186,0.975098513039961,0,0.0,0.07,1.82,0.0,0.0,2.1,-24.1,-27.3,-21.1,0.07,0.0
71,-4.1,-1.3,-8.3,-12.9,0.6,0.0,0.98,4.0,13.4,24.5,2018-01-14,64,2018,1,6,14,1,True,0,0.49999999999999994,0.8660254037844387,0.23851257519407648,0.9711394088771653,0,0.0,0.0,0.07,0.0,0.0,0.0,-6.2,-24.1,-27.3,0.98,0.6
71,-9.6,-7.8,-11.0,-16.9,0.0,0.0,0.07,0.0,18.2,37.1,2018-01-15,123,2018,1,0,15,0,True,0,0.49999999999999994,0.8660254037844387,0.2551824131233728,0.9668929289391521,0,0.98,0.0,0.0,0.6,0.0,0.0,-4.1,-6.2,-24.1,1.05,0.6
2,-3.3,4.7,-11.5,-16.3,0.0,0.0,0.0,0.0,15.9,25.2,2018-01-16,216,2018,1,1,16,0,True,1,0.49999999999999994,0.8660254037844387,0.2717767384711357,0.9623603298276545,0,0.07,0.98,0.0,0.0,0.6,0.0,-9.6,-4.1,-6.2,1.05,0.6
3,-0.3,2.9,-6.3,-11.1,0.0,0.0,0.0,0.0,16.3,27.4,2018-01-17,557,2018,1,2,17,0,True,1,0.49999999999999994,0.8660254037844387,0.2882906407095177,0.9575429528116719,0,0.0,0.07,0.98,0.0,0.0,0.6,-3.3,-9.6,-4.1,0.07,0.0
3,3.1,5.0,-0.2,-5.7,0.0,0.0,0.0,0.0,20.9,42.5,2018-01-18,542,2018,1,3,18,0,True,1,0.49999999999999994,0.8660254037844387,0.3047192331091634,0.9524422234305676,0,0.0,0.0,0.07,0.0,0.0,0.0,-0.3,-3.3,-9.6,0.0,0.0
3,-1.1,3.0,-4.3,-9.1,0.0,0.0,0.0,0.0,17.8,36.4,2018-01-19,442,2018,1,4,19,0,True,1,0.49999999999999994,0.8660254037844387,0.321057654185271,0.9470596510722283,0,0.0,0.0,0.0,0.0,0.0,0.0,3.1,-0.3,-3.3,0.0,0.0
3,-2.9,2.6,-7.6,-12.6,0.0,0.0,0.0,0.0,13.3,24.5,2018-01-20,274,2018,1,5,20,1,True,1,0.49999999999999994,0.8660254037844387,0.3373010691361842,0.9413968285264122,0,0.0,0.0,0.0,0.0,0.0,0.0,-1.1,3.1,-0.3,0.0,0.0
3,-2.6,3.8,-7.3,-12.0,0.0,0.0,0.0,0.0,14.0,30.2,2018-01-21,229,2018,1,6,21,1,True,1,0.49999999999999994,0.8660254037844387,0.3534446712740877,0.9354554315134164,0,0.0,0.0,0.0,0.0,0.0,0.0,-2.9,-1.1,3.1,0.0,0.0
3,-0.8,4.1,-3.4,-9.5,0.0,0.0,0.0,0.0,22.5,42.5,2018-01-22,444,2018,1,0,22,0,True,1,0.49999999999999994,0.8660254037844387,0.3694836834473831,0.9292372181882051,0,0.0,0.0,0.0,0.0,0.0,0.0,-2.6,-2.9,-1.1,0.0,0.0
3,-3.4,1.4,-6.9,-11.6,0.0,0.0,0.0,0.0,10.5,22.7,2018-01-23,387,2018,1,1,23,0,True,1,0.49999999999999994,0.8660254037844387,0.38541335945432564,0.9227440286201427,0,0.0,0.0,0.0,0.0,0.0,0.0,-0.8,-2.6,-2.9,0.0,0.0
71,-1.1,4.0,-3.2,-7.6,0.0,0.0,0.07,0.0,11.3,23.0,2018-01-24,403,2018,1,2,24,0,True,1,0.49999999999999994,0.8660254037844387,0.4012289854475009,0.9159777842484877,0,0.0,0.0,0.0,0.0,0.0,0.0,-3.4,-0.8,-2.6,0.07,0.0
3,-5.3,1.0,-9.3,-13.6,0.0,0.0,0.0,0.0,9.5,19.4,2018-01-25,267,2018,1,3,25,0,True,1,0.49999999999999994,0.8660254037844387,0.4169258813287287,0.908940487313808,0,0.07,0.0,0.0,0.0,0.0,0.0,-1.1,-3.4,-0.8,0.07,0.0
3,-10.7,-8.0,-14.6,-19.6,0.0,0.0,0.0,0.0,9.6,22.0,2018-01-26,167,2018,1,4,26,0,True,0,0.49999999999999994,0.8660254037844387,0.4324994021339788,0.901634220265486,0,0.0,0.07,0.0,0.0,0.0,0.0,-5.3,-1.1,-3.4,0.07,0.0
73,-15.2,-12.8,-18.4,-23.1,1.4,0.0,1.12,7.0,14.7,33.1,2018-01-27,81,2018,1,5,27,1,True,0,0.49999999999999994,0.8660254037844387,0.44794493940789115,0.8940611451454876,0,0.0,0.0,0.07,0.0,0.0,0.0,-10.7,-5.3,-1.1,1.12,1.4
71,-17.2,-14.4,-21.1,-25.7,0.3,0.0,0.28,2.0,13.7,26.3,2018-01-28,54,2018,1,6,28,1,True,0,0.49999999999999994,0.8660254037844387,0.4632579225674917,0.88622350294858,0,1.12,0.0,0.0,1.4,0.0,0.0,-15.2,-10.7,-5.3,1.4000000000000001,1.7
51,-7.4,4.8,-17.2,-22.2,0.2,0.2,0.0,1.0,23.7,62.3,2018-01-29,227,2018,1,0,29,0,True,1,0.49999999999999994,0.8660254037844387,0.4784338202547012,0.8781236129591848,0,0.28,1.12,0.0,0.3,1.4,0.0,-17.2,-15.2,-10.7,1.4000000000000001,1.9
71,0.8,4.7,-4.1,-8.2,0.2,0.0,0.14,1.0,30.9,64.8,2018-01-30,212,2018,1,1,30,0,True,1,0.49999999999999994,0.8660254037844387,0.49346814167723735,0.8697638720650646,0,0.0,0.28,1.12,0.2,0.3,1.4,-7.4,-17.2,-15.2,0.42000000000000004,0.7
71,-13.6,-2.5,-17.8,-22.6,0.1,0.0,0.42,1.0,16.5,33.8,2018-01-31,169,2018,1,2,31,0,True,0,0.49999999999999994,0.8660254037844387,0.5083564379375122,0.8611467540480452,0,0.14,0.0,0.28,0.2,0.2,0.3,0.8,-7.4,-17.2,0.56,0.5
3,-15.9,-12.4,-17.7,-22.5,0.0,0.0,0.0,0.0,8.4,20.5,2018-02-01,168,2018,2,3,32,0,True,0,0.8660254037844386,0.5000000000000001,0.5230943033491326,0.8522748088519838,0,0.42,0.14,0.0,0.1,0.2,0.2,-13.6,0.8,-7.4,0.56,0.30000000000000004
3,-17.8,-16.8,-19.3,-24.4,0.0,0.0,0.0,0.0,10.6,24.8,2018-02-02,71,2018,2,4,33,0,True,0,0.8660254037844386,0.5000000000000001,0.5376773767406141,0.8431506618282,0,0.0,0.42,0.14,0.0,0.1,0.2,-15.9,-13.6,0.8,0.42,0.1
73,-20.0,-17.3,-22.3,-27.0,3.9,0.0,3.01,15.0,17.6,36.0,2018-02-03,118,2018,2,5,34,1,True,0,0.8660254037844386,0.5000000000000001,0.5521013427459208,0.8337770129585915,0,0.0,0.0,0.42,0.0,0.0,0.1,-17.8,-15.9,-13.6,3.01,3.9
73,-17.8,-9.5,-26.3,-32.0,2.9,0.0,2.1,9.0,11.9,19.1,2018-02-04,207,2018,2,6,35,1,True,0,0.8660254037844386,0.5000000000000001,0.5663619330814524,0.8241566360566663,0,3.01,0.0,0.0,3.9,0.0,0.0,-20.0,-17.8,-15.9,5.109999999999999,6.8
71,-17.6,-13.3,-22.8,-27.7,0.2,0.0,0.28,1.0,10.8,19.8,2018-02-05,455,2018,2,0,36,0,True,0,0.8660254037844386,0.5000000000000001,0.580454927809098,0.8142923779467267,0,2.1,3.01,0.0,2.9,3.9,0.0,-17.8,-20.0,-17.8,5.39,7.0
3,-15.0,-11.1,-24.0,-29.4,0.0,0.0,0.0,0.0,16.1,32.4,2018-02-06,609,2018,2,1,37,0,True,0,0.8660254037844386,0.5000000000000001,0.5943761565849831,0.804187157621448,0,0.28,2.1,3.01,0.2,2.9,3.9,-17.6,-17.8,-20.0,2.38,3.1
73,-12.1,-9.6,-14.4,-19.2,2.9,0.0,2.73,7.0,10.1,21.2,2018-02-07,438,2018,2,2,38,0,True,0,0.8660254037844386,0.5000000000000001,0.6081214998935418,0.7938439653781019,0,0.0,0.28,2.1,0.0,0.2,2.9,-15.0,-17.6,-17.8,3.0100000000000002,3.1
73,-17.6,-14.4,-22.6,-27.4,9.6,0.0,6.79,17.0,12.0,22.0,2018-02-08,541,2018,2,3,39,0,True,0,0.8660254037844386,0.5000000000000001,0.6216868902665479,0.7832658619336791,0,2.73,0.0,0.28,2.9,0.0,0.2,-12.1,-15.0,-17.6,9.52,12.5
3,-24.2,-14.9,-32.7,-37.8,0.0,0.0,0.0,0.0,9.8,15.8,2018-02-09,721,2018,2,4,40,0,True,0,0.8660254037844386,0.5000000000000001,0.6350683134867438,0.7724559775191742,0,6.79,2.73,0.0,9.6,2.9,0.0,-17.6,-12.1,-15.0,9.52,12.5
3,-14.5,-6.2,-23.5,-29.2,0.0,0.0,0.0,0.0,15.2,25.6,2018-02-10,468,2018,2,5,41,1,True,0,0.8660254037844386,0.5000000000000001,0.6482618097757122,0.7614175109532997,0,0.0,6.79,2.73,0.0,9.6,2.9,-24.2,-17.6,-12.1,6.79,9.6
71,-17.1,-10.8,-28.1,-33.4,1.1,0.0,1.05,6.0,19.6,28.1,2018-02-11,305,2018,2,6,42,1,True,0,0.8660254037844386,0.5000000000000001,0.6612634749656386,0.7501537286959042,0,0.0,0.0,6.79,0.0,0.0,9.6,-14.5,-24.2,-17.6,1.05,1.1
3,-18.0,-5.4,-28.9,-34.4,0.0,0.0,0.0,0.0,19.5,32.0,2018-02-12,724,2018,2,0,43,0,True,0,0.8660254037844386,0.5000000000000001,0.6740694616546161,0.7386679638813748,0,1.05,0.0,0.0,1.1,0.0,0.0,-17.1,-14.5,-24.2,1.05,1.1
3,2.1,7.1,-5.0,-11.5,0.0,0.0,0.0,0.0,27.5,54.4,2018-02-13,844,2018,2,1,44,0,True,1,0.8660254037844386,0.5000000000000001,0.6866759803451553,0.726963615332308,0,0.0,1.05,0.0,0.0,1.1,0.0,-18.0,-17.1,-14.5,1.05,1.1
71,-6.6,0.1,-14.8,-19.6,0.0,0.0,0.42,0.0,24.7,49.3,2018-02-14,857,2018,2,2,45,0,True,1,0.8660254037844386,0.5000000000000001,0.6990793005655562,0.7150441465537444,0,0.0,0.0,1.05,0.0,0.0,1.1,2.1,-18.0,-17.1,0.42,0.0
71,-15.0,-9.5,-22.2,-27.4,0.1,0.0,0.21,1.0,15.9,23.0,2018-02-15,431,2018,2,3,46,0,True,0,0.8660254037844386,0.5000000000000001,0.7112757519738152,0.7029130847082615,0,0.42,0.0,0.0,0.0,0.0,0.0,-6.6,2.1,-18.0,0.63,0.1
71,-5.6,-2.6,-11.8,-16.5,0.3,0.0,0.42,2.0,16.9,33.8,2018-02-16,685,2018,2,4,47,0,True,0,0.8660254037844386,0.5000000000000001,0.7232617254437388,0.6905740195722293,0,0.21,0.42,0.0,0.1,0.0,0.0,-15.0,-6.6,2.1,1.0499999999999998,0.4
73,-13.4,-12.3,-14.6,-19.3,3.0,0.0,2.31,11.0,11.5,20.9,2018-02-17,131,2018,2,5,48,1,True,0,0.8660254037844386,0.5000000000000001,0.7350336741329413,0.6780306024735382,0,0.42,0.21,0.42,0.3,0.1,0.0,-5.6,-15.0,-6.6,2.94,3.4
71,-17.0,-14.1,-23.8,-28.6,0.6,0.0,0.77,4.0,20.3,41.4,2018-02-18,141,2018,2,6,49,1,True,0,0.8660254037844386,0.5000000000000001,0.746588114532413,0.6652865452111116,0,2.31,0.42,0.21,3.0,0.3,0.1,-13.4,-5.6,-15.0,3.5,3.9
3,-21.1,-14.1,-27.6,-33.1,0.0,0.0,0.0,0.0,11.2,20.2,2018-02-19,230,2018,2,0,50,0,True,0,0.8660254037844386,0.5000000000000001,0.7579216274973472,0.6523456189565257,0,0.77,2.31,0.42,0.6,3.0,0.3,-17.0,-13.4,-5.6,3.08,3.6
3,-16.2,-9.4,-23.8,-29.6,0.0,0.0,0.0,0.0,15.1,32.4,2018-02-20,583,2018,2,1,51,0,True,0,0.8660254037844386,0.5000000000000001,0.7690308592589181,0.6392116531380588,0,0.0,0.77,2.31,0.0,0.6,3.0,-21.1,-17.0,-13.4,0.77,0.6
3,-17.1,-7.8,-23.9,-29.6,0.0,0.0,0.0,0.0,11.9,22.7,2018-02-21,514,2018,2,2,52,0,True,0,0.8660254037844386,0.5000000000000001,0.7799125224167177,0.6258885343075018,0,0.0,0.0,0.77,0.0,0.0,0.6,-16.2,-21.1,-17.0,0.0,0.0
71,-12.2,-7.0,-18.2,-23.5,0.0,0.0,0.28,0.0,13.2,26.3,2018-02-22,456,2018,2,3,53,0,True,0,0.8660254037844386,0.5000000000000001,0.7905633969115482,0.612380204990065,0,0.0,0.0,0.0,0.0,0.0,0.0,-17.1,-16.2,-21.1,0.28,0.0
3,-11.1,-2.3,-20.4,-25.7,0.0,0.0,0.0,0.0,18.7,32.4,2018-02-23,381,2018,2,4,54,0,True,0,0.8660254037844386,0.5000000000000001,0.8009803309782905,0.5986906625177214,0,0.28,0.0,0.0,0.0,0.0,0.0,-12.2,-17.1,-16.2,0.28,0.0
71,-5.0,-0.8,-8.3,-14.3,0.6,0.0,0.56,4.0,19.4,37.8,2018-02-24,364,2018,2,5,55,1,True,0,0.8660254037844386,0.5000000000000001,0.8111602420785621,0.5848239578463322,0,0.0,0.28,0.0,0.0,0.0,0.0,-11.1,-12.2,-17.1,0.8400000000000001,0.6
3,-3.9,2.1,-8.1,-13.8,0.0,0.0,0.0,0.0,21.2,51.5,2018-02-25,407,2018,2,6,56,1,True,1,0.8660254037844386,0.5000000000000001,0.8211001178128892,0.5707841943569036,0,0.56,0.0,0.28,0.6,0.0,0.0,-5.0,-11.1,-12.2,0.56,0.6
3,-6.4,0.5,-12.4,-17.0,0.0,0.0,0.0,0.0,17.5,37.8,2018-02-26,606,2018,2,0,57,0,True,1,0.8660254037844386,0.5000000000000001,0.8307970168121247,0.5565755266413303,0,0.0,0.56,0.0,0.0,0.6,0.0,-3.9,-5.0,-11.1,0.56,0.6
51,-2.6,3.3,-7.4,-12.8,0.1,0.1,0.0,1.0,26.3,58.0,2018-02-27,698,2018,2,1,58,0,True,1,0.8660254037844386,0.5000000000000001,0.8402480696078469,0.5422021592729844,0,0.0,0.0,0.56,0.0,0.0,0.6,-6.4,-3.9,-5.0,0.0,0.1
2,-4.5,2.6,-9.9,-15.3,0.0,0.0,0.0,0.0,11.6,27.7,2018-02-28,756,2018,2,2,59,0,True,1,0.8660254037844386,0.5000000000000001,0.8494504794814806,0.527668345562516,0,0.0,0.0,0.0,0.1,0.0,0.0,-2.6,-6.4,-3.9,0.0,0.1
73,-7.1,-3.6,-11.4,-15.8,1.7,0.0,1.26,6.0,17.0,38.9,2018-03-01,570,2018,3,3,60,0,True,0,1.0,6.123233995736766e-17,0.8584015232918917,0.512978386299228,0,0.0,0.0,0.0,0.0,0.1,0.0,-4.5,-2.6,-6.4,1.26,1.8
73,-8.8,-6.9,-9.8,-14.6,11.6,0.0,8.12,24.0,13.5,29.2,2018-03-02,224,2018,3,4,61,0,True,0,1.0,6.123233995736766e-17,0.8670985522812081,0.4981366284784055,0,1.26,0.0,0.0,1.7,0.0,0.1,-7.1,-4.5,-2.6,9.379999999999999,13.299999999999999
73,-11.0,-9.7,-12.6,-17.5,5.4,0.0,3.92,18.0,16.6,32.0,2018-03-03,811,2018,3,5,62,1,True,0,1.0,6.123233995736766e-17,0.8755389928586302,0.4831474640149687,0,8.12,1.26,0.0,11.6,1.7,0.0,-8.8,-7.1,-4.5,13.299999999999999,18.7
71,-15.5,-11.0,-21.1,-25.3,0.0,0.0,0.07,0.0,9.2,13.3,2018-03-04,891,2018,3,6,63,1,True,0,1.0,6.123233995736766e-17,0.8837203473619977,0.4680153284438345,0,3.92,8.12,1.26,5.4,11.6,1.7,-11.0,-8.8,-7.1,12.11,17.0
3,-18.4,-8.2,-25.6,-30.3,0.0,0.0,0.0,0.0,9.5,17.6,2018-03-05,1187,2018,3,0,64,0,True,0,1.0,6.123233995736766e-17,0.8916401947968874,0.45274469960737107,0,0.07,3.92,8.12,0.0,5.4,11.6,-15.5,-11.0,-8.8,3.9899999999999998,5.4
2,-16.3,-7.6,-24.8,-29.2,0.0,0.0,0.0,0.0,9.9,22.0,2018-03-06,760,2018,3,1,65,0,True,0,1.0,6.123233995736766e-17,0.8992961915530253,0.4373400963303323,0,0.0,0.07,3.92,0.0,0.0,5.4,-18.4,-15.5,-11.0,0.07,0.0
3,-12.9,-4.5,-20.1,-25.0,0.0,0.0,0.0,0.0,8.8,15.5,2018-03-07,770,2018,3,2,66,0,True,0,1.0,6.123233995736766e-17,0.9066860720977985,0.4218060770826634,0,0.0,0.0,0.07,0.0,0.0,0.0,-16.3,-18.4,-15.5,0.0,0.0
71,-12.2,-6.7,-18.3,-23.0,0.2,0.0,0.14,2.0,11.8,25.6,2018-03-08,622,2018,3,3,67,0,True,0,1.0,6.123233995736766e-17,0.9138076496466615,0.4061472386305789,0,0.0,0.0,0.0,0.0,0.0,0.0,-12.9,-16.3,-18.4,0.14,0.2
71,-3.8,2.8,-8.7,-13.1,0.2,0.0,0.14,2.0,22.1,44.3,2018-03-09,768,2018,3,4,68,0,True,1,1.0,6.123233995736766e-17,0.9206588168102428,0.3903682146763026,0,0.14,0.0,0.0,0.2,0.0,0.0,-12.2,-12.9,-16.3,0.28,0.4
1,-5.8,2.6,-13.0,-18.1,0.0,0.0,0.0,0.0,11.0,22.3,2018-03-10,520,2018,3,5,69,1,True,1,1.0,6.123233995736766e-17,0.9272375462179537,0.374473674486883,0,0.14,0.14,0.0,0.2,0.2,0.0,-3.8,-12.2,-12.9,0.28,0.4
0,-5.8,2.9,-14.1,-19.2,0.0,0.0,0.0,0.0,10.7,15.5,2018-03-11,446,2018,3,6,70,1,True,1,1.0,6.123233995736766e-17,0.9335418911179212,0.35846832151248087,0,0.0,0.14,0.14,0.0,0.2,0.2,-5.8,-3.8,-12.2,0.14,0.2
0,-4.4,5.3,-13.0,-18.0,0.0,0.0,0.0,0.0,10.7,23.0,2018-03-12,930,2018,3,0,71,0,True,1,1.0,6.123233995736766e-17,0.9395699859530622,0.342356891994542,0,0.0,0.0,0.14,0.0,0.0,0.2,-5.8,-5.8,-3.8,0.0,0.0
2,-2.0,12.0,-11.2,-16.2,0.0,0.0,0.0,0.0,11.8,20.9,2018-03-13,821,2018,3,1,72,0,True,1,1.0,6.123233995736766e-17,0.945320046913132,0.3261441535642696,0,0.0,0.0,0.0,0.0,0.0,0.0,-4.4,-5.8,-5.8,0.0,0.0
3,-4.9,2.9,-11.7,-15.9,0.0,0.0,0.0,0.0,12.1,23.4,2018-03-14,594,2018,3,2,73,0,True,1,1.0,6.123233995736766e-17,0.9507903724625832,0.3098349038318025,0,0.0,0.0,0.0,0.0,0.0,0.0,-2.0,-4.4,-5.8,0.0,0.0
75,-3.5,-1.5,-6.6,-10.5,11.7,0.0,8.4,15.0,19.0,39.2,2018-03-15,448,2018,3,3,74,0,True,0,1.0,6.123233995736766e-17,0.9559793438440766,0.2934339689665273,0,0.0,0.0,0.0,0.0,0.0,0.0,-4.9,-2.0,-4.4,8.4,11.7
71,-4.5,2.5,-11.5,-15.9,0.5,0.0,0.42,3.0,9.6,20.2,2018-03-16,521,2018,3,4,75,0,True,1,1.0,6.123233995736766e-17,0.9608854255574977,0.27694620226893646,0,8.4,0.0,0.0,11.7,0.0,0.0,-3.5,-4.9,-2.0,8.82,12.2
73,-1.7,1.5,-5.0,-8.8,2.2,0.0,1.61,12.0,8.9,18.4,2018-03-17,360,2018,3,5,76,1,True,1,1.0,6.123233995736766e-17,0.9655071658143364,0.2603764827344581,0,0.42,8.4,0.0,0.5,11.7,0.0,-4.5,-3.5,-4.9,10.43,14.399999999999999
73,-2.8,-1.5,-5.2,-9.0,4.2,0.0,3.08,14.0,12.9,25.9,2018-03-18,448,2018,3,6,77,1,True,0,1.0,6.123233995736766e-17,0.969843196967294,0.24372971360968387,0,1.61,0.42,8.4,2.2,0.5,11.7,-1.7,-4.5,-3.5,5.11,6.9
3,-5.9,1.5,-14.1,-18.6,0.0,0.0,0.0,0.0,10.0,18.7,2018-03-19,1056,2018,3,0,78,0,True,1,1.0,6.123233995736766e-17,0.9738922359149924,0.22701082094141847,0,3.08,1.61,0.42,4.2,2.2,0.5,-2.8,-1.7,-4.5,4.69,6.4
3,-0.8,5.8,-7.3,-11.9,0.0,0.0,0.0,0.0,11.5,22.7,2018-03-20,958,2018,3,1,79,0,True,1,1.0,6.123233995736766e-17,0.9776530844816641,0.2102247521189836,0,0.0,3.08,1.61,0.0,4.2,2.2,-5.9,-2.8,-1.7,3.08,4.2
3,-2.0,7.0,-7.8,-12.4,0.0,0.0,0.0,0.0,10.8,22.3,2018-03-21,796,2018,3,2,80,0,True,1,1.0,6.123233995736766e-17,0.981124629771712,0.19337647441020586,0,0.0,0.0,3.08,0.0,0.0,4.2,-0.8,-5.9,-2.8,0.0,0.0
73,-4.8,-3.2,-7.0,-10.9,4.6,0.0,3.29,16.0,12.2,34.2,2018-03-22,676,2018,3,3,81,0,True,0,1.0,6.123233995736766e-17,0.984305844499033,0.17647097349152166,0,0.0,0.0,0.0,0.0,0.0,0.0,-2.0,-0.8,-5.9,3.29,4.6
71,0.0,5.2,-4.0,-8.5,0.4,0.0,0.35,3.0,17.1,37.1,2018-03-23,394,2018,3,4,82,0,True,1,1.0,6.123233995736766e-17,0.9871957872910085,0.15951325197263655,0,3.29,0.0,0.0,4.6,0.0,0.0,-4.8,-2.0,-0.8,3.64,5.0
71,-1.9,2.6,-6.0,-10.0,0.6,0.0,0.49,3.0,14.7,32.0,2018-03-24,317,2018,3,5,83,1,True,1,1.0,6.123233995736766e-17,0.9897936029670716,0.14250832791617088,0,0.35,3.29,0.0,0.4,4.6,0.0,0.0,-4.8,-2.0,4.13,5.6
3,-5.0,2.2,-11.3,-15.9,0.0,0.0,0.0,0.0,11.5,22.7,2018-03-25,249,2018,3,6,84,1,True,1,1.0,6.123233995736766e-17,0.992098522791769,0.12546123335273648,0,0.49,0.35,3.29,0.6,0.4,4.6,-1.9,0.0,-4.8,0.84,1.0
3,-0.8,5.4,-7.6,-12.7,0.0,0.0,0.0,0.0,20.5,43.6,2018-03-26,449,2018,3,0,85,0,True,1,1.0,6.123233995736766e-17,0.9941098647022418,0.10837701279187609,0,0.0,0.49,0.35,0.0,0.6,0.4,-5.0,-1.9,0.0,0.49,0.6
71,1.7,8.5,-3.4,-8.1,0.9,0.8,0.07,4.0,27.0,64.4,2018-03-27,301,2018,3,1,86,0,True,1,1.0,6.123233995736766e-17,0.9958270335100595,0.09126072172931188,0,0.0,0.0,0.49,0.0,0.0,0.6,-0.8,-5.0,-1.9,0.07,0.9
73,-1.1,2.0,-5.7,-9.8,7.1,0.4,4.76,17.0,8.5,33.1,2018-03-28,331,2018,3,2,87,0,True,1,1.0,6.123233995736766e-17,0.9972495210773451,0.07411742515094437,0,0.07,0.0,0.0,0.9,0.0,0.0,1.7,-0.8,-5.0,4.83,8.0
71,-6.4,-0.5,-11.6,-16.3,0.1,0.0,0.21,1.0,15.8,37.1,2018-03-29,152,2018,3,3,88,0,True,0,1.0,6.123233995736766e-17,0.998376906467142,0.056952196034039754,0,4.76,0.07,0.0,7.1,0.9,0.0,-1.1,1.7,-0.8,5.04,8.1
73,-9.7,-7.0,-12.1,-18.6,2.6,0.0,2.31,14.0,20.7,46.1,2018-03-30,40,2018,3,4,89,0,True,0,1.0,6.123233995736766e-17,0.9992088560679753,0.03977011384605572,0,0.21,4.76,0.07,0.1,7.1,0.9,-6.4,-1.1,1.7,7.279999999999999,9.8
71,-10.9,-5.1,-16.1,-21.1,0.0,0.0,0.14,0.0,11.0,24.8,2018-03-31,218,2018,3,5,90,1,True,0,1.0,6.123233995736766e-17,0.9997451236925734,0.022576263041545485,0,2.31,0.21,4.76,2.6,0.1,7.1,-9.7,-6.4,-1.1,2.66,2.7
73,-10.0,-5.6,-14.0,-18.1,1.5,0.0,1.33,8.0,11.9,29.2,2018-04-01,41,2018,4,6,91,1,True,0,0.8660254037844387,-0.4999999999999998,0.9999855506507186,0.005375731557583884,0,0.14,2.31,0.21,0.0,2.6,0.1,-10.9,-9.7,-6.4,3.7800000000000002,4.1
71,-8.9,-3.2,-12.5,-17.2,0.2,0.0,0.42,2.0,10.2,24.5,2018-04-02,95,2018,4,0,92,0,True,0,0.8660254037844387,-0.4999999999999998,0.9999300657962057,-0.011826390691832589,0,1.33,0.14,2.31,1.5,0.0,2.6,-10.0,-10.9,-9.7,1.8900000000000001,1.7
3,-8.5,0.0,-15.8,-19.9,0.0,0.0,0.0,0.0,14.5,37.4,2018-04-03,162,2018,4,1,93,0,True,0,0.8660254037844387,-0.4999999999999998,0.9995786855478958,-0.029025013321975237,0,0.42,1.33,0.14,0.2,1.5,0.0,-8.9,-10.0,-10.9,1.75,1.7
71,-7.0,2.5,-12.9,-17.9,0.4,0.0,0.42,4.0,20.3,47.2,2018-04-04,152,2018,4,2,94,0,True,1,0.8660254037844387,-0.4999999999999998,0.9989315138848577,-0.046215046983708354,0,0.0,0.42,1.33,0.0,0.2,1.5,-8.5,-8.9,-10.0,0.84,0.6000000000000001
71,-9.3,-5.0,-13.3,-18.7,0.1,0.0,0.21,1.0,15.0,33.8,2018-04-05,91,2018,4,3,95,0,True,0,0.8660254037844387,-0.4999999999999998,0.9979887423155984,-0.06339140486951038,0,0.42,0.0,0.42,0.4,0.0,0.2,-7.0,-8.5,-8.9,0.63,0.5
71,-11.8,-7.6,-15.3,-21.0,0.7,0.0,0.84,7.0,22.0,51.1,2018-04-06,68,2018,4,4,96,0,True,0,0.8660254037844387,-0.4999999999999998,0.9967506498213929,-0.08054900421874167,0,0.21,0.42,0.0,0.1,0.4,0.0,-9.3,-7.0,-8.5,1.47,1.2
75,-9.6,-5.0,-12.7,-18.1,5.8,0.0,4.13,8.0,16.1,40.3,2018-04-07,26,2018,4,5,97,1,True,0,0.8660254037844387,-0.4999999999999998,0.9952176027737294,-0.09768276782171598,0,0.84,0.21,0.42,0.7,0.1,0.4,-11.8,-9.3,-7.0,5.18,6.6
73,-7.0,-3.8,-9.7,-14.4,4.7,0.0,3.36,16.0,10.1,15.8,2018-04-08,65,2018,4,6,98,1,True,0,0.8660254037844387,-0.4999999999999998,0.9933900548258936,-0.11478762552212701,0,4.13,0.84,0.21,5.8,0.7,0.1,-9.6,-11.8,-9.3,8.33,11.2
3,-1.1,10.4,-11.6,-16.0,0.0,0.0,0.0,0.0,11.2,22.7,2018-04-09,125,2018,4,0,99,0,True,1,0.8660254037844387,-0.4999999999999998,0.9912685467787256,-0.13185851571739118,0,3.36,4.13,0.84,4.7,5.8,0.7,-7.0,-9.6,-11.8,7.49,10.5
51,3.3,9.4,-1.8,-5.6,0.1,0.1,0.0,1.0,13.0,30.2,2018-04-10,133,2018,4,1,100,0,True,1,0.8660254037844387,-0.4999999999999998,0.9888537064205885,-0.1488903868564548,0,0.0,3.36,4.13,0.0,4.7,5.8,-1.1,-7.0,-9.6,3.36,4.8
3,2.2,7.3,-1.7,-5.5,0.0,0.0,0.0,0.0,13.0,30.6,2018-04-11,108,2018,4,2,101,0,True,1,0.8660254037844387,-0.4999999999999998,0.986146248341595,-0.16587819893463143,0,0.0,0.0,3.36,0.1,0.0,4.7,3.3,-1.1,-7.0,0.0,0.1
73,-1.8,-0.8,-2.7,-7.3,4.0,0.0,3.01,16.0,13.6,28.1,2018-04-12,76,2018,4,3,102,0,True,0,0.8660254037844387,-0.4999999999999998,0.9831469737221499,-0.1828169249850199,0,0.0,0.0,0.0,0.0,0.1,0.0,2.2,3.3,-1.1,3.01,4.1
71,2.8,9.4,-2.8,-7.3,1.0,0.0,0.77,7.0,13.5,37.8,2018-04-13,81,2018,4,4,103,0,True,1,0.8660254037844387,-0.4999999999999998,0.9798567700958665,-0.1997015525660636,0,3.01,0.0,0.0,4.0,0.0,0.1,-1.8,2.2,3.3,3.78,5.0
51,5.3,10.3,0.9,-3.1,0.1,0.1,0.0,1.0,16.9,40.7,2018-04-14,55,2018,4,5,104,1,True,0,0.8660254037844387,-0.4999999999999998,0.9762766110869321,-0.21652708524481437,0,0.77,3.01,0.0,1.0,4.0,0.0,2.8,-1.8,2.2,3.78,5.1
71,3.3,8.9,-0.3,-3.8,0.8,0.6,0.14,4.0,13.5,30.6,2018-04-15,30,2018,4,6,105,1,True,1,0.8660254037844387,-0.4999999999999998,0.9724075561219968,-0.23328854407545518,0,0.0,0.77,3.01,0.1,1.0,4.0,5.3,2.8,-1.8,0.91,1.9
75,0.1,1.3,-0.9,-5.1,9.8,0.2,6.93,17.0,13.3,36.4,2018-04-16,67,2018,4,0,106,0,True,1,0.8660254037844387,-0.4999999999999998,0.9682507501166718,-0.2499809690726521,0,0.14,0.0,0.77,0.8,0.1,1.0,3.3,5.3,2.8,7.069999999999999,10.700000000000001
73,0.2,6.5,-5.8,-9.7,0.6,0.0,0.56,2.0,10.0,30.6,2018-04-17,50,2018,4,1,107,0,True,1,0.8660254037844387,-0.4999999999999998,0.9638074231367307,-0.26659942067929354,0,6.93,0.14,0.0,9.8,0.8,0.1,0.1,3.3,5.3,7.629999999999999,11.200000000000001
51,2.4,8.3,-3.7,-7.8,0.1,0.1,0.0,1.0,9.7,26.6,2018-04-18,33,2018,4,2,108,0,True,1,0.8660254037844387,-0.4999999999999998,0.9590788900341131,-0.28313898122818354,0,0.56,6.93,0.14,0.6,9.8,0.8,0.2,0.1,3.3,7.49,10.5
3,3.6,10.9,-3.4,-6.7,0.0,0.0,0.0,0.0,17.2,40.0,2018-04-19,21,2018,4,3,109,0,True,1,0.8660254037844387,-0.4999999999999998,0.9540665500578387,-0.2995947563972602,0,0.0,0.56,6.93,0.1,0.6,9.8,2.4,0.2,0.1,0.56,0.7
3,6.4,13.4,-0.2,-4.3,0.0,0.0,0.0,0.0,11.0,22.3,2018-04-20,11,2018,4,4,110,0,True,1,0.8660254037844387,-0.4999999999999998,0.9487718864399473,-0.31596187665790293,0,0.0,0.0,0.56,0.0,0.1,0.6,3.6,2.4,0.2,0.0,0.1
53,6.3,12.0,2.9,-2.4,0.7,0.7,0.0,1.0,31.0,68.4,2018-04-21,11,2018,4,5,111,1,True,0,0.8660254037844387,-0.4999999999999998,0.9431964659565866,-0.33223549871590435,0,0.0,0.0,0.0,0.0,0.0,0.1,6.4,3.6,2.4,0.0,0.7
3,5.2,9.8,1.0,-4.0,0.0,0.0,0.0,0.0,16.6,34.6,2018-04-22,10,2018,4,6,112,1,True,0,0.8660254037844387,-0.4999999999999998,0.9373419384643772,-0.3484108069446808,0,0.0,0.0,0.0,0.7,0.0,0.0,6.3,6.4,3.6,0.0,0.7
3,5.8,13.6,-1.5,-5.0,0.0,0.0,0.0,0.0,12.6,26.3,2018-04-23,12,2018,4,0,113,0,True,1,0.8660254037844387,-0.4999999999999998,0.9312100364121947,-0.3644830148102912,0,0.0,0.0,0.0,0.0,0.7,0.0,5.2,6.3,6.4,0.0,0.7
3,9.7,20.6,-0.4,-4.5,0.0,0.0,0.0,0.0,12.8,32.0,2018-04-24,2,2018,4,1,114,0,True,1,0.8660254037844387,-0.4999999999999998,0.9248025743285089,-0.38044736628785164,0,0.0,0.0,0.0,0.0,0.0,0.7,5.8,5.2,6.3,0.0,0.0
51,8.9,14.7,4.9,0.7,0.6,0.6,0.0,3.0,19.1,46.4,2018-04-25,3,2018,4,2,115,0,True,0,0.8660254037844387,-0.4999999999999998,0.9181214482844364,-0.39629913726891813,0,0.0,0.0,0.0,0.0,0.0,0.0,9.7,5.8,5.2,0.0,0.6
2,11.2,20.9,0.6,-3.5,0.0,0.0,0.0,0.0,12.3,25.6,2018-04-26,3,2018,4,3,116,0,True,0,0.8660254037844387,-0.4999999999999998,0.9111686353326631,-0.41203363695942635,0,0.0,0.0,0.0,0.6,0.0,0.0,8.9,9.7,5.8,0.0,0.6
0,13.0,22.7,2.7,-0.6,0.0,0.0,0.0,0.0,19.8,44.6,2018-04-27,2,2018,4,4,117,0,True,0,0.8660254037844387,-0.4999999999999998,0.9039461929224011,-0.42764620926777464,0,0.0,0.0,0.0,0.0,0.6,0.0,11.2,8.9,9.7,0.0,0.6
3,15.0,26.6,2.2,-0.9,0.0,0.0,0.0,0.0,15.1,40.0,2018-04-28,0,2018,4,5,118,1,True,0,0.8660254037844387,-0.4999999999999998,0.8964562582905575,-0.44313223418263453,0,0.0,0.0,0.0,0.0,0.0,0.6,13.0,11.2,8.9,0.0,0.0
53,7.6,14.0,2.7,-0.4,4.3,4.3,0.0,13.0,27.1,56.2,2018-04-29,0,2018,4,6,119,1,True,0,0.8660254037844387,-0.4999999999999998,0.8887010478292915,-0.45848712914008766,0,0.0,0.0,0.0,0.0,0.0,0.0,15.0,13.0,11.2,0.0,4.3
51,6.9,14.1,1.1,-1.6,0.4,0.4,0.0,2.0,11.2,24.8,2018-04-30,3,2018,4,0,120,0,True,0,0.8660254037844387,-0.4999999999999998,0.8806828564301475,-0.47370635037968,0,0.0,0.0,0.0,4.3,0.0,0.0,7.6,15.0,13.0,0.0,4.7
51,8.1,12.5,3.7,0.4,0.1,0.1,0.0,1.0,22.2,52.2,2018-05-01,2,2018,5,1,121,0,False,0,0.49999999999999994,-0.8660254037844387,0.8724040568049612,-0.48878539428899265,0,0.0,0.0,0.0,0.4,4.3,0.0,6.9,7.6,15.0,0.0,4.8
3,10.9,19.6,1.2,-2.7,0.0,0.0,0.0,0.0,16.5,40.0,2018-05-02,1,2018,5,2,122,0,False,0,0.49999999999999994,-0.8660254037844387,0.8638670987837349,-0.503719798736334,0,0.0,0.0,0.0,0.1,0.4,4.3,8.1,6.9,7.6,0.0,0.5
3,12.9,21.8,2.6,-1.2,0.0,0.0,0.0,0.0,19.6,43.2,2018-05-03,3,2018,5,3,123,0,False,0,0.49999999999999994,-0.8660254037844387,0.8550745085896932,-0.518505144391157,0,0.0,0.0,0.0,0.0,0.1,0.4,10.9,8.1,6.9,0.0,0.1
51,14.3,21.6,7.0,3.5,0.2,0.2,0.0,1.0,13.6,37.1,2018-05-04,1,2018,5,4,124,0,False,0,0.49999999999999994,-0.8660254037844387,0.8460288880917339,-0.533137056031809,0,0.0,0.0,0.0,0.0,0.0,0.1,12.9,10.9,8.1,0.0,0.2
51,13.6,20.7,6.6,4.1,0.1,0.1,0.0,1.0,10.3,27.4,2018-05-05,1,2018,5,5,125,1,False,0,0.49999999999999994,-0.8660254037844387,0.8367329140344921,-0.5476112038402312,0,0.0,0.0,0.0,0.2,0.0,0.0,14.3,12.9,10.9,0.0,0.30000000000000004
3,14.9,23.3,4.3,1.3,0.0,0.0,0.0,0.0,11.5,31.0,2018-05-06,2,2018,5,6,126,1,False,0,0.49999999999999994,-0.8660254037844387,0.8271893372462497,-0.5619233046832195,0,0.0,0.0,0.0,0.1,0.2,0.0,13.6,14.3,12.9,0.0,0.30000000000000004
51,17.1,23.3,10.8,7.1,0.3,0.3,0.0,1.0,15.3,35.3,2018-05-07,3,2018,5,0,127,0,False,0,0.49999999999999994,-0.8660254037844387,0.8174009818249189,-0.5760691233798758,0,0.0,0.0,0.0,0.0,0.1,0.2,14.9,13.6,14.3,0.0,0.39999999999999997
3,15.7,21.9,9.6,6.6,0.0,0.0,0.0,0.0,18.8,45.0,2018-05-08,2,2018,5,1,128,0,False,0,0.49999999999999994,-0.8660254037844387,0.8073707443023492,-0.5900444739548627,0,0.0,0.0,0.0,0.3,0.0,0.1,17.1,14.9,13.6,0.0,0.29999999999999993
53,7.6,11.9,3.6,0.9,4.3,4.3,0.0,12.0,13.8,34.6,2018-05-09,2,2018,5,2,129,0,False,0,0.49999999999999994,-0.8660254037844387,0.7971015927871943,-0.6038452208771035,0,0.0,0.0,0.0,0.0,0.3,0.0,15.7,17.1,14.9,0.0,4.6
71,6.0,10.5,2.7,-0.3,2.7,2.5,0.14,8.0,10.8,27.7,2018-05-10,4,2018,5,3,130,0,False,0,0.49999999999999994,-0.8660254037844387,0.7865965660866021,-0.6174672802835514,0,0.0,0.0,0.0,4.3,0.0,0.3,7.6,15.7,17.1,0.14,7.0
51,8.2,15.3,3.9,0.4,1.0,1.0,0.0,6.0,18.7,38.9,2018-05-11,2,2018,5,4,131,0,False,0,0.49999999999999994,-0.8660254037844387,0.7758587728069828,-0.6309066211876704,0,0.14,0.0,0.0,2.7,4.3,0.0,6.0,7.6,15.7,0.14,8.0
3,13.7,22.9,3.0,-0.9,0.0,0.0,0.0,0.0,12.2,26.3,2018-05-12,7,2018,5,5,132,1,False,0,0.49999999999999994,-0.8660254037844387,0.7648913904341225,-0.6441592666722685,0,0.0,0.14,0.0,1.0,2.7,4.3,8.2,6.0,7.6,0.14,3.7
2,16.1,23.2,7.3,4.1,0.0,0.0,0.0,0.0,15.5,33.8,2018-05-13,1,2018,5,6,133,1,False,0,0.49999999999999994,-0.8660254037844387,0.753697664392914,-0.6572212950663319,0,0.0,0.0,0.14,0.0,1.0,2.7,13.7,8.2,6.0,0.0,1.0
2,17.8,27.9,6.3,3.0,0.0,0.0,0.0,0.0,13.7,32.8,2018-05-14,3,2018,5,0,134,0,False,0,0.49999999999999994,-0.8660254037844387,0.742280907086982,-0.6700888411055113,0,0.0,0.0,0.0,0.0,0.0,1.0,16.1,13.7,8.2,0.0,0.0
1,20.4,29.0,10.2,6.1,0.0,0.0,0.0,0.0,14.8,31.3,2018-05-15,4,2018,5,1,135,0,False,0,0.49999999999999994,-0.8660254037844387,0.7306444969184916,-0.6827580970759147,0,0.0,0.0,0.0,0.0,0.0,0.0,17.8,16.1,13.7,0.0,0.0
3,19.2,25.8,11.7,7.8,0.0,0.0,0.0,0.0,21.3,40.3,2018-05-16,10,2018,5,2,136,0,False,0,0.49999999999999994,-0.8660254037844387,0.7187918772884232,-0.6952253139408722,0,0.0,0.0,0.0,0.0,0.0,0.0,20.4,17.8,16.1,0.0,0.0
55,8.5,13.9,6.4,3.0,7.8,7.8,0.0,15.0,20.8,42.1,2018-05-17,3,2018,5,3,137,0,False,0,0.49999999999999994,-0.8660254037844387,0.7067265555776158,-0.7074868024503348,0,0.0,0.0,0.0,0.0,0.0,0.0,19.2,20.4,17.8,0.0,7.8
53,9.6,15.0,5.7,2.3,1.4,1.4,0.0,4.0,15.1,34.9,2018-05-18,3,2018,5,4,138,0,False,0,0.49999999999999994,-0.8660254037844387,0.6944521021088763,-0.719538934232584,0,0.0,0.0,0.0,7.8,0.0,0.0,8.5,19.2,20.4,0.0,9.2
2,10.4,17.4,2.9,-0.4,0.0,0.0,0.0,0.0,23.5,52.6,2018-05-19,2,2018,5,5,139,1,False,0,0.49999999999999994,-0.8660254037844387,0.6819721490904629,-0.7313781428679254,0,0.0,0.0,0.0,1.4,7.8,0.0,9.6,8.5,19.2,0.0,9.2
1,14.4,24.1,3.3,0.5,0.0,0.0,0.0,0.0,14.9,34.2,2018-05-20,2,2018,5,6,140,1,False,0,0.49999999999999994,-0.8660254037844387,0.6692903895412567,-0.7430009249440493,0,0.0,0.0,0.0,0.0,1.4,7.8,10.4,9.6,8.5,0.0,1.4
2,16.9,24.2,8.3,5.0,0.0,0.0,0.0,0.0,13.0,28.8,2018-05-21,5,2018,5,0,141,0,False,0,0.49999999999999994,-0.8660254037844387,0.6564105761979381,-0.7544038410927472,0,0.0,0.0,0.0,0.0,0.0,1.4,14.4,10.4,9.6,0.0,0.0
2,18.4,25.7,9.6,7.0,0.0,0.0,0.0,0.0,9.7,27.7,2018-05-22,8,2018,5,1,142,0,False,0,0.49999999999999994,-0.8660254037844387,0.6433365204044917,-0.765583517007675,0,0.0,0.0,0.0,0.0,0.0,0.0,16.9,14.4,10.4,0.0,0.0
2,18.8,26.5,7.9,5.7,0.0,0.0,0.0,0.0,12.2,33.5,2018-05-23,13,2018,5,2,143,0,False,0,0.49999999999999994,-0.8660254037844387,0.6300720909843687,-0.7765366444428655,0,0.0,0.0,0.0,0.0,0.0,0.0,18.4,16.9,14.4,0.0,0.0
3,19.6,27.9,10.1,7.7,0.0,0.0,0.0,0.0,21.0,48.6,2018-05-24,11,2018,5,3,144,0,False,0,0.49999999999999994,-0.8660254037844387,0.6166212130956382,-0.7872599821916922,0,0.0,0.0,0.0,0.0,0.0,0.0,18.8,18.4,16.9,0.0,0.0
51,19.0,27.7,8.5,6.4,0.1,0.1,0.0,1.0,12.2,28.8,2018-05-25,7,2018,5,4,145,0,False,0,0.49999999999999994,-0.8660254037844387,0.6029878670694714,-0.7977503570459932,0,0.0,0.0,0.0,0.0,0.0,0.0,19.6,18.8,18.4,0.0,0.1
51,17.1,22.7,12.6,9.6,0.1,0.1,0.0,1.0,22.0,45.4,2018-05-26,1,2018,5,5,146,1,False,0,0.49999999999999994,-0.8660254037844387,0.5891760872322963,-0.8080046647350754,0,0.0,0.0,0.0,0.1,0.0,0.0,19.0,19.6,18.8,0.0,0.2
2,17.4,25.6,7.5,4.6,0.0,0.0,0.0,0.0,15.3,31.7,2018-05-27,2,2018,5,6,147,1,False,0,0.49999999999999994,-0.8660254037844387,0.5751899607119775,-0.8180198708443174,0,0.0,0.0,0.0,0.1,0.1,0.0,17.1,19.0,19.6,0.0,0.2
1,20.7,29.3,8.7,6.6,0.0,0.0,0.0,0.0,17.0,35.3,2018-05-28,7,2018,5,0,148,0,False,0,0.49999999999999994,-0.8660254037844387,0.5610336262283677,-0.8277930117131022,0,0.0,0.0,0.0,0.0,0.1,0.1,17.4,17.1,19.0,0.0,0.1
61,11.7,17.4,7.3,4.9,6.1,6.1,0.0,8.0,24.4,49.3,2018-05-29,2,2018,5,1,149,0,False,0,0.49999999999999994,-0.8660254037844387,0.5467112728685939,-0.8373211953118121,0,0.0,0.0,0.0,0.0,0.0,0.1,20.7,17.4,17.1,0.0,6.1
61,9.8,15.0,5.8,3.3,4.0,4.0,0.0,10.0,12.6,40.0,2018-05-30,7,2018,5,2,150,0,False,0,0.49999999999999994,-0.8660254037844387,0.5322271388474397,-0.8466016020976267,0,0.0,0.0,0.0,6.1,0.0,0.0,11.7,20.7,17.4,0.0,10.1
51,7.1,8.7,5.7,3.6,6.1,6.1,0.0,23.0,15.0,32.8,2018-05-31,5,2018,5,3,151,0,False,0,0.49999999999999994,-0.8660254037844387,0.5175855102531889,-0.8556314858488706,0,0.0,0.0,0.0,4.0,6.1,0.0,9.8,11.7,20.7,0.0,16.2
55,9.6,14.7,6.3,4.6,8.3,8.3,0.0,15.0,7.9,32.0,2018-06-01,6,2018,6,4,152,0,False,0,1.2246467991473532e-16,-1.0,0.5027907197793043,-0.8644081744776648,0,0.0,0.0,0.0,6.1,4.0,6.1,7.1,9.8,11.7,0.0,18.4
51,13.1,20.4,3.7,0.3,0.3,0.3,0.0,3.0,15.9,35.3,2018-06-02,5,2018,6,5,153,1,False,0,1.2246467991473532e-16,-1.0,0.4878471454423119,-0.8729290708206411,0,0.0,0.0,0.0,8.3,6.1,4.0,9.6,7.1,9.8,0.0,14.700000000000001
3,15.2,23.3,5.1,2.4,0.0,0.0,0.0,0.0,17.1,39.2,2018-06-03,4,2018,6,6,154,1,False,0,1.2246467991473532e-16,-1.0,0.47275920928627757,-0.881191653407483,0,0.0,0.0,0.0,0.3,8.3,6.1,13.1,9.6,7.1,0.0,8.600000000000001
51,15.8,19.0,7.7,4.8,0.3,0.3,0.0,1.0,16.8,34.9,2018-06-04,8,2018,6,0,155,0,False,0,1.2246467991473532e-16,-1.0,0.4575313760742512,-0.8891934772070711,0,0.0,0.0,0.0,0.0,0.3,8.3,15.2,13.1,9.6,0.0,0.6
3,11.7,19.5,3.2,0.6,0.0,0.0,0.0,0.0,14.9,32.0,2018-06-05,11,2018,6,1,156,0,False,0,1.2246467991473532e-16,-1.0,0.44216815196707204,-0.8969321743510065,0,0.0,0.0,0.0,0.3,0.0,0.3,15.8,15.2,13.1,0.0,0.3
3,15.2,25.0,3.3,0.0,0.0,0.0,0.0,0.0,10.0,24.1,2018-06-06,5,2018,6,2,157,0,False,0,1.2246467991473532e-16,-1.0,0.42667408318992467,-0.9044054548343001,0,0.0,0.0,0.0,0.0,0.3,0.0,11.7,15.8,15.2,0.0,0.3
51,18.1,27.3,7.7,5.3,0.2,0.2,0.0,1.0,12.8,34.9,2018-06-07,5,2018,6,3,158,0,False,0,1.2246467991473532e-16,-1.0,0.4110537546870351,-0.9116111071930239,0,0.0,0.0,0.0,0.0,0.0,0.3,15.2,11.7,15.8,0.0,0.2
3,20.0,27.4,10.4,7.8,0.0,0.0,0.0,0.0,15.3,33.8,2018-06-08,9,2018,6,4,159,0,False,0,1.2246467991473532e-16,-1.0,0.3953117887649151,-0.9185469991587165,0,0.0,0.0,0.0,0.2,0.0,0.0,18.1,15.2,11.7,0.0,0.2
61,17.7,23.5,11.6,8.5,2.0,2.0,0.0,3.0,18.3,52.9,2018-06-09,1,2018,6,5,160,1,False,0,1.2246467991473532e-16,-1.0,0.37945284372454435,-0.925211078289358,0,0.0,0.0,0.0,0.0,0.2,0.0,20.0,18.1,15.2,0.0,2.2
61,10.0,12.6,7.2,4.1,12.7,12.7,0.0,19.0,14.6,53.3,2018-06-10,0,2018,6,6,161,1,False,0,1.2246467991473532e-16,-1.0,0.36348161248290634,-0.9316013725767187,0,0.0,0.0,0.0,2.0,0.0,0.2,17.7,20.0,18.1,0.0,14.7
53,11.5,17.1,7.1,2.6,0.8,0.8,0.0,2.0,26.3,56.2,2018-06-11,5,2018,6,0,162,0,False,0,1.2246467991473532e-16,-1.0,0.3474028211842774,-0.9377159910299093,0,0.0,0.0,0.0,12.7,2.0,0.0,10.0,17.7,20.0,0.0,15.5
3,13.8,20.3,6.4,0.8,0.0,0.0,0.0,0.0,22.0,43.6,2018-06-12,4,2018,6,1,163,0,False,0,1.2246467991473532e-16,-1.0,0.3312212278016865,-0.9435531242349544,0,0.0,0.0,0.0,0.8,12.7,2.0,11.5,10.0,17.7,0.0,13.5
51,15.4,21.8,7.2,4.4,0.4,0.4,0.0,2.0,11.0,28.1,2018-06-13,7,2018,6,2,164,0,False,0,1.2246467991473532e-16,-1.0,0.31494162072895193,-0.9491110448902284,0,0.0,0.0,0.0,0.0,0.8,12.7,13.8,11.5,10.0,0.0,1.2000000000000002
61,10.0,11.7,7.6,5.7,12.9,12.9,0.0,13.0,17.3,33.8,2018-06-14,1,2018,6,3,165,0,False,0,1.2246467991473532e-16,-1.0,0.2985688173637202,-0.9543881083175908,0,0.0,0.0,0.0,0.4,0.0,0.8,15.4,13.8,11.5,0.0,13.3
53,11.1,15.6,5.9,3.3,1.4,1.4,0.0,2.0,10.8,25.6,2018-06-15,3,2018,6,4,166,0,False,0,1.2246467991473532e-16,-1.0,0.2821076626819194,-0.9593827529490743,0,0.0,0.0,0.0,12.9,0.4,0.0,10.0,15.4,13.8,0.0,14.700000000000001
61,11.6,15.0,8.7,5.5,7.9,7.9,0.0,19.0,18.0,41.8,2018-06-16,0,2018,6,5,167,1,False,0,1.2246467991473532e-16,-1.0,0.26556302780405594,-0.9640935007889755,0,0.0,0.0,0.0,1.4,12.9,0.4,11.1,10.0,15.4,0.0,22.200000000000003
2,14.2,21.0,6.1,3.6,0.0,0.0,0.0,0.0,12.1,29.5,2018-06-17,2,2018,6,6,168,1,False,0,1.2246467991473532e-16,-1.0,0.24893980855376657,-0.9685189578512204,0,0.0,0.0,0.0,7.9,1.4,12.9,11.6,11.1,10.0,0.0,9.3
3,14.6,20.9,7.0,4.9,0.0,0.0,0.0,0.0,14.6,34.2,2018-06-18,1,2018,6,0,169,0,False,0,1.2246467991473532e-16,-1.0,0.23224292400907015,-0.9726578145718654,0,0.0,0.0,0.0,0.0,7.9,1.4,14.2,11.6,11.1,0.0,7.9
3,17.0,23.7,7.9,6.1,0.0,0.0,0.0,0.0,11.2,29.2,2018-06-19,2,2018,6,1,170,0,False,0,1.2246467991473532e-16,-1.0,0.21547731504673012,-0.976508846196619,0,0.0,0.0,0.0,0.0,0.0,7.9,14.6,14.2,11.6,0.0,0.0
2,18.2,25.9,8.3,6.4,0.0,0.0,0.0,0.0,16.1,36.7,2018-06-20,0,2018,6,2,171,0,False,0,1.2246467991473532e-16,-1.0,0.19864794288017112,-0.9800709131432666,0,0.0,0.0,0.0,0.0,0.0,0.0,17.0,14.6,14.2,0.0,0.0
3,18.7,26.1,11.0,10.8,0.0,0.0,0.0,0.0,12.6,23.0,2018-06-21,2,2018,6,3,172,0,False,0,1.2246467991473532e-16,-1.0,0.18175978759137534,-0.9833429613388902,0,0.0,0.0,0.0,0.0,0.0,0.0,18.2,17.0,14.6,0.0,0.0
63,16.4,22.7,12.1,10.4,9.0,9.0,0.0,7.0,15.1,32.4,2018-06-22,0,2018,6,4,173,0,False,0,1.2246467991473532e-16,-1.0,0.16481784665719793,-0.9863240225317866,0,0.0,0.0,0.0,0.0,0.0,0.0,18.7,18.2,17.0,0.0,9.0
61,15.5,19.0,13.4,11.6,10.5,10.5,0.0,20.0,20.7,41.4,2018-06-23,1,2018,6,5,174,1,False,0,1.2246467991473532e-16,-1.0,0.14782713347053048,-0.9890132145779883,0,0.0,0.0,0.0,9.0,0.0,0.0,16.4,18.7,18.2,0.0,19.5
3,19.0,25.3,11.3,10.0,0.0,0.0,0.0,0.0,14.3,31.0,2018-06-24,0,2018,6,6,175,1,False,0,1.2246467991473532e-16,-1.0,0.13079267585675922,-0.9914097417023038,0,0.0,0.0,0.0,10.5,9.0,0.0,15.5,16.4,18.7,0.0,19.5
51,19.2,26.3,12.5,10.3,0.9,0.9,0.0,4.0,24.7,65.9,2018-06-25,1,2018,6,0,176,0,False,0,1.2246467991473532e-16,-1.0,0.11371951458594969,-0.9935128947338007,0,0.0,0.0,0.0,0.0,10.5,9.0,19.0,15.5,16.4,0.0,11.4
3,14.8,19.3,8.4,4.2,0.0,0.0,0.0,0.0,24.2,52.2,2018-06-26,2,2018,6,1,177,0,False,0,1.2246467991473532e-16,-1.0,0.0966127018812031,-0.9953220513156602,0,0.0,0.0,0.0,0.9,0.0,10.5,19.2,19.0,15.5,0.0,0.9
3,15.1,23.2,4.5,1.2,0.0,0.0,0.0,0.0,17.1,37.8,2018-06-27,1,2018,6,2,178,0,False,0,1.2246467991473532e-16,-1.0,0.07947729992362097,-0.9968366760893436,0,0.0,0.0,0.0,0.0,0.9,0.0,14.8,19.2,19.0,0.0,0.9
51,14.4,18.1,9.6,7.2,0.3,0.3,0.0,2.0,13.8,28.8,2018-06-28,2,2018,6,3,179,0,False,0,1.2246467991473532e-16,-1.0,0.062318379354325076,-0.998056320853012,0,0.0,0.0,0.0,0.0,0.0,0.9,15.1,14.8,19.2,0.0,0.3
53,12.6,17.2,8.5,6.9,7.8,7.8,0.0,18.0,7.9,24.5,2018-06-29,0,2018,6,4,180,0,False,0,1.2246467991473532e-16,-1.0,0.04514101777397193,-0.9989806246941579,0,0.0,0.0,0.0,0.3,0.0,0.0,14.4,15.1,14.8,0.0,8.1
61,13.5,20.5,5.9,3.4,1.7,1.7,0.0,1.0,14.0,35.6,2018-06-30,0,2018,6,5,181,1,False,0,1.2246467991473532e-16,-1.0,0.02795029824021032,-0.999609314096404,0,0.0,0.0,0.0,7.8,0.3,0.0,12.6,14.4,15.1,0.0,9.799999999999999
51,13.7,18.2,8.6,6.5,0.9,0.9,0.0,5.0,18.2,42.1,2018-07-01,0,2018,7,6,182,1,False,0,-0.4999999999999997,-0.8660254037844388,0.01075130776352193,-0.9999422030204416,0,0.0,0.0,0.0,1.7,7.8,0.3,13.5,12.6,14.4,0.0,10.399999999999999
55,10.0,14.3,6.9,5.3,4.0,4.0,0.0,11.0,15.6,38.9,2018-07-02,0,2018,7,0,183,0,False,0,-0.4999999999999997,-0.8660254037844388,-0.00645086419810515,-0.9999791929590823,0,0.0,0.0,0.0,0.9,1.7,7.8,13.7,13.5,12.6,0.0,6.6
55,10.7,14.1,8.2,5.4,4.2,4.2,0.0,9.0,16.8,38.9,2018-07-03,0,2018,7,1,184,0,False,0,-0.4999999999999997,-0.8660254037844388,-0.023651127245231586,-0.9997202729664083,0,0.0,0.0,0.0,4.0,0.9,1.7,10.0,13.7,13.5,0.0,9.1
51,14.0,19.2,9.5,7.1,0.9,0.9,0.0,5.0,13.9,33.5,2018-07-04,1,2018,7,2,185,0,False,0,-0.4999999999999997,-0.8660254037844388,-0.04084439154329611,-0.9991655196610109,0,0.0,0.0,0.0,4.2,4.0,0.9,10.7,10.0,13.7,0.0,9.1
3,17.1,25.2,8.1,5.7,0.0,0.0,0.0,0.0,19.0,43.2,2018-07-05,1,2018,7,3,186,0,False,0,-0.4999999999999997,-0.8660254037844388,-0.05802556932878035,-0.9983150972033183,0,0.0,0.0,0.0,0.9,4.2,4.0,14.0,10.7,10.0,0.0,5.1
53,21.8,31.3,11.9,11.0,0.8,0.8,0.0,2.0,18.1,34.9,2018-07-06,0,2018,7,4,187,0,False,0,-0.4999999999999997,-0.8660254037844388,-0.07518957641475855,-0.9971692572470178,0,0.0,0.0,0.0,0.0,0.9,4.2,17.1,14.0,10.7,0.0,1.7000000000000002
51,18.0,24.3,10.0,8.4,0.4,0.4,0.0,2.0,23.9,51.8,2018-07-07,0,2018,7,5,188,1,False,0,-0.4999999999999997,-0.8660254037844388,-0.09233133369539122,-0.9957283388645872,0,0.0,0.0,0.0,0.8,0.0,0.9,21.8,17.1,14.0,0.0,1.2000000000000002
1,16.4,23.8,7.1,5.4,0.0,0.0,0.0,0.0,12.5,26.3,2018-07-08,0,2018,7,6,189,1,False,0,-0.4999999999999997,-0.8660254037844388,-0.10944576864891556,-0.993992768446958,0,0.0,0.0,0.0,0.4,0.8,0.0,18.0,21.8,17.1,0.0,1.2000000000000002
2,19.7,28.6,9.3,8.0,0.0,0.0,0.0,0.0,11.4,28.1,2018-07-09,0,2018,7,0,190,0,False,0,-0.4999999999999997,-0.8660254037844388,-0.12652781683868314,-0.9919630595773397,0,0.0,0.0,0.0,0.0,0.4,0.8,16.4,18.0,21.8,0.0,0.4
63,16.1,21.7,10.8,9.4,7.4,7.4,0.0,6.0,13.4,35.3,2018-07-10,0,2018,7,1,191,0,False,0,-0.4999999999999997,-0.8660254037844388,-0.1435724234118113,-0.9896398128792412,0,0.0,0.0,0.0,0.0,0.0,0.4,19.7,16.4,18.0,0.0,7.4
3,19.0,26.2,12.6,10.2,0.0,0.0,0.0,0.0,16.9,38.2,2018-07-11,0,2018,7,2,192,0,False,0,-0.4999999999999997,-0.8660254037844388,-0.16057454459499376,-0.9870237158387383,0,0.0,0.0,0.0,7.4,0.0,0.0,16.1,19.7,16.4,0.0,7.4
2,19.3,27.9,9.2,7.6,0.0,0.0,0.0,0.0,10.4,27.4,2018-07-12,0,2018,7,3,193,0,False,0,-0.4999999999999997,-0.8660254037844388,-0.17752914918703497,-0.984115542601034,0,0.0,0.0,0.0,0.0,7.4,0.0,19.0,16.1,19.7,0.0,7.4
3,21.1,32.0,10.4,9.4,0.0,0.0,0.0,0.0,31.2,60.5,2018-07-13,0,2018,7,4,194,0,False,0,-0.4999999999999997,-0.8660254037844388,-0.19443122004766195,-0.9809161537413774,0,0.0,0.0,0.0,0.0,0.0,7.4,19.3,19.0,16.1,0.0,0.0
53,14.9,21.9,8.7,5.5,1.3,1.3,0.0,5.0,20.0,42.5,2018-07-14,0,2018,7,5,195,1,False,0,-0.4999999999999997,-0.8660254037844388,-0.2112757555821793,-0.9774264960104055,0,0.0,0.0,0.0,0.0,0.0,0.0,21.1,19.3,19.0,0.0,1.3
3,17.1,26.4,6.2,4.2,0.0,0.0,0.0,0.0,11.4,27.4,2018-07-15,0,2018,7,6,196,1,False,0,-0.4999999999999997,-0.8660254037844388,-0.2280577712215198,-0.9736476020539838,0,0.0,0.0,0.0,1.3,0.0,0.0,14.9,21.1,19.3,0.0,1.3
1,20.9,31.2,9.6,7.7,0.0,0.0,0.0,0.0,15.0,33.5,2018-07-16,1,2018,7,0,197,0,False,0,-0.4999999999999997,-0.8660254037844388,-0.24477230089725957,-0.9695805901076308,0,0.0,0.0,0.0,0.0,1.3,0.0,17.1,14.9,21.1,0.0,1.3
51,22.2,31.9,10.8,9.3,0.2,0.2,0.0,1.0,12.0,29.2,2018-07-17,1,2018,7,1,198,0,False,0,-0.4999999999999997,-0.8660254037844388,-0.2614143985111562,-0.965226663665613,0,0.0,0.0,0.0,0.0,0.0,1.3,20.9,17.1,14.9,0.0,0.2
51,19.5,24.9,13.2,12.7,1.0,1.0,0.0,5.0,16.2,29.5,2018-07-18,1,2018,7,2,199,0,False,0,-0.4999999999999997,-0.8660254037844388,-0.2779791393987801,-0.9605871111248129,0,0.0,0.0,0.0,0.2,0.0,0.0,22.2,20.9,17.1,0.0,1.2
63,17.7,24.3,11.4,10.7,5.8,5.8,0.0,6.0,16.9,44.6,2018-07-19,2,2018,7,3,200,0,False,0,-0.4999999999999997,-0.8660254037844388,-0.2944616217868012,-0.9556633054034704,0,0.0,0.0,0.0,1.0,0.2,0.0,19.5,22.2,20.9,0.0,7.0
2,18.9,28.0,8.5,7.2,0.0,0.0,0.0,0.0,19.4,36.0,2018-07-20,0,2018,7,4,201,0,False,0,-0.4999999999999997,-0.8660254037844388,-0.3108569682435036,-0.9504567035349151,0,0.0,0.0,0.0,5.8,1.0,0.2,17.7,19.5,22.2,0.0,6.8
53,15.0,23.4,7.0,5.5,1.9,1.9,0.0,6.0,19.9,46.4,2018-07-21,0,2018,7,5,202,1,False,0,-0.4999999999999997,-0.8660254037844388,-0.3271603271220951,-0.9449688462364056,0,0.0,0.0,0.0,0.0,5.8,1.0,18.9,17.7,19.5,0.0,7.699999999999999
3,15.2,22.1,7.5,5.4,0.0,0.0,0.0,0.0,26.5,53.6,2018-07-22,0,2018,7,6,203,1,False,0,-0.4999999999999997,-0.8660254037844388,-0.34336687399638804,-0.939201357453208,0,0.0,0.0,0.0,1.9,0.0,5.8,15.0,18.9,17.7,0.0,1.9
55,15.1,22.7,8.2,6.4,2.7,2.7,0.0,4.0,13.2,31.3,2018-07-23,0,2018,7,0,204,0,False,0,-0.4999999999999997,-0.8660254037844388,-0.3594718130884232,-0.9331559438780432,0,0.0,0.0,0.0,0.0,1.9,0.0,15.2,15.0,18.9,0.0,4.6
61,13.4,16.1,10.4,10.1,6.2,6.2,0.0,12.0,17.7,37.1,2018-07-24,0,2018,7,1,205,0,False,0,-0.4999999999999997,-0.8660254037844388,-0.3754703786876202,-0.9268343944460494,0,0.0,0.0,0.0,2.7,0.0,1.9,15.1,15.2,15.0,0.0,8.9
3,15.0,22.1,7.8,6.4,0.0,0.0,0.0,0.0,8.9,24.8,2018-07-25,0,2018,7,2,206,0,False,0,-0.4999999999999997,-0.8660254037844388,-0.3913578365610259,-0.9202385798054075,0,0.0,0.0,0.0,6.2,2.7,0.0,13.4,15.1,15.2,0.0,8.9
53,16.0,24.0,9.4,8.2,1.4,1.4,0.0,2.0,7.9,24.8,2018-07-26,1,2018,7,3,207,0,False,0,-0.4999999999999997,-0.8660254037844388,-0.4071294853542516,-0.9133704517637858,0,0.0,0.0,0.0,0.0,6.2,2.7,15.0,13.4,15.1,0.0,7.6
51,15.7,22.9,7.4,5.4,0.2,0.2,0.0,1.0,6.8,20.5,2018-07-27,0,2018,7,4,208,0,False,0,-0.4999999999999997,-0.8660254037844388,-0.4227806579826773,-0.9062320427107697,0,0.0,0.0,0.0,1.4,0.0,6.2,16.0,15.0,13.4,0.0,1.5999999999999999
1,17.3,26.2,7.0,5.3,0.0,0.0,0.0,0.0,7.6,19.4,2018-07-28,0,2018,7,5,209,1,False,0,-0.4999999999999997,-0.8660254037844388,-0.4383067230125192,-0.898825465016444,0,0.0,0.0,0.0,0.2,1.4,0.0,15.7,16.0,15.0,0.0,1.5999999999999999
0,19.2,28.7,8.5,6.4,0.0,0.0,0.0,0.0,9.4,16.9,2018-07-29,0,2018,7,6,210,1,False,0,-0.4999999999999997,-0.8660254037844388,-0.45370308603134424,-0.8911529104063088,0,0.0,0.0,0.0,0.0,0.2,1.4,17.3,15.7,16.0,0.0,0.2
2,20.7,32.6,10.2,8.6,0.0,0.0,0.0,0.0,18.9,43.2,2018-07-30,1,2018,7,0,211,0,False,0,-0.4999999999999997,-0.8660254037844388,-0.46896519100763184,-0.8832166493127127,0,0.0,0.0,0.0,0.0,0.0,0.2,19.2,17.3,15.7,0.0,0.0
3,19.1,25.8,12.0,11.7,0.0,0.0,0.0,0.0,13.4,36.4,2018-07-31,0,2018,7,1,212,0,False,0,-0.4999999999999997,-0.8660254037844388,-0.48408852163897587,-0.8750190302029955,0,0.0,0.0,0.0,0.0,0.0,0.0,20.7,19.2,17.3,0.0,0.0
61,19.8,29.9,13.1,13.2,2.7,2.7,0.0,2.0,14.5,30.6,2018-08-01,0,2018,8,2,213,0,False,0,-0.8660254037844385,-0.5000000000000004,-0.4990686026885319,-0.8665624788845385,0,0.0,0.0,0.0,0.0,0.0,0.0,19.1,20.7,19.2,0.0,2.7
55,17.9,25.0,11.2,10.4,1.1,1.1,0.0,2.0,14.8,31.3,2018-08-02,0,2018,8,3,214,0,False,0,-0.8660254037844385,-0.5000000000000004,-0.5139010013093103,-0.8578494977869301,0,0.0,0.0,0.0,2.7,0.0,0.0,19.8,19.1,20.7,0.0,3.8000000000000003
55,16.5,25.1,8.8,7.1,1.2,1.2,0.0,1.0,14.1,37.1,2018-08-03,0,2018,8,4,215,0,False,0,-0.8660254037844385,-0.5000000000000004,-0.5285813283559292,-0.8488826652214553,0,0.0,0.0,0.0,1.1,2.7,0.0,17.9,19.8,19.1,0.0,5.0
61,15.3,18.4,11.9,9.6,2.4,2.4,0.0,4.0,17.1,40.3,2018-08-04,0,2018,8,5,216,1,False,0,-0.8660254037844385,-0.5000000000000004,-0.5431052396834317,-0.8396646346181327,0,0.0,0.0,0.0,1.2,1.1,2.7,16.5,17.9,19.8,0.0,4.7
51,17.3,23.7,12.2,11.0,0.3,0.3,0.0,1.0,8.6,17.6,2018-08-05,0,2018,8,6,217,1,False,0,-0.8660254037844385,-0.5000000000000004,-0.5574684374327892,-0.8301981337405212,0,0.0,0.0,0.0,2.4,1.2,1.1,15.3,16.5,17.9,0.0,3.9
2,19.7,29.0,9.4,7.3,0.0,0.0,0.0,0.0,12.6,29.9,2018-08-06,0,2018,8,0,218,0,False,0,-0.8660254037844385,-0.5000000000000004,-0.5716666713027052,-0.8204859638785327,0,0.0,0.0,0.0,0.3,2.4,1.2,17.3,15.3,16.5,0.0,2.7
3,21.8,30.6,13.0,9.9,0.0,0.0,0.0,0.0,13.7,25.2,2018-08-07,0,2018,8,1,219,0,False,0,-0.8660254037844385,-0.5000000000000004,-0.5856957398073508,-0.8105309990194823,0,0.0,0.0,0.0,0.0,0.3,2.4,19.7,17.3,15.3,0.0,0.3
0,20.8,31.3,10.7,9.3,0.0,0.0,0.0,0.0,11.5,26.6,2018-08-08,0,2018,8,2,220,0,False,0,-0.8660254037844385,-0.5000000000000004,-0.5995514915196489,-0.8003361849976323,0,0.0,0.0,0.0,0.0,0.0,0.3,21.8,19.7,17.3,0.0,0.0
0,24.2,35.4,12.5,10.6,0.0,0.0,0.0,0.0,12.5,24.1,2018-08-09,1,2018,8,3,221,0,False,0,-0.8660254037844385,-0.5000000000000004,-0.6132298262997502,-0.7899045386224707,0,0.0,0.0,0.0,0.0,0.0,0.0,20.8,21.8,19.7,0.0,0.0
3,26.7,38.2,15.0,13.4,0.0,0.0,0.0,0.0,12.3,28.8,2018-08-10,0,2018,8,4,222,0,False,0,-0.8660254037844385,-0.5000000000000004,-0.6267266965083301,-0.7792391467859886,0,0.0,0.0,0.0,0.0,0.0,0.0,24.2,20.8,21.8,0.0,0.0
3,20.0,24.1,14.4,12.6,0.0,0.0,0.0,0.0,25.3,49.3,2018-08-11,0,2018,8,5,223,1,False,0,-0.8660254037844385,-0.5000000000000004,-0.6400381082043503,-0.7683431655492202,0,0.0,0.0,0.0,0.0,0.0,0.0,26.7,24.2,20.8,0.0,0.0
51,14.2,21.2,8.9,5.6,0.1,0.1,0.0,1.0,19.4,47.9,2018-08-12,0,2018,8,6,224,1,False,0,-0.8660254037844385,-0.5000000000000004,-0.65316012232693,-0.7572198192083127,0,0.0,0.0,0.0,0.0,0.0,0.0,20.0,26.7,24.2,0.0,0.1
3,13.6,22.2,6.6,4.6,0.0,0.0,0.0,0.0,15.8,33.8,2018-08-13,1,2018,8,0,225,0,False,0,-0.8660254037844385,-0.5000000000000004,-0.666088855860977,-0.7458723993404063,0,0.0,0.0,0.0,0.1,0.0,0.0,14.2,20.0,26.7,0.0,0.1
3,18.9,30.2,7.0,4.6,0.0,0.0,0.0,0.0,11.9,23.0,2018-08-14,0,2018,8,1,226,0,False,0,-0.8660254037844385,-0.5000000000000004,-0.6788204829862355,-0.734304263829602,0,0.0,0.0,0.0,0.0,0.1,0.0,13.6,14.2,20.0,0.0,0.1
51,19.4,27.0,13.2,10.8,0.3,0.3,0.0,1.0,12.6,26.3,2018-08-15,0,2018,8,2,227,0,False,0,-0.8660254037844385,-0.5000000000000004,-0.6913512362094071,-0.722518835873311,0,0.0,0.0,0.0,0.0,0.0,0.1,18.9,13.6,14.2,0.0,0.3
51,19.1,29.6,8.5,7.2,0.8,0.8,0.0,3.0,15.2,31.0,2018-08-16,0,2018,8,3,228,0,False,0,-0.8660254037844385,-0.5000000000000004,-0.7036774074790128,-0.7105196029692745,0,0.0,0.0,0.0,0.3,0.0,0.0,19.4,18.9,13.6,0.0,1.1
1,20.5,30.3,10.5,8.8,0.0,0.0,0.0,0.0,10.5,27.0,2018-08-17,0,2018,8,4,229,0,False,0,-0.8660254037844385,-0.5000000000000004,-0.7157953492826642,-0.6983101158835584,0,0.0,0.0,0.0,0.8,0.3,0.0,19.1,19.4,18.9,0.0,1.1
3,15.8,19.6,10.0,7.8,0.0,0.0,0.0,0.0,17.3,39.2,2018-08-18,0,2018,8,5,230,1,False,0,-0.8660254037844385,-0.5000000000000004,-0.7277014757264236,-0.6858939875998223,0,0.0,0.0,0.0,0.0,0.8,0.3,20.5,19.1,19.4,0.0,0.8
53,13.5,21.6,4.9,2.8,0.9,0.9,0.0,2.0,13.5,32.4,2018-08-19,0,2018,8,6,231,1,False,0,-0.8660254037844385,-0.5000000000000004,-0.7393922635959241,-0.673274892250183,0,0.0,0.0,0.0,0.0,0.0,0.8,15.8,20.5,19.1,0.0,0.9
53,13.9,20.0,9.1,6.5,3.4,3.4,0.0,10.0,10.9,24.8,2018-08-20,0,2018,8,0,232,0,False,0,-0.8660254037844385,-0.5000000000000004,-0.7508642533989489,-0.6604565640279754,0,0.0,0.0,0.0,0.9,0.0,0.0,13.5,15.8,20.5,0.0,4.3
3,16.7,27.1,6.1,3.1,0.0,0.0,0.0,0.0,12.6,22.0,2018-08-21,0,2018,8,1,233,0,False,0,-0.8660254037844385,-0.5000000000000004,-0.7621140503891487,-0.6474427960827475,0,0.0,0.0,0.0,3.4,0.9,0.0,13.9,13.5,15.8,0.0,4.3
0,20.9,32.4,8.5,5.8,0.0,0.0,0.0,0.0,10.7,20.5,2018-08-22,1,2018,8,2,234,0,False,0,-0.8660254037844385,-0.5000000000000004,-0.7731383255706026,-0.6342374393978054,0,0.0,0.0,0.0,0.0,3.4,0.9,16.7,13.9,13.5,0.0,3.4
3,19.8,29.4,10.0,7.6,0.0,0.0,0.0,0.0,20.9,40.3,2018-08-23,0,2018,8,3,235,0,False,0,-0.8660254037844385,-0.5000000000000004,-0.7839338166829201,-0.620844401650647,0,0.0,0.0,0.0,0.0,0.0,3.4,20.9,16.7,13.9,0.0,0.0
61,10.5,16.0,5.0,2.8,9.9,9.9,0.0,10.0,23.1,45.7,2018-08-24,0,2018,8,4,236,0,False,0,-0.8660254037844385,-0.5000000000000004,-0.7944973291665992,-0.6072676460566135,0,0.0,0.0,0.0,0.0,0.0,0.0,19.8,20.9,16.7,0.0,9.9
3,11.6,20.4,2.9,0.4,0.0,0.0,0.0,0.0,8.8,24.1,2018-08-25,0,2018,8,5,237,1,False,0,-0.8660254037844385,-0.5000000000000004,-0.8048257371083452,-0.593511190196115,0,0.0,0.0,0.0,9.9,0.0,0.0,10.5,19.8,20.9,0.0,9.9
53,12.8,18.7,7.1,3.4,2.9,2.9,0.0,5.0,22.1,44.3,2018-08-26,0,2018,8,6,238,1,False,0,-0.8660254037844385,-0.5000000000000004,-0.8149159841660791,-0.5795791048257612,0,0.0,0.0,0.0,0.0,9.9,0.0,11.6,10.5,19.8,0.0,12.8
61,8.1,13.1,4.9,1.4,7.0,7.0,0.0,12.0,24.1,50.4,2018-08-27,0,2018,8,0,239,0,False,0,-0.8660254037844385,-0.5000000000000004,-0.8247650844733614,-0.5654755126737576,0,0.0,0.0,0.0,2.9,0.0,9.9,12.8,11.6,10.5,0.0,9.9
3,11.9,20.6,3.4,0.3,0.0,0.0,0.0,0.0,12.3,25.6,2018-08-28,0,2018,8,1,240,0,False,0,-0.8660254037844385,-0.5000000000000004,-0.8343701235229538,-0.5512045872199277,0,0.0,0.0,0.0,7.0,2.9,0.0,8.1,12.8,11.6,0.0,9.9
51,15.0,21.0,9.1,6.3,0.2,0.2,0.0,1.0,10.9,28.1,2018-08-29,0,2018,8,2,241,0,False,0,-0.8660254037844385,-0.5000000000000004,-0.8437282590292712,-0.5367705514607103,0,0.0,0.0,0.0,0.0,7.0,2.9,11.9,8.1,12.8,0.0,7.2
51,14.0,19.7,8.9,6.3,0.8,0.8,0.0,4.0,15.0,33.1,2018-08-30,0,2018,8,3,242,0,False,0,-0.8660254037844385,-0.5000000000000004,-0.8528367217694595,-0.522177676659508,0,0.0,0.0,0.0,0.2,0.0,7.0,15.0,11.9,8.1,0.0,1.0
3,12.5,21.2,3.2,0.6,0.0,0.0,0.0,0.0,19.9,41.8,2018-08-31,0,2018,8,4,243,0,False,0,-0.8660254037844385,-0.5000000000000004,-0.8616928164028522,-0.5074302810827518,0,0.0,0.0,0.0,0.8,0.2,0.0,14.0,15.0,11.9,0.0,1.0
51,11.7,16.7,7.8,4.0,0.8,0.8,0.0,3.0,21.5,40.0,2018-09-01,0,2018,9,5,244,1,False,0,-1.0,-1.8369701987210297e-16,-0.8702939222685674,-0.49253272872205434,0,0.0,0.0,0.0,0.0,0.8,0.2,12.5,14.0,15.0,0.0,1.6
3,12.0,20.6,3.5,1.1,0.0,0.0,0.0,0.0,8.9,17.6,2018-09-02,0,2018,9,6,245,1,False,0,-1.0,-1.8369701987210297e-16,-0.8786374941610001,-0.4774894280028391,0,0.0,0.0,0.0,0.8,0.0,0.8,11.7,12.5,14.0,0.0,0.8
55,10.0,14.5,6.4,3.2,4.5,4.5,0.0,6.0,22.9,50.8,2018-09-03,0,2018,9,0,246,0,False,0,-1.0,-1.8369701987210297e-16,-0.886721063082993,-0.46230483047981086,0,0.0,0.0,0.0,0.0,0.8,0.0,12.0,11.7,12.5,0.0,5.3
3,8.7,14.7,4.8,1.8,0.0,0.0,0.0,0.0,13.0,26.3,2018-09-04,1,2018,9,1,247,0,False,0,-1.0,-1.8369701987210297e-16,-0.8945422369764496,-0.4469834295196741,0,0.0,0.0,0.0,4.5,0.0,0.8,10.0,12.0,11.7,0.0,4.5
1,11.0,21.0,1.6,-1.5,0.0,0.0,0.0,0.0,14.5,36.4,2018-09-05,0,2018,9,2,248,0,False,0,-1.0,-1.8369701987210297e-16,-0.9020987014301837,-0.43152975897147144,0,0.0,0.0,0.0,0.0,4.5,0.0,8.7,10.0,12.0,0.0,4.5
3,14.4,24.3,4.2,1.7,0.0,0.0,0.0,0.0,12.9,27.0,2018-09-06,0,2018,9,3,249,0,False,0,-1.0,-1.8369701987210297e-16,-0.9093882203647925,-0.4159483918249421,0,0.0,0.0,0.0,0.0,0.0,4.5,11.0,8.7,10.0,0.0,0.0
1,17.0,29.1,6.3,4.6,0.0,0.0,0.0,0.0,8.7,22.7,2018-09-07,0,2018,9,4,250,0,False,0,-1.0,-1.8369701987210297e-16,-0.9164086366943458,-0.4002439388573056,0,0.0,0.0,0.0,0.0,0.0,0.0,14.4,11.0,8.7,0.0,0.0
51,15.4,23.3,9.6,6.7,0.7,0.7,0.0,3.0,17.7,41.8,2018-09-08,0,2018,9,5,251,1,False,0,-1.0,-1.8369701987210297e-16,-0.9231578729647039,-0.38442104726885545,0,0.0,0.0,0.0,0.0,0.0,0.0,17.0,14.4,11.0,0.0,0.7
51,11.3,16.0,8.2,6.6,1.8,1.8,0.0,8.0,9.4,25.9,2018-09-09,0,2018,9,6,252,1,False,0,-1.0,-1.8369701987210297e-16,-0.9296339319682695,-0.3684843993077793,0,0.0,0.0,0.0,0.7,0.0,0.0,15.4,17.0,14.4,0.0,2.5
61,9.8,16.6,4.9,2.8,3.9,3.9,0.0,5.0,12.3,28.8,2018-09-10,0,2018,9,0,253,0,False,0,-1.0,-1.8369701987210297e-16,-0.9358348973349941,-0.35243871088460327,0,0.0,0.0,0.0,1.8,0.7,0.0,11.3,15.4,17.0,0.0,6.4
53,8.9,15.9,2.3,0.0,1.8,1.8,0.0,3.0,8.9,27.4,2018-09-11,2,2018,9,1,254,0,False,0,-1.0,-1.8369701987210297e-16,-0.9417589340994617,-0.33628873017668287,0,0.0,0.0,0.0,3.9,1.8,0.7,9.8,11.3,15.4,0.0,7.5
3,5.3,7.7,0.5,-3.5,0.0,0.0,0.0,0.0,16.3,37.8,2018-09-12,0,2018,9,2,255,0,False,0,-1.0,-1.8369701987210297e-16,-0.9474042892438845,-0.32003923622313857,0,0.0,0.0,0.0,1.8,3.9,1.8,8.9,9.8,11.3,0.0,5.7
71,-0.2,2.0,-1.6,-5.4,0.5,0.1,0.63,4.0,10.1,24.5,2018-09-13,3,2018,9,3,256,0,False,1,-1.0,-1.8369701987210297e-16,-0.9527692922168511,-0.30369503751065885,0,0.0,0.0,0.0,0.0,1.8,3.9,5.3,8.9,9.8,0.63,2.3
71,1.5,5.4,-1.4,-4.7,0.2,0.0,0.42,2.0,13.7,33.8,2018-09-14,14,2018,9,4,257,0,False,1,-1.0,-1.8369701987210297e-16,-0.9578523554276669,-0.28726097055059635,0,0.63,0.0,0.0,0.5,0.0,1.8,-0.2,5.3,8.9,1.05,0.7
51,4.1,5.5,2.6,-0.4,0.2,0.2,0.0,1.0,12.1,25.9,2018-09-15,0,2018,9,5,258,1,False,0,-1.0,-1.8369701987210297e-16,-0.9626519747161487,-0.2707418984477642,0,0.42,0.63,0.0,0.2,0.5,0.0,1.5,-0.2,5.3,1.05,0.9
51,2.9,6.0,1.3,-1.3,2.8,2.8,0.0,12.0,10.0,24.1,2018-09-16,0,2018,9,6,259,1,False,0,-1.0,-1.8369701987210297e-16,-0.9671667297977312,-0.2541427094613622,0,0.0,0.42,0.63,0.2,0.2,0.5,4.1,1.5,-0.2,0.42,3.1999999999999997
51,5.2,10.8,2.4,-0.2,0.9,0.9,0.0,5.0,10.5,27.0,2018-09-17,1,2018,9,0,260,0,False,0,-1.0,-1.8369701987210297e-16,-0.97139528468375,-0.23746831555846842,0,0.0,0.0,0.42,2.8,0.2,0.2,2.9,4.1,1.5,0.0,3.8999999999999995
51,4.6,6.9,2.7,0.1,1.1,1.1,0.0,7.0,9.5,25.2,2018-09-18,1,2018,9,1,261,0,False,0,-1.0,-1.8369701987210297e-16,-0.9753363880767837,-0.2207236509605022,0,0.0,0.0,0.0,0.9,2.8,0.2,5.2,2.9,4.1,0.0,4.8
51,6.2,9.9,3.6,1.2,1.5,1.5,0.0,8.0,13.9,31.7,2018-09-19,1,2018,9,2,262,0,False,0,-1.0,-1.8369701987210297e-16,-0.9789888737409319,-0.20391367068311472,0,0.0,0.0,0.0,1.1,0.9,2.8,4.6,5.2,2.9,0.0,3.5
55,5.2,9.0,0.8,-2.1,2.8,2.8,0.0,4.0,14.0,34.6,2018-09-20,0,2018,9,3,263,0,False,0,-1.0,-1.8369701987210297e-16,-0.9823516608469237,-0.18704334906991657,0,0.0,0.0,0.0,1.5,1.1,0.9,6.2,4.6,5.2,0.0,5.4
73,4.0,6.7,-0.6,-4.0,3.6,2.6,0.7,12.0,14.2,29.5,2018-09-21,0,2018,9,4,264,0,False,1,-1.0,-1.8369701987210297e-16,-0.9854237542919524,-0.17011767832049052,0,0.0,0.0,0.0,2.8,1.5,1.1,5.2,6.2,4.6,0.7,7.9
73,0.1,1.4,-1.2,-4.9,3.0,0.2,2.1,7.0,9.5,31.3,2018-09-22,5,2018,9,5,265,1,False,1,-1.0,-1.8369701987210297e-16,-0.9882042449941422,-0.15314166701312007,0,0.7,0.0,0.0,3.6,2.8,1.5,4.0,5.2,6.2,2.8,9.4
51,3.8,8.2,0.8,-2.3,1.2,1.2,0.0,6.0,9.7,24.8,2018-09-23,0,2018,9,6,266,1,False,0,-1.0,-1.8369701987210297e-16,-0.9906923101615609,-0.13612033862266704,0,2.1,0.7,0.0,3.0,3.6,2.8,0.1,4.0,5.2,2.8000000000000003,7.8
61,6.2,12.2,2.5,-0.4,2.8,2.8,0.0,7.0,16.6,47.9,2018-09-24,3,2018,9,0,267,0,False,0,-1.0,-1.8369701987210297e-16,-0.9928872135356962,-0.11905873003404988,0,0.0,2.1,0.7,1.2,3.0,3.6,3.8,0.1,4.0,2.1000000000000005,7.0
51,8.6,16.4,1.3,-2.2,0.1,0.1,0.0,1.0,13.7,25.6,2018-09-25,1,2018,9,1,268,0,False,0,-1.0,-1.8369701987210297e-16,-0.994788305609327,-0.10196189005174576,0,0.0,0.0,2.1,2.8,1.2,3.0,6.2,3.8,0.1,0.0,4.1
51,9.8,16.5,5.8,2.1,0.4,0.4,0.0,1.0,15.0,30.6,2018-09-26,1,2018,9,2,269,0,False,0,-1.0,-1.8369701987210297e-16,-0.9963950238187231,-0.08483487790576538,0,0.0,0.0,0.0,0.1,2.8,1.2,8.6,6.2,3.8,0.0,3.3
71,3.7,7.0,1.4,-1.2,9.5,9.2,0.21,20.0,13.4,25.9,2018-09-27,1,2018,9,3,270,0,False,0,-1.0,-1.8369701987210297e-16,-0.9977068927101168,-0.06768276175455162,0,0.0,0.0,0.0,0.4,0.1,2.8,9.8,8.6,6.2,0.21,10.0
51,2.9,6.2,-0.0,-3.1,0.1,0.1,0.0,1.0,10.1,27.0,2018-09-28,0,2018,9,4,271,0,False,0,-1.0,-1.8369701987210297e-16,-0.9987235240803972,-0.050510617185222886,0,0.21,0.0,0.0,9.5,0.4,0.1,3.7,9.8,8.6,0.21,10.0
71,1.5,3.4,-1.4,-5.4,0.0,0.0,0.07,0.0,16.0,37.4,2018-09-29,0,2018,9,5,272,1,False,1,-1.0,-1.8369701987210297e-16,-0.9994446170919858,-0.033323525711631344,0,0.0,0.21,0.0,0.1,9.5,0.4,2.9,3.7,9.8,0.28,9.6
71,-2.0,-0.4,-3.8,-8.6,0.8,0.0,0.7,5.0,17.9,39.6,2018-09-30,0,2018,9,6,273,1,False,0,-1.0,-1.8369701987210297e-16,-0.9998699583618592,-0.016126573270657762,0,0.07,0.0,0.21,0.0,0.1,9.5,1.5,2.9,3.7,0.77,0.9
73,-0.8,0.4,-1.7,-5.4,2.6,0.0,1.89,6.0,9.8,24.1,2018-10-01,23,2018,10,0,274,0,True,1,-0.8660254037844386,0.5000000000000001,-0.9999994220246925,0.001075151282798226,0,0.7,0.07,0.0,0.8,0.0,0.1,-2.0,1.5,2.9,2.66,3.4000000000000004
75,-1.9,-1.0,-3.1,-7.1,11.1,0.0,7.77,24.0,12.2,25.2,2018-10-02,274,2018,10,1,275,0,True,0,-0.8660254037844386,0.5000000000000001,-0.999832969770105,0.018276557681691223,0,1.89,0.7,0.07,2.6,0.8,0.0,-0.8,-2.0,1.5,10.36,14.5
73,-2.7,1.1,-7.3,-11.1,3.2,0.0,2.24,6.0,11.8,21.6,2018-10-03,408,2018,10,2,276,0,True,1,-0.8660254037844386,0.5000000000000001,-0.9993706508539969,0.03547255575312556,0,7.77,1.89,0.7,11.1,2.6,0.8,-1.9,-0.8,-2.0,11.9,16.9
3,-2.2,2.0,-6.1,-10.1,0.0,0.0,0.0,0.0,9.4,17.3,2018-10-04,505,2018,10,3,277,0,True,1,-0.8660254037844386,0.5000000000000001,-0.9986126020839734,0.052658056924614005,0,2.24,7.77,1.89,3.2,11.1,2.6,-2.7,-1.9,-0.8,10.01,14.3
3,-0.2,6.3,-6.1,-10.2,0.0,0.0,0.0,0.0,13.0,20.5,2018-10-05,193,2018,10,4,278,0,True,1,-0.8660254037844386,0.5000000000000001,-0.9975590477788613,0.06982797572987089,0,0.0,2.24,7.77,0.0,3.2,11.1,-2.2,-2.7,-1.9,2.24,3.2
3,1.1,10.6,-5.3,-9.4,0.0,0.0,0.0,0.0,10.1,16.6,2018-10-06,56,2018,10,5,279,1,True,1,-0.8660254037844386,0.5000000000000001,-0.9962102997023297,0.0869772313136861,0,0.0,0.0,2.24,0.0,0.0,3.2,-0.2,-2.2,-2.7,0.0,0.0
3,2.0,10.9,-3.9,-8.1,0.0,0.0,0.0,0.0,10.9,18.7,2018-10-07,25,2018,10,6,280,1,True,1,-0.8660254037844386,0.5000000000000001,-0.9945667569706337,0.1041007489354256,0,0.0,0.0,0.0,0.0,0.0,0.0,1.1,-0.2,-2.2,0.0,0.0
71,-1.2,-0.2,-2.6,-6.5,0.3,0.0,0.42,3.0,16.6,33.8,2018-10-08,24,2018,10,0,281,0,True,0,-0.8660254037844386,0.5000000000000001,-0.9926289059345095,0.121193461470736,0,0.0,0.0,0.0,0.0,0.0,0.0,2.0,1.1,-0.2,0.42,0.3
73,-3.6,-2.5,-4.4,-8.6,4.2,0.0,3.29,18.0,12.4,23.4,2018-10-09,160,2018,10,1,282,0,True,0,-0.8660254037844386,0.5000000000000001,-0.9903973200352558,0.1382503109109819,0,0.42,0.0,0.0,0.3,0.0,0.0,-1.2,2.0,1.1,3.71,4.5
71,-1.7,0.1,-3.9,-7.0,0.0,0.0,0.42,0.0,14.0,30.2,2018-10-10,80,2018,10,2,283,0,True,1,-0.8660254037844386,0.5000000000000001,-0.9878726596350429,0.15526624985999563,0,3.29,0.42,0.0,4.2,0.3,0.0,-3.6,-1.2,2.0,4.13,4.5
3,0.9,5.1,-3.3,-6.7,0.0,0.0,0.0,0.0,10.0,23.0,2018-10-11,58,2018,10,3,284,0,True,1,-0.8660254037844386,0.5000000000000001,-0.9850556718215013,0.172236243027682,0,0.42,3.29,0.42,0.0,4.2,0.3,-1.7,-3.6,-1.2,3.71,4.2
71,5.9,14.3,-0.7,-6.8,0.8,0.8,0.07,3.0,29.9,65.2,2018-10-12,24,2018,10,4,285,0,True,1,-0.8660254037844386,0.5000000000000001,-0.981947190186646,0.18915526872004093,0,0.0,0.42,3.29,0.0,0.0,4.2,0.9,-1.7,-3.6,0.49,0.8
71,-0.9,0.8,-2.0,-7.0,1.0,0.0,0.84,6.0,21.3,45.4,2018-10-13,7,2018,10,5,286,1,True,1,-0.8660254037844386,0.5000000000000001,-0.9785481345802031,0.20601832032517084,0,0.07,0.0,0.42,0.8,0.0,0.0,5.9,0.9,-1.7,0.9099999999999999,1.8
3,2.8,11.1,-4.9,-9.0,0.0,0.0,0.0,0.0,19.1,31.7,2018-10-14,9,2018,10,6,287,1,True,1,-0.8660254037844386,0.5000000000000001,-0.9748595108374125,0.22282040779479959,0,0.84,0.07,0.0,1.0,0.8,0.0,-0.9,5.9,0.9,0.91,1.8
3,10.4,19.3,5.6,0.2,0.0,0.0,0.0,0.0,19.5,37.4,2018-10-15,7,2018,10,0,288,0,True,0,-0.8660254037844386,0.5000000000000001,-0.9708824104813836,0.23955655912092708,0,0.0,0.84,0.07,0.0,1.0,0.8,2.8,-0.9,5.9,0.8400000000000001,1.0
3,8.9,19.3,2.7,-1.5,0.0,0.0,0.0,0.0,13.4,24.5,2018-10-16,3,2018,10,1,289,0,True,0,-0.8660254037844386,0.5000000000000001,-0.9666180104000972,0.2562218218071163,0,0.0,0.0,0.84,0.0,0.0,1.0,10.4,2.8,-0.9,0.0,0.0
0,9.8,23.4,2.2,-2.5,0.0,0.0,0.0,0.0,15.1,26.3,2018-10-17,2,2018,10,2,290,0,True,0,-0.8660254037844386,0.5000000000000001,-0.9620675724981452,0.27281126433401914,0,0.0,0.0,0.0,0.0,0.0,0.0,8.9,10.4,2.8,0.0,0.0
3,10.6,18.3,6.5,1.6,0.0,0.0,0.0,0.0,17.0,29.9,2018-10-18,1,2018,10,3,291,0,True,0,-0.8660254037844386,0.5000000000000001,-0.957232443323312,0.28931997761869527,0,0.0,0.0,0.0,0.0,0.0,0.0,9.8,8.9,10.4,0.0,0.0
2,6.0,14.4,-1.6,-5.0,0.0,0.0,0.0,0.0,11.2,20.5,2018-10-19,1,2018,10,4,292,0,True,1,-0.8660254037844386,0.5000000000000001,-0.9521140536681102,0.3057430764672831,0,0.0,0.0,0.0,0.0,0.0,0.0,10.6,9.8,8.9,0.0,0.0
3,8.1,19.2,0.7,-3.0,0.0,0.0,0.0,0.0,15.5,28.8,2018-10-20,4,2018,10,5,293,1,True,0,-0.8660254037844386,0.5000000000000001,-0.9467139181463862,0.3220757010206104,0,0.0,0.0,0.0,0.0,0.0,0.0,6.0,10.6,9.8,0.0,0.0
2,4.1,13.1,-2.2,-6.3,0.0,0.0,0.0,0.0,9.7,21.6,2018-10-21,3,2018,10,6,294,1,True,1,-0.8660254037844386,0.5000000000000001,-0.9410336347451197,0.3383130181923076,0,0.0,0.0,0.0,0.0,0.0,0.0,8.1,6.0,10.6,0.0,0.0
0,3.5,13.9,-2.6,-6.7,0.0,0.0,0.0,0.0,13.4,31.3,2018-10-22,5,2018,10,0,295,0,True,1,-0.8660254037844386,0.5000000000000001,-0.9350748843515574,0.3544502230989869,0,0.0,0.0,0.0,0.0,0.0,0.0,4.1,8.1,6.0,0.0,0.0
3,3.9,16.8,-4.1,-7.8,0.0,0.0,0.0,0.0,8.9,15.1,2018-10-23,2,2018,10,1,296,0,True,1,-0.8660254037844386,0.5000000000000001,-0.9288394302558068,0.3704825404820963,0,0.0,0.0,0.0,0.0,0.0,0.0,3.5,4.1,8.1,0.0,0.0
51,8.4,18.2,2.0,-1.7,0.6,0.6,0.0,3.0,16.6,36.7,2018-10-24,1,2018,10,2,297,0,True,0,-0.8660254037844386,0.5000000000000001,-0.9223291176290545,0.3864052261209853,0,0.0,0.0,0.0,0.0,0.0,0.0,3.9,3.5,4.1,0.0,0.6
3,7.8,16.6,2.9,-1.7,0.0,0.0,0.0,0.0,16.9,34.6,2018-10-25,1,2018,10,3,298,0,True,0,-0.8660254037844386,0.5000000000000001,-0.9155458729775467,0.40221356823680365,0,0.0,0.0,0.0,0.6,0.0,0.0,8.4,3.9,3.5,0.0,0.6
3,6.9,15.6,0.1,-3.3,0.0,0.0,0.0,0.0,14.9,31.0,2018-10-26,0,2018,10,4,299,0,True,0,-0.8660254037844386,0.5000000000000001,-0.9084917035725082,0.41790288888678667,0,0.0,0.0,0.0,0.0,0.6,0.0,7.8,8.4,3.9,0.0,0.6
51,4.8,12.9,-1.0,-4.8,0.5,0.5,0.0,2.0,23.0,50.0,2018-10-27,0,2018,10,5,300,1,True,1,-0.8660254037844386,0.5000000000000001,-0.9011686968561569,0.4334685453485363,0,0.0,0.0,0.0,0.0,0.0,0.6,6.9,7.8,8.4,0.0,0.5
3,4.1,11.9,-1.9,-5.3,0.0,0.0,0.0,0.0,13.7,29.2,2018-10-28,0,2018,10,6,301,1,True,1,-0.8660254037844386,0.5000000000000001,-0.8935790198239952,0.4489059314938798,0,0.0,0.0,0.0,0.5,0.0,0.0,4.8,6.9,7.8,0.0,0.5
3,4.6,11.6,0.6,-4.0,0.0,0.0,0.0,0.0,11.7,29.5,2018-10-29,1,2018,10,0,302,0,True,0,-0.8660254037844386,0.5000000000000001,-0.8857249183835637,0.4642104791518923,0,0.0,0.0,0.0,0.0,0.5,0.0,4.1,4.8,6.9,0.0,0.5
3,3.8,10.7,-0.5,-5.4,0.0,0.0,0.0,0.0,18.3,41.0,2018-10-30,3,2018,10,1,303,0,True,1,-0.8660254037844386,0.5000000000000001,-0.8776087166898392,0.4793776594606945,0,0.0,0.0,0.0,0.0,0.0,0.5,4.6,4.1,4.8,0.0,0.0
3,3.4,9.4,-0.6,-4.5,0.0,0.0,0.0,0.0,16.3,27.4,2018-10-31,2,2018,10,2,304,0,True,1,-0.8660254037844386,0.5000000000000001,-0.8692328164574792,0.49440298420761813,0,0.0,0.0,0.0,0.0,0.0,0.0,3.8,4.6,4.1,0.0,0.0
71,2.8,4.9,0.9,-4.0,0.6,0.4,0.28,3.0,17.7,36.7,2018-11-01,3,2018,11,3,305,0,True,0,-0.5000000000000004,0.8660254037844384,-0.8605996962501181,0.5092820071573356,0,0.0,0.0,0.0,0.0,0.0,0.0,3.4,3.8,4.6,0.28,0.6
73,0.9,2.9,-0.2,-4.1,2.3,1.2,0.98,9.0,23.2,45.7,2018-11-02,1,2018,11,4,306,0,True,1,-0.5000000000000004,0.8660254037844384,-0.8517119107469189,0.5240103253675756,0,0.28,0.0,0.0,0.6,0.0,0.0,2.8,3.4,3.8,1.26,2.9
71,3.0,11.2,-2.5,-6.0,0.0,0.0,0.07,0.0,11.6,25.2,2018-11-03,4,2018,11,5,307,1,True,1,-0.5000000000000004,0.8660254037844384,-0.8425720899866032,0.5385835804920232,0,0.98,0.28,0.0,2.3,0.6,0.0,0.9,2.8,3.4,1.33,2.9
71,5.2,11.5,-2.2,-7.8,1.1,1.0,0.07,6.0,19.1,55.8,2018-11-04,1,2018,11,6,308,1,True,1,-0.5000000000000004,0.8660254037844384,-0.8331829385891785,0.5529974600700271,0,0.07,0.98,0.28,0.0,2.3,0.6,3.0,0.9,2.8,1.12,3.4
71,-4.8,-2.4,-7.8,-11.9,0.0,0.0,0.77,0.0,18.3,37.4,2018-11-05,50,2018,11,0,309,0,True,0,-0.5000000000000004,0.8660254037844384,-0.8235472349556007,0.5672476988027229,0,0.07,0.07,0.98,1.1,0.0,2.3,5.2,3.0,0.9,0.91,1.1
71,-8.1,-6.2,-9.9,-14.1,0.3,0.0,0.7,3.0,7.3,18.7,2018-11-06,47,2018,11,1,310,0,True,0,-0.5000000000000004,0.8660254037844384,-0.8136678304455991,0.5813300798152042,0,0.77,0.07,0.07,0.0,1.1,0.0,-4.8,5.2,3.0,1.54,1.4000000000000001
71,-8.6,-3.8,-12.2,-16.5,0.0,0.0,0.07,0.0,12.0,29.2,2018-11-07,49,2018,11,2,311,0,True,0,-0.5000000000000004,0.8660254037844384,-0.8035476485339116,0.5952404359043674,0,0.7,0.77,0.07,0.3,0.0,1.1,-8.1,-4.8,5.2,1.54,0.3
3,-8.5,-1.3,-12.9,-17.9,0.0,0.0,0.0,0.0,9.9,18.4,2018-11-08,130,2018,11,3,312,0,True,0,-0.5000000000000004,0.8660254037844384,-0.7931896839451843,0.6089746507720486,0,0.07,0.7,0.77,0.0,0.3,0.0,-8.6,-8.1,-4.8,0.77,0.3
71,-1.6,5.8,-9.7,-14.5,0.7,0.6,0.14,4.0,14.7,40.0,2018-11-09,83,2018,11,4,313,0,True,1,-0.5000000000000004,0.8660254037844384,-0.7825970017677834,0.6225286602431057,0,0.0,0.07,0.7,0.0,0.0,0.3,-8.5,-8.6,-8.1,0.21000000000000002,0.7
71,0.0,3.1,-2.8,-7.1,0.8,0.0,0.77,5.0,22.5,57.6,2018-11-10,29,2018,11,5,314,1,True,1,-0.5000000000000004,0.8660254037844384,-0.7717727365467836,0.6358984534680745,0,0.14,0.0,0.07,0.7,0.0,0.0,-1.6,-8.5,-8.6,0.91,1.5
73,-3.4,-1.3,-7.1,-11.1,1.5,0.0,1.19,8.0,11.0,40.0,2018-11-11,33,2018,11,6,315,1,True,0,-0.5000000000000004,0.8660254037844384,-0.7607200913564104,0.6490800741100398,0,0.77,0.14,0.0,0.8,0.7,0.0,0.0,-1.6,-8.5,2.1,3.0
3,-1.2,7.9,-7.9,-12.0,0.0,0.0,0.0,0.0,13.8,24.8,2018-11-12,98,2018,11,0,316,0,True,1,-0.5000000000000004,0.8660254037844384,-0.7494423368521954,0.6620696215153815,0,1.19,0.77,0.14,1.5,0.8,0.7,-3.4,0.0,-1.6,1.96,2.3
3,6.5,13.6,-0.6,-5.4,0.0,0.0,0.0,0.0,25.2,55.1,2018-11-13,98,2018,11,1,317,0,True,1,-0.5000000000000004,0.8660254037844384,-0.7379428103031386,0.6748632518680403,0,0.0,1.19,0.77,0.0,1.5,0.8,-1.2,-3.4,0.0,1.19,1.5
51,5.7,9.2,0.7,-2.9,0.7,0.7,0.0,4.0,22.7,45.0,2018-11-14,58,2018,11,2,318,0,True,0,-0.5000000000000004,0.8660254037844384,-0.7262249146041543,0.6874571793269664,0,0.0,0.0,1.19,0.0,0.0,1.5,6.5,-1.2,-3.4,0.0,0.7
51,3.0,9.3,-0.3,-4.3,0.1,0.1,0.0,1.0,12.6,27.4,2018-11-15,20,2018,11,3,319,0,True,1,-0.5000000000000004,0.8660254037844384,-0.7142921172691032,0.699847677146407,0,0.0,0.0,0.0,0.7,0.0,0.0,5.7,6.5,-1.2,0.0,0.7999999999999999
75,-7.2,2.1,-13.0,-17.7,6.1,0.7,4.13,11.0,36.8,78.1,2018-11-16,73,2018,11,4,320,0,True,1,-0.5000000000000004,0.8660254037844384,-0.7021479494046978,0.7120310787787131,0,0.0,0.0,0.0,0.1,0.7,0.0,3.0,5.7,6.5,4.13,6.8999999999999995
3,-7.9,0.9,-13.6,-18.3,0.0,0.0,0.0,0.0,12.7,22.0,2018-11-17,49,2018,11,5,321,1,True,1,-0.5000000000000004,0.8660254037844384,-0.6897960046655887,0.7240037789593305,0,4.13,0.0,0.0,6.1,0.1,0.7,-7.2,3.0,5.7,4.13,6.199999999999999
71,2.5,5.0,-3.4,-9.0,0.7,0.7,0.07,4.0,19.8,36.4,2018-11-18,37,2018,11,6,322,1,True,1,-0.5000000000000004,0.8660254037844384,-0.6772399381909491,0.7357622347736527,0,0.0,4.13,0.0,0.0,6.1,0.1,-7.9,-7.2,3.0,4.2,6.8
3,3.7,12.0,0.0,-4.2,0.0,0.0,0.0,0.0,13.7,24.5,2018-11-19,30,2018,11,0,323,0,True,0,-0.5000000000000004,0.8660254037844384,-0.6644834655228552,0.7473029667054296,0,0.07,0.0,4.13,0.7,0.0,6.1,2.5,-7.9,-7.2,0.07,0.7
1,5.0,12.8,1.4,-3.2,0.0,0.0,0.0,0.0,18.1,32.0,2018-11-20,19,2018,11,1,324,0,True,0,-0.5000000000000004,0.8660254037844384,-0.6515303615068021,0.75862255966641,0,0.0,0.07,0.0,0.0,0.7,0.0,3.7,2.5,-7.9,0.07,0.7
3,4.8,9.8,1.8,-3.2,0.0,0.0,0.0,0.0,16.4,30.6,2018-11-21,35,2018,11,2,325,0,True,0,-0.5000000000000004,0.8660254037844384,-0.6383844591746642,0.7697176640069211,0,0.0,0.0,0.07,0.0,0.0,0.7,5.0,3.7,2.5,0.0,0.0
3,2.8,9.0,-0.4,-4.6,0.0,0.0,0.0,0.0,14.3,28.4,2018-11-22,12,2018,11,3,326,0,True,1,-0.5000000000000004,0.8660254037844384,-0.6250496486104377,0.7805849965070866,0,0.0,0.0,0.0,0.0,0.0,0.0,4.8,5.0,3.7,0.0,0.0
71,-1.3,0.7,-3.0,-7.1,1.2,0.1,1.05,7.0,9.3,19.4,2018-11-23,52,2018,11,4,327,0,True,1,-0.5000000000000004,0.8660254037844384,-0.6115298757991053,0.7912213413483807,0,0.0,0.0,0.0,0.0,0.0,0.0,2.8,4.8,5.0,1.05,1.2
73,-6.5,-2.6,-10.2,-14.7,2.4,0.0,1.75,9.0,10.8,20.9,2018-11-24,123,2018,11,5,328,1,True,0,-0.5000000000000004,0.8660254037844384,-0.5978291414589552,0.801623551065242,0,1.05,0.0,0.0,1.2,0.0,0.0,-1.3,2.8,4.8,2.8,3.5999999999999996
3,-6.9,-1.7,-9.6,-14.6,0.0,0.0,0.0,0.0,12.3,22.7,2018-11-25,303,2018,11,6,329,1,True,0,-0.5000000000000004,0.8660254037844384,-0.5839514998576998,0.8117885474764613,0,1.75,1.05,0.0,2.4,1.2,0.0,-6.5,-1.3,2.8,2.8,3.6
3,-1.1,3.8,-9.7,-14.2,0.0,0.0,0.0,0.0,18.7,22.0,2018-11-26,491,2018,11,0,330,0,True,1,-0.5000000000000004,0.8660254037844384,-0.5699010576127624,0.8217133225960589,0,0.0,1.75,1.05,0.0,2.4,1.2,-6.9,-6.5,-1.3,1.75,2.4000000000000004
3,2.4,5.0,0.6,-4.5,0.0,0.0,0.0,0.0,19.2,32.4,2018-11-27,354,2018,11,1,331,0,True,0,-0.5000000000000004,0.8660254037844384,-0.5556819724760489,0.8313949395234058,0,0.0,0.0,1.75,0.0,0.0,2.4,-1.1,-6.9,-6.5,0.0,0.0
3,0.3,5.9,-4.7,-9.4,0.0,0.0,0.0,0.0,13.6,25.2,2018-11-28,265,2018,11,2,332,0,True,1,-0.5000000000000004,0.8660254037844384,-0.5412984521036173,0.8408305333122887,0,0.0,0.0,0.0,0.0,0.0,0.0,2.4,-1.1,-6.9,0.0,0.0
3,-1.6,4.9,-7.3,-11.8,0.0,0.0,0.0,0.0,11.9,22.7,2018-11-29,227,2018,11,3,333,0,True,1,-0.5000000000000004,0.8660254037844384,-0.5267547528105542,0.8500173118187018,0,0.0,0.0,0.0,0.0,0.0,0.0,0.3,2.4,-1.1,0.0,0.0
3,-5.2,0.3,-8.3,-13.0,0.0,0.0,0.0,0.0,9.1,14.8,2018-11-30,192,2018,11,4,334,0,True,1,-0.5000000000000004,0.8660254037844384,-0.5120551783114646,0.8589525565270845,0,0.0,0.0,0.0,0.0,0.0,0.0,-1.6,0.3,2.4,0.0,0.0
73,-3.5,-1.5,-5.6,-9.8,1.9,0.0,1.96,10.0,11.7,23.4,2018-12-01,104,2018,12,5,335,1,True,0,-2.4492935982947064e-16,1.0,-0.4972040784469378,0.8676336233547726,0,0.0,0.0,0.0,0.0,0.0,0.0,-5.2,-1.6,0.3,1.96,1.9
73,-5.3,-3.0,-8.2,-12.3,2.3,0.0,1.75,15.0,14.5,25.2,2018-12-02,115,2018,12,6,336,1,True,0,-2.4492935982947064e-16,1.0,-0.4822058478963526,0.8760579434344281,0,1.96,0.0,0.0,1.9,0.0,0.0,-3.5,-5.2,-1.6,3.71,4.199999999999999
71,-7.6,-4.6,-11.5,-16.7,0.0,0.0,0.56,0.0,11.6,21.6,2018-12-03,442,2018,12,0,337,0,True,0,-2.4492935982947064e-16,1.0,-0.46706492487743034,0.8842230238742036,0,1.75,1.96,0.0,2.3,1.9,0.0,-5.3,-3.5,-5.2,4.27,4.199999999999999
71,-7.8,-1.1,-13.9,-19.2,0.1,0.0,0.21,1.0,14.1,28.1,2018-12-04,353,2018,12,1,338,0,True,0,-2.4492935982947064e-16,1.0,-0.451785789832884,0.8921264484954345,0,0.56,1.75,1.96,0.0,2.3,1.9,-7.6,-5.3,-3.5,2.52,2.4
3,-9.9,-5.4,-17.0,-22.3,0.0,0.0,0.0,0.0,17.2,34.2,2018-12-05,210,2018,12,2,339,0,True,0,-2.4492935982947064e-16,1.0,-0.4363729641045924,0.8997658785476209,0,0.21,0.56,1.75,0.1,0.0,2.3,-7.8,-7.6,-5.3,0.77,0.1
0,-14.5,-6.7,-18.8,-24.1,0.0,0.0,0.0,0.0,12.0,20.9,2018-12-06,204,2018,12,3,340,0,True,0,-2.4492935982947064e-16,1.0,-0.42083100859565564,0.9071390534005044,0,0.0,0.21,0.56,0.0,0.1,0.0,-9.9,-7.8,-7.6,0.21,0.1
3,-10.0,-1.8,-16.5,-21.6,0.0,0.0,0.0,0.0,14.1,24.8,2018-12-07,176,2018,12,4,341,0,True,0,-2.4492935982947064e-16,1.0,-0.4051645224207563,0.9142437912130223,0,0.0,0.0,0.21,0.0,0.0,0.1,-14.5,-9.9,-7.8,0.0,0.0
0,-7.8,-2.2,-10.9,-16.4,0.0,0.0,0.0,0.0,14.4,24.1,2018-12-08,85,2018,12,5,342,1,True,0,-2.4492935982947064e-16,1.0,-0.3893781415452015,0.9210779895789526,0,0.0,0.0,0.0,0.0,0.0,0.0,-10.0,-14.5,-9.9,0.0,0.0
3,-3.2,1.5,-7.6,-13.2,0.0,0.0,0.0,0.0,15.3,26.6,2018-12-09,126,2018,12,6,343,1,True,1,-2.4492935982947064e-16,1.0,-0.37347653741307074,0.9276396261490467,0,0.0,0.0,0.0,0.0,0.0,0.0,-7.8,-10.0,-14.5,0.0,0.0
3,-0.8,2.0,-4.6,-9.5,0.0,0.0,0.0,0.0,14.9,26.3,2018-12-10,222,2018,12,0,344,0,True,1,-2.4492935982947064e-16,1.0,-0.3574644155648614,0.9339267592294762,0,0.0,0.0,0.0,0.0,0.0,0.0,-3.2,-7.8,-10.0,0.0,0.0
3,-1.8,3.3,-7.4,-12.0,0.0,0.0,0.0,0.0,14.3,26.3,2018-12-11,152,2018,12,1,345,0,True,1,-2.4492935982947064e-16,1.0,-0.34134651424503615,0.9399375283564133,0,0.0,0.0,0.0,0.0,0.0,0.0,-0.8,-3.2,-7.8,0.0,0.0
73,-0.8,2.7,-3.8,-8.8,0.5,0.0,0.35,2.0,19.9,45.4,2018-12-12,151,2018,12,2,346,0,True,1,-2.4492935982947064e-16,1.0,-0.3251276029999093,0.9456701548465688,0,0.0,0.0,0.0,0.0,0.0,0.0,-1.8,-0.8,-3.2,0.35,0.5
3,1.8,6.3,-1.7,-7.5,0.0,0.0,0.0,0.0,22.1,55.4,2018-12-13,217,2018,12,3,347,0,True,1,-2.4492935982947064e-16,1.0,-0.30881248126625377,0.9511229423235357,0,0.35,0.0,0.0,0.5,0.0,0.0,-0.8,-1.8,-0.8,0.35,0.5
3,3.4,7.4,-2.2,-6.8,0.0,0.0,0.0,0.0,19.1,49.7,2018-12-14,131,2018,12,4,348,0,True,1,-2.4492935982947064e-16,1.0,-0.29240597695107734,0.9562942772197719,0,0.0,0.35,0.0,0.0,0.5,0.0,1.8,-0.8,-1.8,0.35,0.5
3,-0.3,4.8,-9.4,-14.3,0.0,0.0,0.0,0.0,24.1,45.4,2018-12-15,89,2018,12,5,349,1,True,1,-2.4492935982947064e-16,1.0,-0.27591294500296043,0.9611826292540837,0,0.0,0.0,0.35,0.0,0.0,0.5,3.4,1.8,-0.8,0.0,0.0
3,-2.6,3.6,-8.6,-13.2,0.0,0.0,0.0,0.0,12.2,22.7,2018-12-16,80,2018,12,6,350,1,True,1,-2.4492935982947064e-16,1.0,-0.2593382659754056,0.9657865518844574,0,0.0,0.0,0.0,0.0,0.0,0.0,-0.3,3.4,1.8,0.0,0.0
3,2.2,8.2,-2.4,-6.7,0.0,0.0,0.0,0.0,18.5,37.8,2018-12-17,102,2018,12,0,351,0,True,1,-2.4492935982947064e-16,1.0,-0.2426868445825954,0.9701046827361175,0,0.0,0.0,0.0,0.0,0.0,0.0,-2.6,-0.3,3.4,0.0,0.0
3,3.0,7.6,-0.5,-4.5,0.0,0.0,0.0,0.0,22.6,40.7,2018-12-18,91,2018,12,1,352,0,True,1,-2.4492935982947064e-16,1.0,-0.22596360824801906,0.974135744004672,0,0.0,0.0,0.0,0.0,0.0,0.0,2.2,-2.6,-0.3,0.0,0.0
3,0.7,6.1,-2.7,-7.0,0.0,0.0,0.0,0.0,19.8,40.0,2018-12-19,86,2018,12,2,353,0,True,1,-2.4492935982947064e-16,1.0,-0.20917350564635637,0.9778785428342386,0,0.0,0.0,0.0,0.0,0.0,0.0,3.0,2.2,-2.6,0.0,0.0
3,2.2,6.6,-1.2,-5.6,0.0,0.0,0.0,0.0,28.8,56.2,2018-12-20,71,2018,12,3,354,0,True,1,-2.4492935982947064e-16,1.0,-0.19232150523909483,0.9813319716704275,0,0.0,0.0,0.0,0.0,0.0,0.0,0.7,3.0,2.2,0.0,0.0
3,1.1,4.0,-2.8,-8.1,0.0,0.0,0.0,0.0,28.1,57.2,2018-12-21,87,2018,12,4,355,0,True,1,-2.4492935982947064e-16,1.0,-0.17541259380427843,0.9844950085880858,0,0.0,0.0,0.0,0.0,0.0,0.0,2.2,0.7,3.0,0.0,0.0
3,-5.2,-0.8,-8.2,-12.6,0.0,0.0,0.0,0.0,11.0,29.5,2018-12-22,48,2018,12,5,356,1,True,0,-2.4492935982947064e-16,1.0,-0.15845177496083632,0.9873667175937016,0,0.0,0.0,0.0,0.0,0.0,0.0,1.1,2.2,0.7,0.0,0.0
3,-3.2,2.4,-7.3,-11.5,0.0,0.0,0.0,0.0,11.4,23.4,2018-12-23,48,2018,12,6,357,1,True,1,-2.4492935982947064e-16,1.0,-0.14144406768794202,0.9899462489023779,0,0.0,0.0,0.0,0.0,0.0,0.0,-5.2,1.1,2.2,0.0,0.0
3,-6.7,-2.9,-9.0,-12.6,0.0,0.0,0.0,0.0,8.0,13.7,2018-12-24,48,2018,12,0,358,0,True,0,-2.4492935982947064e-16,1.0,-0.12439450483979998,0.9922328391893008,0,0.0,0.0,0.0,0.0,0.0,0.0,-3.2,-5.2,1.1,0.0,0.0
71,-6.5,-3.3,-8.7,-13.0,0.0,0.0,0.07,0.0,8.0,15.5,2018-12-25,15,2018,12,1,359,0,True,0,-2.4492935982947064e-16,1.0,-0.10730813165636247,0.9942258118156161,0,0.0,0.0,0.0,0.0,0.0,0.0,-6.7,-3.2,-5.2,0.07,0.0
71,-6.7,-5.2,-8.6,-12.9,0.1,0.0,0.14,1.0,11.8,25.2,2018-12-26,17,2018,12,2,360,0,True,0,-2.4492935982947064e-16,1.0,-0.09019000427034513,0.9959245770286599,0,0.07,0.0,0.0,0.0,0.0,0.0,-6.5,-6.7,-3.2,0.21000000000000002,0.1
3,-7.9,-6.0,-10.0,-14.8,0.0,0.0,0.0,0.0,10.2,15.5,2018-12-27,59,2018,12,3,361,0,True,0,-2.4492935982947064e-16,1.0,-0.07304518821104743,0.9973286321364752,0,0.14,0.07,0.0,0.1,0.0,0.0,-6.7,-6.5,-6.7,0.21000000000000002,0.1
3,-6.9,-1.5,-12.6,-17.5,0.0,0.0,0.0,0.0,15.1,28.4,2018-12-28,74,2018,12,4,362,0,True,0,-2.4492935982947064e-16,1.0,-0.05587875690537313,0.9984375616565666,0,0.0,0.14,0.07,0.0,0.1,0.0,-7.9,-6.7,-6.5,0.14,0.1
71,-1.1,2.4,-3.7,-8.4,0.2,0.1,0.21,2.0,14.8,26.6,2018-12-29,42,2018,12,5,363,1,True,1,-2.4492935982947064e-16,1.0,-0.03869579017652689,0.9992510374388481,0,0.0,0.0,0.14,0.0,0.0,0.1,-6.9,-7.9,-6.7,0.21,0.2
71,-7.0,0.5,-12.4,-18.0,0.0,0.0,0.14,0.0,28.3,60.5,2018-12-30,19,2018,12,6,364,1,True,1,-2.4492935982947064e-16,1.0,-0.021501372740813793,0.999768818762748,0,0.21,0.0,0.0,0.2,0.0,0.0,-1.1,-6.9,-7.9,0.35,0.2
3,-12.8,-8.0,-17.0,-22.3,0.0,0.0,0.0,0.0,10.6,23.8,2018-12-31,2,2018,12,0,365,0,True,0,-2.4492935982947064e-16,1.0,-0.004300592702981974,0.9999907524084426,0,0.14,0.21,0.0,0.0,0.2,0.0,-7.0,-1.1,-6.9,0.35,0.2
3,-1.8,3.8,-12.2,-17.8,0.0,0.0,0.0,0.0,20.7,33.5,2019-01-01,36,2019,1,1,1,0,True,1,0.49999999999999994,0.8660254037844387,0.017201575418260506,0.9998520419557735,1,0.0,0.14,0.21,0.0,0.0,0.2,-12.8,-7.0,-1.1,0.14,0.0
3,4.8,8.8,2.9,-3.0,0.0,0.0,0.0,0.0,23.4,50.0,2019-01-02,71,2019,1,2,2,0,True,0,0.49999999999999994,0.8660254037844387,0.03439806061360801,0.9994082116062598,1,0.0,0.0,0.14,0.0,0.0,0.0,-1.8,-12.8,-7.0,0.0,0.0
3,3.3,7.7,-1.1,-5.5,0.0,0.0,0.0,0.0,13.5,29.2,2019-01-03,82,2019,1,3,3,0,True,1,0.49999999999999994,0.8660254037844387,0.051584366869408364,0.9986686402879997,1,0.0,0.0,0.0,0.0,0.0,0.0,4.8,-1.8,-12.8,0.0,0.0
3,2.5,7.3,-2.5,-6.2,0.0,0.0,0.0,0.0,31.4,65.9,2019-01-04,54,2019,1,4,4,0,True,1,0.49999999999999994,0.8660254037844387,0.06875540848113941,0.9976335468520451,1,0.0,0.0,0.0,0.0,0.0,0.0,3.3,4.8,-1.8,0.0,0.0
3,-3.0,-0.3,-6.0,-10.0,0.0,0.0,0.0,0.0,11.7,25.2,2019-01-05,40,2019,1,5,5,1,True,0,0.49999999999999994,0.8660254037844387,0.08590610426133272,0.9963032375991965,1,0.0,0.0,0.0,0.0,0.0,0.0,2.5,3.3,4.8,0.0,0.0
3,-1.2,4.5,-4.1,-8.5,0.0,0.0,0.0,0.0,13.8,34.2,2019-01-06,49,2019,1,6,6,1,True,1,0.49999999999999994,0.8660254037844387,0.10303137904317879,0.9946781061893646,1,0.0,0.0,0.0,0.0,0.0,0.0,-3.0,2.5,3.3,0.0,0.0
71,-7.7,-1.3,-12.0,-16.6,0.0,0.0,0.07,0.0,7.8,21.6,2019-01-07,83,2019,1,0,7,0,True,0,0.49999999999999994,0.8660254037844387,0.1201261651823505,0.9927586335250793,1,0.0,0.0,0.0,0.0,0.0,0.0,-1.2,-3.0,2.5,0.07,0.0
71,-9.9,-6.1,-15.3,-19.9,0.0,0.0,0.07,0.0,19.0,40.0,2019-01-08,78,2019,1,1,8,0,True,0,0.49999999999999994,0.8660254037844387,0.13718540405660057,0.9905453876091833,1,0.07,0.0,0.0,0.0,0.0,0.0,-7.7,-1.2,-3.0,0.14,0.0
3,-6.8,-1.4,-9.5,-13.7,0.0,0.0,0.0,0.0,18.2,40.0,2019-01-09,99,2019,1,2,9,0,True,0,0.49999999999999994,0.8660254037844387,0.1542040475626894,0.988039023376751,1,0.07,0.07,0.0,0.0,0.0,0.0,-9.9,-7.7,-1.2,0.14,0.0
3,-3.1,2.5,-7.8,-11.6,0.0,0.0,0.0,0.0,12.6,29.2,2019-01-10,87,2019,1,3,10,0,True,1,0.49999999999999994,0.8660254037844387,0.17117705961019986,0.985240282501282,1,0.0,0.07,0.07,0.0,0.0,0.0,-6.8,-9.9,-7.7,0.07,0.0
3,-2.8,3.9,-7.3,-11.8,0.0,0.0,0.0,0.0,13.1,20.9,2019-01-11,99,2019,1,4,11,0,True,1,0.49999999999999994,0.8660254037844387,0.18809941761179758,0.9821499931752291,1,0.0,0.0,0.07,0.0,0.0,0.0,-3.1,-6.8,-9.9,0.0,0.0
3,2.4,7.5,-1.8,-6.1,0.0,0.0,0.0,0.0,14.6,23.8,2019-01-12,50,2019,1,5,12,1,True,1,0.49999999999999994,0.8660254037844387,0.20496611396949532,0.9787690698649216,1,0.0,0.0,0.0,0.0,0.0,0.0,-2.8,-3.1,-6.8,0.0,0.0
3,0.1,7.4,-2.8,-7.4,0.0,0.0,0.0,0.0,11.9,22.0,2019-01-13,33,2019,1,6,13,1,True,1,0.49999999999999994,0.8660254037844387,0.22177215755648186,0.975098513039961,1,0.0,0.0,0.0,0.0,0.0,0.0,2.4,-2.8,-3.1,0.0,0.0
0,-1.4,6.8,-4.9,-9.3,0.0,0.0,0.0,0.0,11.4,20.5,2019-01-14,79,2019,1,0,14,0,True,1,0.49999999999999994,0.8660254037844387,0.23851257519407648,0.9711394088771653,1,0.0,0.0,0.0,0.0,0.0,0.0,0.1,2.4,-2.8,0.0,0.0
3,-5.7,-1.0,-9.3,-13.6,0.0,0.0,0.0,0.0,14.5,33.1,2019-01-15,54,2019,1,1,15,0,True,0,0.49999999999999994,0.8660254037844387,0.2551824131233728,0.9668929289391521,1,0.0,0.0,0.0,0.0,0.0,0.0,-1.4,0.1,2.4,0.0,0.0
71,-6.3,-5.5,-7.4,-11.3,0.0,0.0,0.07,0.0,9.4,21.6,2019-01-16,60,2019,1,2,16,0,True,0,0.49999999999999994,0.8660254037844387,0.2717767384711357,0.9623603298276545,1,0.0,0.0,0.0,0.0,0.0,0.0,-5.7,-1.4,0.1,0.07,0.0
71,-12.4,-7.0,-15.4,-20.8,1.1,0.0,1.4,7.0,13.5,28.8,2019-01-17,26,2019,1,3,17,0,True,0,0.49999999999999994,0.8660254037844387,0.2882906407095177,0.9575429528116719,1,0.07,0.0,0.0,0.0,0.0,0.0,-6.3,-5.7,-1.4,1.47,1.1
71,-16.0,-13.6,-18.0,-23.0,0.5,0.0,0.56,4.0,12.0,27.0,2019-01-18,62,2019,1,4,18,0,True,0,0.49999999999999994,0.8660254037844387,0.3047192331091634,0.9524422234305676,1,1.4,0.07,0.0,1.1,0.0,0.0,-12.4,-6.3,-5.7,2.0300000000000002,1.6
3,-9.5,0.1,-17.7,-22.6,0.0,0.0,0.0,0.0,18.4,32.4,2019-01-19,87,2019,1,5,19,1,True,1,0.49999999999999994,0.8660254037844387,0.321057654185271,0.9470596510722283,1,0.56,1.4,0.07,0.5,1.1,0.0,-16.0,-12.4,-6.3,1.96,1.6
3,-5.1,-0.6,-9.5,-14.4,0.0,0.0,0.0,0.0,15.5,29.2,2019-01-20,107,2019,1,6,20,1,True,0,0.49999999999999994,0.8660254037844387,0.3373010691361842,0.9413968285264122,1,0.0,0.56,1.4,0.0,0.5,1.1,-9.5,-16.0,-12.4,0.56,0.5
3,-6.5,-1.2,-10.1,-15.0,0.0,0.0,0.0,0.0,12.1,23.8,2019-01-21,349,2019,1,0,21,0,True,0,0.49999999999999994,0.8660254037844387,0.3534446712740877,0.9354554315134164,1,0.0,0.0,0.56,0.0,0.0,0.5,-5.1,-9.5,-16.0,0.0,0.0
3,-3.5,2.7,-9.8,-14.8,0.0,0.0,0.0,0.0,22.0,37.8,2019-01-22,235,2019,1,1,22,0,True,1,0.49999999999999994,0.8660254037844387,0.3694836834473831,0.9292372181882051,1,0.0,0.0,0.0,0.0,0.0,0.0,-6.5,-5.1,-9.5,0.0,0.0
73,-8.9,-2.3,-20.4,-25.9,1.5,0.0,1.54,6.0,19.6,40.3,2019-01-23,49,2019,1,2,23,0,True,0,0.49999999999999994,0.8660254037844387,0.38541335945432564,0.9227440286201427,1,0.0,0.0,0.0,0.0,0.0,0.0,-3.5,-6.5,-5.1,1.54,1.5
3,-9.4,0.3,-19.4,-24.9,0.0,0.0,0.0,0.0,14.8,29.5,2019-01-24,119,2019,1,3,24,0,True,1,0.49999999999999994,0.8660254037844387,0.4012289854475009,0.9159777842484877,1,1.54,0.0,0.0,1.5,0.0,0.0,-8.9,-3.5,-6.5,1.54,1.5
73,-1.0,3.8,-6.3,-11.6,1.0,0.2,0.63,4.0,15.9,31.0,2019-01-25,116,2019,1,4,25,0,True,1,0.49999999999999994,0.8660254037844387,0.4169258813287287,0.908940487313808,1,0.0,1.54,0.0,0.0,1.5,0.0,-9.4,-8.9,-3.5,2.17,2.5
3,4.2,9.5,-1.7,-6.9,0.0,0.0,0.0,0.0,23.5,43.2,2019-01-26,115,2019,1,5,26,1,True,1,0.49999999999999994,0.8660254037844387,0.4324994021339788,0.901634220265486,1,0.63,0.0,1.54,1.0,0.0,1.5,-1.0,-9.4,-8.9,0.63,1.0
71,1.6,8.9,-4.9,-10.7,2.0,2.0,0.21,4.0,28.7,63.4,2019-01-27,35,2019,1,6,27,1,True,1,0.49999999999999994,0.8660254037844387,0.44794493940789115,0.8940611451454876,1,0.0,0.63,0.0,0.0,1.0,0.0,4.2,-1.0,-9.4,0.84,3.0
3,-5.2,-1.0,-9.8,-14.0,0.0,0.0,0.0,0.0,16.0,38.5,2019-01-28,185,2019,1,0,28,0,True,0,0.49999999999999994,0.8660254037844387,0.4632579225674917,0.88622350294858,1,0.21,0.0,0.63,2.0,0.0,1.0,1.6,4.2,-1.0,0.21,2.0
3,-8.2,-1.9,-13.7,-18.1,0.0,0.0,0.0,0.0,10.5,21.6,2019-01-29,271,2019,1,1,29,0,True,0,0.49999999999999994,0.8660254037844387,0.4784338202547012,0.8781236129591848,1,0.0,0.21,0.0,0.0,2.0,0.0,-5.2,1.6,4.2,0.21,2.0
3,-0.9,5.6,-6.6,-11.6,0.0,0.0,0.0,0.0,11.2,23.0,2019-01-30,218,2019,1,2,30,0,True,1,0.49999999999999994,0.8660254037844387,0.49346814167723735,0.8697638720650646,1,0.0,0.0,0.21,0.0,0.0,2.0,-8.2,-5.2,1.6,0.0,0.0
3,1.3,7.5,-2.6,-5.9,0.0,0.0,0.0,0.0,9.1,22.3,2019-01-31,212,2019,1,3,31,0,True,1,0.49999999999999994,0.8660254037844387,0.5083564379375122,0.8611467540480452,1,0.0,0.0,0.0,0.0,0.0,0.0,-0.9,-8.2,-5.2,0.0,0.0
71,-10.1,-1.3,-15.4,-20.8,0.0,0.0,0.42,0.0,15.1,28.8,2019-02-01,39,2019,2,4,32,0,True,0,0.8660254037844386,0.5000000000000001,0.5230943033491326,0.8522748088519838,1,0.0,0.0,0.0,0.0,0.0,0.0,1.3,-0.9,-8.2,0.42,0.0
71,-18.1,-14.5,-21.6,-27.2,0.0,0.0,0.42,0.0,20.1,44.6,2019-02-02,34,2019,2,5,33,1,True,0,0.8660254037844386,0.5000000000000001,0.5376773767406141,0.8431506618282,1,0.42,0.0,0.0,0.0,0.0,0.0,-10.1,1.3,-0.9,0.84,0.0
71,-25.1,-21.5,-26.9,-32.3,0.0,0.0,0.77,0.0,14.7,29.2,2019-02-03,32,2019,2,6,34,1,True,0,0.8660254037844386,0.5000000000000001,0.5521013427459208,0.8337770129585915,1,0.42,0.42,0.0,0.0,0.0,0.0,-18.1,-10.1,1.3,1.6099999999999999,0.0
3,-26.1,-23.8,-28.8,-33.6,0.0,0.0,0.0,0.0,7.3,20.9,2019-02-04,78,2019,2,0,35,0,True,0,0.8660254037844386,0.5000000000000001,0.5663619330814524,0.8241566360566663,1,0.77,0.42,0.42,0.0,0.0,0.0,-25.1,-18.1,-10.1,1.19,0.0
1,-25.5,-20.5,-29.1,-34.5,0.0,0.0,0.0,0.0,10.0,25.6,2019-02-05,112,2019,2,1,36,0,True,0,0.8660254037844386,0.5000000000000001,0.580454927809098,0.8142923779467267,1,0.0,0.77,0.42,0.0,0.0,0.0,-26.1,-25.1,-18.1,0.77,0.0
3,-22.9,-17.0,-26.6,-31.6,0.0,0.0,0.0,0.0,10.8,15.5,2019-02-06,107,2019,2,2,37,0,True,0,0.8660254037844386,0.5000000000000001,0.5943761565849831,0.804187157621448,1,0.0,0.0,0.77,0.0,0.0,0.0,-25.5,-26.1,-25.1,0.0,0.0
71,-19.5,-11.9,-25.2,-30.5,0.0,0.0,0.14,0.0,9.0,20.2,2019-02-07,144,2019,2,3,38,0,True,0,0.8660254037844386,0.5000000000000001,0.6081214998935418,0.7938439653781019,1,0.0,0.0,0.0,0.0,0.0,0.0,-22.9,-25.5,-26.1,0.14,0.0
73,-18.7,-16.1,-23.4,-29.7,1.7,0.0,1.96,8.0,16.1,33.8,2019-02-08,112,2019,2,4,39,0,True,0,0.8660254037844386,0.5000000000000001,0.6216868902665479,0.7832658619336791,1,0.14,0.0,0.0,0.0,0.0,0.0,-19.5,-22.9,-25.5,2.1,1.7
71,-25.6,-23.5,-27.8,-33.4,0.0,0.0,0.07,0.0,15.5,32.4,2019-02-09,137,2019,2,5,40,1,True,0,0.8660254037844386,0.5000000000000001,0.6350683134867438,0.7724559775191742,1,1.96,0.14,0.0,1.7,0.0,0.0,-18.7,-19.5,-22.9,2.17,1.7
71,-26.2,-23.0,-30.0,-36.1,0.0,0.0,0.07,0.0,15.1,32.8,2019-02-10,90,2019,2,6,41,1,True,0,0.8660254037844386,0.5000000000000001,0.6482618097757122,0.7614175109532997,1,0.07,1.96,0.14,0.0,1.7,0.0,-25.6,-18.7,-19.5,2.1,1.7
71,-23.9,-20.4,-26.6,-31.6,0.0,0.0,0.42,0.0,8.4,17.6,2019-02-11,395,2019,2,0,42,0,True,0,0.8660254037844386,0.5000000000000001,0.6612634749656386,0.7501537286959042,1,0.07,0.07,1.96,0.0,0.0,1.7,-26.2,-25.6,-18.7,0.56,0.0
71,-21.7,-18.2,-26.1,-31.3,0.7,0.0,0.84,4.0,9.4,18.7,2019-02-12,450,2019,2,1,43,0,True,0,0.8660254037844386,0.5000000000000001,0.6740694616546161,0.7386679638813748,1,0.42,0.07,0.07,0.0,0.0,0.0,-23.9,-26.2,-25.6,1.3299999999999998,0.7
71,-21.9,-17.4,-25.9,-31.4,0.3,0.0,0.28,3.0,11.7,16.2,2019-02-13,258,2019,2,2,44,0,True,0,0.8660254037844386,0.5000000000000001,0.6866759803451553,0.726963615332308,1,0.84,0.42,0.07,0.7,0.0,0.0,-21.7,-23.9,-26.2,1.5399999999999998,1.0
3,-22.0,-12.3,-28.6,-34.0,0.0,0.0,0.0,0.0,13.9,28.8,2019-02-14,438,2019,2,3,45,0,True,0,0.8660254037844386,0.5000000000000001,0.6990793005655562,0.7150441465537444,1,0.28,0.84,0.42,0.3,0.7,0.0,-21.9,-21.7,-23.9,1.1199999999999999,1.0
73,-19.9,-17.4,-23.1,-28.3,3.5,0.0,2.59,12.0,9.7,19.1,2019-02-15,142,2019,2,4,46,0,True,0,0.8660254037844386,0.5000000000000001,0.7112757519738152,0.7029130847082615,1,0.0,0.28,0.84,0.0,0.3,0.7,-22.0,-21.9,-21.7,2.8699999999999997,3.8
73,-16.8,-15.2,-18.0,-24.2,5.5,0.0,3.85,24.0,17.7,36.4,2019-02-16,125,2019,2,5,47,1,True,0,0.8660254037844386,0.5000000000000001,0.7232617254437388,0.6905740195722293,1,2.59,0.0,0.28,3.5,0.0,0.3,-19.9,-22.0,-21.9,6.4399999999999995,9.0
71,-18.1,-16.5,-22.1,-26.9,1.2,0.0,1.26,12.0,16.8,35.6,2019-02-17,302,2019,2,6,48,1,True,0,0.8660254037844386,0.5000000000000001,0.7350336741329413,0.6780306024735382,1,3.85,2.59,0.0,5.5,3.5,0.0,-16.8,-19.9,-22.0,7.7,10.2
3,-21.1,-15.2,-28.0,-33.2,0.0,0.0,0.0,0.0,10.8,22.7,2019-02-18,390,2019,2,0,49,0,True,0,0.8660254037844386,0.5000000000000001,0.746588114532413,0.6652865452111116,1,1.26,3.85,2.59,1.2,5.5,3.5,-18.1,-16.8,-19.9,5.11,6.7
3,-10.2,-2.8,-21.8,-27.3,0.0,0.0,0.0,0.0,14.2,25.9,2019-02-19,736,2019,2,1,50,0,True,0,0.8660254037844386,0.5000000000000001,0.7579216274973472,0.6523456189565257,1,0.0,1.26,3.85,0.0,1.2,5.5,-21.1,-18.1,-16.8,1.26,1.2
73,-6.4,-4.3,-12.1,-17.9,1.6,0.0,1.75,8.0,20.0,38.9,2019-02-20,565,2019,2,2,51,0,True,0,0.8660254037844386,0.5000000000000001,0.7690308592589181,0.6392116531380588,1,0.0,0.0,1.26,0.0,0.0,1.2,-10.2,-21.1,-18.1,1.75,1.6
71,-15.3,-11.2,-21.2,-26.4,0.0,0.0,0.07,0.0,14.1,30.2,2019-02-21,457,2019,2,3,52,0,True,0,0.8660254037844386,0.5000000000000001,0.7799125224167177,0.6258885343075018,1,1.75,0.0,0.0,1.6,0.0,0.0,-6.4,-10.2,-21.1,1.82,1.6
3,-9.6,-2.0,-18.7,-23.8,0.0,0.0,0.0,0.0,13.0,24.1,2019-02-22,537,2019,2,4,53,0,True,0,0.8660254037844386,0.5000000000000001,0.7905633969115482,0.612380204990065,1,0.07,1.75,0.0,0.0,1.6,0.0,-15.3,-6.4,-10.2,1.82,1.6
73,-14.0,-7.0,-18.9,-23.8,2.7,0.0,2.31,8.0,23.0,42.5,2019-02-23,218,2019,2,5,54,1,True,0,0.8660254037844386,0.5000000000000001,0.8009803309782905,0.5986906625177214,1,0.0,0.07,1.75,0.0,0.0,1.6,-9.6,-15.3,-6.4,2.38,2.7
3,-20.0,-16.9,-26.1,-31.4,0.0,0.0,0.0,0.0,11.1,26.6,2019-02-24,244,2019,2,6,55,1,True,0,0.8660254037844386,0.5000000000000001,0.8111602420785621,0.5848239578463322,1,2.31,0.0,0.07,2.7,0.0,0.0,-14.0,-9.6,-15.3,2.3100000000000005,2.7
3,-23.3,-18.0,-27.2,-31.9,0.0,0.0,0.0,0.0,10.1,21.2,2019-02-25,359,2019,2,0,56,0,True,0,0.8660254037844386,0.5000000000000001,0.8211001178128892,0.5707841943569036,1,0.0,2.31,0.0,0.0,2.7,0.0,-20.0,-14.0,-9.6,2.3100000000000005,2.7
3,-20.1,-11.8,-26.9,-32.6,0.0,0.0,0.0,0.0,11.2,22.7,2019-02-26,435,2019,2,1,57,0,True,0,0.8660254037844386,0.5000000000000001,0.8307970168121247,0.5565755266413303,1,0.0,0.0,2.31,0.0,0.0,2.7,-23.3,-20.0,-14.0,0.0,0.0
3,-13.9,-3.4,-22.6,-27.7,0.0,0.0,0.0,0.0,10.1,20.5,2019-02-27,437,2019,2,2,58,0,True,0,0.8660254037844386,0.5000000000000001,0.8402480696078469,0.5422021592729844,1,0.0,0.0,0.0,0.0,0.0,0.0,-20.1,-23.3,-20.0,0.0,0.0
3,-8.3,-3.7,-12.6,-17.3,0.0,0.0,0.0,0.0,12.2,31.3,2019-02-28,421,2019,2,3,59,0,True,0,0.8660254037844386,0.5000000000000001,0.8494504794814806,0.527668345562516,1,0.0,0.0,0.0,0.0,0.0,0.0,-13.9,-20.1,-23.3,0.0,0.0
71,-18.6,-7.9,-26.3,-31.3,0.0,0.0,0.77,0.0,16.3,34.6,2019-03-01,134,2019,3,4,60,0,True,0,1.0,6.123233995736766e-17,0.8584015232918917,0.512978386299228,1,0.0,0.0,0.0,0.0,0.0,0.0,-8.3,-13.9,-20.1,0.7700000000000005,0.0
3,-25.0,-19.7,-28.8,-33.8,0.0,0.0,0.0,0.0,10.2,18.0,2019-03-02,94,2019,3,5,61,1,True,0,1.0,6.123233995736766e-17,0.8670985522812081,0.4981366284784055,1,0.77,0.0,0.0,0.0,0.0,0.0,-18.6,-8.3,-13.9,0.7700000000000005,0.0
0,-22.8,-13.5,-30.4,-36.1,0.0,0.0,0.0,0.0,11.6,20.9,2019-03-03,113,2019,3,6,62,1,True,0,1.0,6.123233995736766e-17,0.8755389928586302,0.4831474640149687,1,0.0,0.77,0.0,0.0,0.0,0.0,-25.0,-18.6,-8.3,0.7700000000000005,0.0
0,-16.4,-7.6,-23.0,-28.4,0.0,0.0,0.0,0.0,11.6,27.7,2019-03-04,246,2019,3,0,63,0,True,0,1.0,6.123233995736766e-17,0.8837203473619977,0.4680153284438345,1,0.0,0.0,0.77,0.0,0.0,0.0,-22.8,-25.0,-18.6,0.0,0.0
2,-13.4,-5.1,-19.1,-24.2,0.0,0.0,0.0,0.0,11.3,20.9,2019-03-05,403,2019,3,1,64,0,True,0,1.0,6.123233995736766e-17,0.8916401947968874,0.45274469960737107,1,0.0,0.0,0.0,0.0,0.0,0.0,-16.4,-22.8,-25.0,0.0,0.0
3,-16.7,-12.6,-21.1,-26.1,0.0,0.0,0.0,0.0,19.1,42.5,2019-03-06,267,2019,3,2,65,0,True,0,1.0,6.123233995736766e-17,0.8992961915530253,0.4373400963303323,1,0.0,0.0,0.0,0.0,0.0,0.0,-13.4,-16.4,-22.8,0.0,0.0
71,-13.0,-5.2,-17.7,-22.7,0.3,0.0,0.21,2.0,17.8,34.2,2019-03-07,258,2019,3,3,66,0,True,0,1.0,6.123233995736766e-17,0.9066860720977985,0.4218060770826634,1,0.0,0.0,0.0,0.0,0.0,0.0,-16.7,-13.4,-16.4,0.21000000000000044,0.3
73,-8.4,-1.3,-14.6,-18.9,0.7,0.0,0.63,3.0,12.9,29.5,2019-03-08,138,2019,3,4,67,0,True,0,1.0,6.123233995736766e-17,0.9138076496466615,0.4061472386305789,1,0.21,0.0,0.0,0.3,0.0,0.0,-13.0,-16.7,-13.4,0.8400000000000004,1.0
3,-6.8,0.1,-12.3,-17.0,0.0,0.0,0.0,0.0,12.0,31.0,2019-03-09,163,2019,3,5,68,1,True,1,1.0,6.123233995736766e-17,0.9206588168102428,0.3903682146763026,1,0.63,0.21,0.0,0.7,0.3,0.0,-8.4,-13.0,-16.7,0.8400000000000004,1.0
3,-6.6,3.0,-14.7,-19.9,0.0,0.0,0.0,0.0,11.2,25.9,2019-03-10,183,2019,3,6,69,1,True,1,1.0,6.123233995736766e-17,0.9272375462179537,0.374473674486883,1,0.0,0.63,0.21,0.0,0.7,0.3,-6.8,-8.4,-13.0,0.6300000000000004,0.7
3,2.2,10.2,-4.5,-9.6,0.0,0.0,0.0,0.0,15.0,31.3,2019-03-11,358,2019,3,0,70,0,True,1,1.0,6.123233995736766e-17,0.9335418911179212,0.35846832151248087,1,0.0,0.0,0.63,0.0,0.0,0.7,-6.6,-6.8,-8.4,0.0,0.0
73,0.5,4.1,-2.1,-5.8,1.2,0.0,1.33,3.0,13.3,27.0,2019-03-12,227,2019,3,1,71,0,True,1,1.0,6.123233995736766e-17,0.9395699859530622,0.342356891994542,1,0.0,0.0,0.0,0.0,0.0,0.0,2.2,-6.6,-6.8,1.3300000000000005,1.2
3,-2.1,2.7,-6.3,-10.6,0.0,0.0,0.0,0.0,10.7,24.8,2019-03-13,213,2019,3,2,72,0,True,1,1.0,6.123233995736766e-17,0.945320046913132,0.3261441535642696,1,1.33,0.0,0.0,1.2,0.0,0.0,0.5,2.2,-6.6,1.3300000000000005,1.2
3,-3.0,3.9,-9.0,-14.0,0.0,0.0,0.0,0.0,12.0,24.5,2019-03-14,231,2019,3,3,73,0,True,1,1.0,6.123233995736766e-17,0.9507903724625832,0.3098349038318025,1,0.0,1.33,0.0,0.0,1.2,0.0,-2.1,0.5,2.2,1.3300000000000005,1.2
71,-0.0,5.4,-4.2,-9.1,0.2,0.1,0.07,1.0,12.4,27.4,2019-03-15,216,2019,3,4,74,0,True,1,1.0,6.123233995736766e-17,0.9559793438440766,0.2934339689665273,1,0.0,0.0,1.33,0.0,0.0,1.2,-3.0,-2.1,0.5,0.07000000000000045,0.2
3,-0.5,6.8,-5.5,-10.0,0.0,0.0,0.0,0.0,8.3,16.9,2019-03-16,138,2019,3,5,75,1,True,1,1.0,6.123233995736766e-17,0.9608854255574977,0.27694620226893646,1,0.07,0.0,0.0,0.2,0.0,0.0,-0.0,-3.0,-2.1,0.07000000000000045,0.2
3,1.4,9.0,-4.7,-9.2,0.0,0.0,0.0,0.0,11.1,25.6,2019-03-17,106,2019,3,6,76,1,True,1,1.0,6.123233995736766e-17,0.9655071658143364,0.2603764827344581,1,0.0,0.07,0.0,0.0,0.2,0.0,-0.5,-0.0,-3.0,0.07000000000000045,0.2
3,4.1,12.2,-1.8,-6.6,0.0,0.0,0.0,0.0,14.2,25.6,2019-03-18,173,2019,3,0,77,0,True,1,1.0,6.123233995736766e-17,0.969843196967294,0.24372971360968387,1,0.0,0.0,0.07,0.0,0.0,0.2,1.4,-0.5,-0.0,0.0,0.0
0,5.7,15.0,-0.8,-5.3,0.0,0.0,0.0,0.0,11.9,22.7,2019-03-19,148,2019,3,1,78,0,True,1,1.0,6.123233995736766e-17,0.9738922359149924,0.22701082094141847,1,0.0,0.0,0.0,0.0,0.0,0.0,4.1,1.4,-0.5,0.0,0.0
0,5.6,16.2,-1.2,-5.2,0.0,0.0,0.0,0.0,12.5,24.1,2019-03-20,82,2019,3,2,79,0,True,1,1.0,6.123233995736766e-17,0.9776530844816641,0.2102247521189836,1,0.0,0.0,0.0,0.0,0.0,0.0,5.7,4.1,1.4,0.0,0.0
0,5.3,12.9,-1.0,-4.7,0.0,0.0,0.0,0.0,12.5,28.1,2019-03-21,38,2019,3,3,80,0,True,1,1.0,6.123233995736766e-17,0.981124629771712,0.19337647441020586,1,0.0,0.0,0.0,0.0,0.0,0.0,5.6,5.7,4.1,0.0,0.0
1,5.7,14.4,-1.0,-4.5,0.0,0.0,0.0,0.0,11.2,21.6,2019-03-22,24,2019,3,4,81,0,True,1,1.0,6.123233995736766e-17,0.984305844499033,0.17647097349152166,1,0.0,0.0,0.0,0.0,0.0,0.0,5.3,5.6,5.7,0.0,0.0
3,3.9,11.4,-1.5,-4.7,0.0,0.0,0.0,0.0,13.4,25.9,2019-03-23,9,2019,3,5,82,1,True,1,1.0,6.123233995736766e-17,0.9871957872910085,0.15951325197263655,1,0.0,0.0,0.0,0.0,0.0,0.0,5.7,5.3,5.6,0.0,0.0
71,0.6,2.2,-0.7,-4.5,1.5,0.4,1.12,11.0,11.2,24.8,2019-03-24,3,2019,3,6,83,1,True,1,1.0,6.123233995736766e-17,0.9897936029670716,0.14250832791617088,1,0.0,0.0,0.0,0.0,0.0,0.0,3.9,5.7,5.3,1.1200000000000006,1.5
3,3.2,9.9,-0.8,-4.6,0.0,0.0,0.0,0.0,11.6,27.4,2019-03-25,6,2019,3,0,84,0,True,1,1.0,6.123233995736766e-17,0.992098522791769,0.12546123335273648,1,1.12,0.0,0.0,1.5,0.0,0.0,0.6,3.9,5.7,1.1200000000000006,1.5
73,4.6,10.8,0.7,-2.9,2.0,0.8,0.84,6.0,20.4,48.2,2019-03-26,6,2019,3,1,85,0,True,0,1.0,6.123233995736766e-17,0.9941098647022418,0.10837701279187609,1,0.0,1.12,0.0,0.0,1.5,0.0,3.2,0.6,3.9,1.9600000000000004,3.5
73,2.0,4.4,-1.3,-4.9,1.5,0.5,0.77,9.0,13.3,31.7,2019-03-27,3,2019,3,2,86,0,True,1,1.0,6.123233995736766e-17,0.9958270335100595,0.09126072172931188,1,0.84,0.0,1.12,2.0,0.0,1.5,4.6,3.2,0.6,1.6100000000000003,3.5
3,1.6,7.4,-3.1,-6.8,0.0,0.0,0.0,0.0,13.8,36.0,2019-03-28,1,2019,3,3,87,0,True,1,1.0,6.123233995736766e-17,0.9972495210773451,0.07411742515094437,1,0.77,0.84,0.0,1.5,2.0,0.0,2.0,4.6,3.2,1.6100000000000003,3.5
3,3.0,9.7,-2.4,-5.9,0.0,0.0,0.0,0.0,10.9,22.0,2019-03-29,2,2019,3,4,88,0,True,1,1.0,6.123233995736766e-17,0.998376906467142,0.056952196034039754,1,0.0,0.77,0.84,0.0,1.5,2.0,1.6,2.0,4.6,0.7700000000000005,1.5
3,4.9,13.2,-2.1,-6.2,0.0,0.0,0.0,0.0,18.0,35.6,2019-03-30,0,2019,3,5,89,1,True,1,1.0,6.123233995736766e-17,0.9992088560679753,0.03977011384605572,1,0.0,0.0,0.77,0.0,0.0,1.5,3.0,1.6,2.0,0.0,0.0
71,3.0,8.2,-1.1,-4.8,0.1,0.0,0.14,1.0,14.5,35.6,2019-03-31,2,2019,3,6,90,1,True,1,1.0,6.123233995736766e-17,0.9997451236925734,0.022576263041545485,1,0.0,0.0,0.0,0.0,0.0,0.0,4.9,3.0,1.6,0.14000000000000046,0.1
51,3.3,8.9,-0.2,-3.8,0.3,0.3,0.0,2.0,17.4,38.9,2019-04-01,2,2019,4,0,91,0,True,1,0.8660254037844387,-0.4999999999999998,0.9999855506507186,0.005375731557583884,1,0.14,0.0,0.0,0.1,0.0,0.0,3.0,4.9,3.0,0.14000000000000046,0.4
3,3.4,9.9,-2.5,-6.1,0.0,0.0,0.0,0.0,10.9,27.4,2019-04-02,0,2019,4,1,92,0,True,1,0.8660254037844387,-0.4999999999999998,0.9999300657962057,-0.011826390691832589,1,0.0,0.14,0.0,0.3,0.1,0.0,3.3,3.0,4.9,0.14000000000000046,0.39999999999999997
3,4.7,13.6,-3.9,-7.7,0.0,0.0,0.0,0.0,11.2,25.2,2019-04-03,3,2019,4,2,93,0,True,1,0.8660254037844387,-0.4999999999999998,0.9995786855478958,-0.029025013321975237,1,0.0,0.0,0.14,0.0,0.3,0.1,3.4,3.3,3.0,0.0,0.29999999999999993
51,6.6,12.0,0.9,-2.3,0.1,0.1,0.0,1.0,17.3,33.8,2019-04-04,2,2019,4,3,94,0,True,0,0.8660254037844387,-0.4999999999999998,0.9989315138848577,-0.046215046983708354,1,0.0,0.0,0.0,0.0,0.0,0.3,4.7,3.4,3.3,0.0,0.1
3,4.4,11.2,-1.8,-5.2,0.0,0.0,0.0,0.0,18.7,42.1,2019-04-05,3,2019,4,4,95,0,True,1,0.8660254037844387,-0.4999999999999998,0.9979887423155984,-0.06339140486951038,1,0.0,0.0,0.0,0.1,0.0,0.0,6.6,4.7,3.4,0.0,0.1
3,7.0,13.3,2.1,-1.5,0.0,0.0,0.0,0.0,22.1,60.8,2019-04-06,3,2019,4,5,96,1,True,0,0.8660254037844387,-0.4999999999999998,0.9967506498213929,-0.08054900421874167,1,0.0,0.0,0.0,0.0,0.1,0.0,4.4,6.6,4.7,0.0,0.1
3,6.0,12.1,0.2,-4.3,0.0,0.0,0.0,0.0,14.8,35.6,2019-04-07,0,2019,4,6,97,1,True,0,0.8660254037844387,-0.4999999999999998,0.9952176027737294,-0.09768276782171598,1,0.0,0.0,0.0,0.0,0.0,0.1,7.0,4.4,6.6,0.0,0.0
3,6.5,13.9,-1.0,-5.8,0.0,0.0,0.0,0.0,12.1,23.8,2019-04-08,2,2019,4,0,98,0,True,1,0.8660254037844387,-0.4999999999999998,0.9933900548258936,-0.11478762552212701,1,0.0,0.0,0.0,0.0,0.0,0.0,6.0,7.0,4.4,0.0,0.0
3,5.9,13.4,-1.5,-5.7,0.0,0.0,0.0,0.0,11.9,30.2,2019-04-09,1,2019,4,1,99,0,True,1,0.8660254037844387,-0.4999999999999998,0.9912685467787256,-0.13185851571739118,1,0.0,0.0,0.0,0.0,0.0,0.0,6.5,6.0,7.0,0.0,0.0
51,5.0,9.5,0.6,-3.1,0.9,0.9,0.0,5.0,18.0,44.3,2019-04-10,1,2019,4,2,100,0,True,0,0.8660254037844387,-0.4999999999999998,0.9888537064205885,-0.1488903868564548,1,0.0,0.0,0.0,0.0,0.0,0.0,5.9,6.5,6.0,0.0,0.9
73,2.2,5.0,-0.1,-3.0,6.5,3.5,2.1,19.0,11.4,27.7,2019-04-11,2,2019,4,3,101,0,True,1,0.8660254037844387,-0.4999999999999998,0.986146248341595,-0.16587819893463143,1,0.0,0.0,0.0,0.9,0.0,0.0,5.0,5.9,6.5,2.1000000000000005,7.4
73,2.3,7.8,-1.4,-5.1,1.3,0.5,0.7,5.0,10.4,28.1,2019-04-12,2,2019,4,4,102,0,True,1,0.8660254037844387,-0.4999999999999998,0.9831469737221499,-0.1828169249850199,1,2.1,0.0,0.0,6.5,0.9,0.0,2.2,5.0,5.9,2.8000000000000007,8.700000000000001
3,4.8,11.5,-2.6,-6.8,0.0,0.0,0.0,0.0,12.4,28.4,2019-04-13,0,2019,4,5,103,1,True,1,0.8660254037844387,-0.4999999999999998,0.9798567700958665,-0.1997015525660636,1,0.7,2.1,0.0,1.3,6.5,0.9,2.3,2.2,5.0,2.8000000000000007,7.8
51,4.6,10.0,0.3,-4.4,0.4,0.4,0.0,2.0,23.2,51.1,2019-04-14,0,2019,4,6,104,1,True,0,0.8660254037844387,-0.4999999999999998,0.9762766110869321,-0.21652708524481437,1,0.0,0.7,2.1,0.0,1.3,6.5,4.8,2.3,2.2,0.7000000000000004,1.7000000000000002
51,3.1,9.5,-3.4,-7.4,0.4,0.4,0.0,2.0,9.6,19.4,2019-04-15,1,2019,4,0,105,0,True,1,0.8660254037844387,-0.4999999999999998,0.9724075561219968,-0.23328854407545518,1,0.0,0.0,0.7,0.4,0.0,1.3,4.6,4.8,2.3,0.0,0.8
3,4.3,12.9,-4.0,-8.2,0.0,0.0,0.0,0.0,9.5,27.0,2019-04-16,1,2019,4,1,106,0,True,1,0.8660254037844387,-0.4999999999999998,0.9682507501166718,-0.2499809690726521,1,0.0,0.0,0.0,0.4,0.4,0.0,3.1,4.6,4.8,0.0,0.8
3,6.9,14.4,-1.0,-5.3,0.0,0.0,0.0,0.0,25.3,50.4,2019-04-17,0,2019,4,2,107,0,True,1,0.8660254037844387,-0.4999999999999998,0.9638074231367307,-0.26659942067929354,1,0.0,0.0,0.0,0.0,0.4,0.4,4.3,3.1,4.6,0.0,0.4
3,9.4,19.8,-0.9,-4.5,0.0,0.0,0.0,0.0,17.4,37.1,2019-04-18,0,2019,4,3,108,0,True,1,0.8660254037844387,-0.4999999999999998,0.9590788900341131,-0.28313898122818354,1,0.0,0.0,0.0,0.0,0.0,0.4,6.9,4.3,3.1,0.0,0.0
53,6.6,9.7,0.9,-2.3,2.2,2.2,0.0,6.0,17.8,40.0,2019-04-19,0,2019,4,4,109,0,True,0,0.8660254037844387,-0.4999999999999998,0.9540665500578387,-0.2995947563972602,1,0.0,0.0,0.0,0.0,0.0,0.0,9.4,6.9,4.3,0.0,2.2
51,5.2,10.8,-0.0,-3.4,0.2,0.2,0.0,1.0,13.6,31.3,2019-04-20,0,2019,4,5,110,1,True,0,0.8660254037844387,-0.4999999999999998,0.9487718864399473,-0.31596187665790293,1,0.0,0.0,0.0,2.2,0.0,0.0,6.6,9.4,6.9,0.0,2.4000000000000004
3,8.7,17.7,-1.7,-5.0,0.0,0.0,0.0,0.0,11.9,34.6,2019-04-21,0,2019,4,6,111,1,True,1,0.8660254037844387,-0.4999999999999998,0.9431964659565866,-0.33223549871590435,1,0.0,0.0,0.0,0.2,2.2,0.0,5.2,6.6,9.4,0.0,2.4000000000000004
3,10.7,20.3,-1.1,-5.2,0.0,0.0,0.0,0.0,19.3,44.6,2019-04-22,0,2019,4,0,112,0,True,1,0.8660254037844387,-0.4999999999999998,0.9373419384643772,-0.3484108069446808,1,0.0,0.0,0.0,0.0,0.2,2.2,8.7,5.2,6.6,0.0,0.2
3,11.2,18.3,3.3,-0.5,0.0,0.0,0.0,0.0,19.1,41.0,2019-04-23,3,2019,4,1,113,0,True,0,0.8660254037844387,-0.4999999999999998,0.9312100364121947,-0.3644830148102912,1,0.0,0.0,0.0,0.0,0.0,0.2,10.7,8.7,5.2,0.0,0.0
2,6.4,12.8,-0.1,-3.9,0.0,0.0,0.0,0.0,24.0,56.9,2019-04-24,3,2019,4,2,114,0,True,1,0.8660254037844387,-0.4999999999999998,0.9248025743285089,-0.38044736628785164,1,0.0,0.0,0.0,0.0,0.0,0.0,11.2,10.7,8.7,0.0,0.0
3,5.9,14.0,-2.5,-6.1,0.0,0.0,0.0,0.0,14.4,33.5,2019-04-25,0,2019,4,3,115,0,True,1,0.8660254037844387,-0.4999999999999998,0.9181214482844364,-0.39629913726891813,1,0.0,0.0,0.0,0.0,0.0,0.0,6.4,11.2,10.7,0.0,0.0
51,4.8,9.8,0.5,-4.4,0.6,0.6,0.0,4.0,17.2,36.7,2019-04-26,0,2019,4,4,116,0,True,0,0.8660254037844387,-0.4999999999999998,0.9111686353326631,-0.41203363695942635,1,0.0,0.0,0.0,0.0,0.0,0.0,5.9,6.4,11.2,0.0,0.6
75,1.4,5.2,-2.3,-8.9,13.3,1.7,8.26,14.0,29.4,60.8,2019-04-27,37,2019,4,5,117,1,True,1,0.8660254037844387,-0.4999999999999998,0.9039461929224011,-0.42764620926777464,1,0.0,0.0,0.0,0.6,0.0,0.0,4.8,5.9,6.4,8.26,13.9
73,-0.9,4.8,-5.1,-10.8,2.0,0.0,1.47,3.0,25.6,54.4,2019-04-28,54,2019,4,6,118,1,True,1,0.8660254037844387,-0.4999999999999998,0.8964562582905575,-0.44313223418263453,1,8.26,0.0,0.0,13.3,0.6,0.0,1.4,4.8,5.9,9.73,15.9
71,0.3,5.0,-4.8,-9.3,0.2,0.2,0.07,1.0,9.9,22.3,2019-04-29,34,2019,4,0,119,0,True,1,0.8660254037844387,-0.4999999999999998,0.8887010478292915,-0.45848712914008766,1,1.47,8.26,0.0,2.0,13.3,0.6,-0.9,1.4,4.8,9.799999999999999,15.5
73,-0.5,3.4,-5.5,-9.6,0.5,0.2,0.28,2.0,15.8,45.0,2019-04-30,6,2019,4,1,120,0,True,1,0.8660254037844387,-0.4999999999999998,0.8806828564301475,-0.47370635037968,1,0.07,1.47,8.26,0.2,2.0,13.3,0.3,-0.9,1.4,1.82,2.7
71,2.3,7.8,-2.9,-7.4,0.1,0.1,0.28,1.0,15.3,30.6,2019-05-01,4,2019,5,2,121,0,False,1,0.49999999999999994,-0.8660254037844387,0.8724040568049612,-0.48878539428899265,1,0.28,0.07,1.47,0.5,0.2,2.0,-0.5,0.3,-0.9,0.6300000000000001,0.7999999999999999
71,3.6,10.0,-0.4,-4.7,1.2,0.6,0.56,5.0,17.3,34.6,2019-05-02,2,2019,5,3,122,0,False,1,0.49999999999999994,-0.8660254037844387,0.8638670987837349,-0.503719798736334,1,0.28,0.28,0.07,0.1,0.5,0.2,2.3,-0.5,0.3,1.12,1.7999999999999998
51,3.8,8.4,1.0,-3.1,0.2,0.2,0.0,2.0,22.1,50.4,2019-05-03,1,2019,5,4,123,0,False,0,0.49999999999999994,-0.8660254037844387,0.8550745085896932,-0.518505144391157,1,0.56,0.28,0.28,1.2,0.1,0.5,3.6,2.3,-0.5,0.8400000000000001,1.4999999999999998
73,-0.2,1.0,-2.0,-5.1,5.8,0.0,4.06,17.0,11.8,26.3,2019-05-04,1,2019,5,5,124,1,False,1,0.49999999999999994,-0.8660254037844387,0.8460288880917339,-0.533137056031809,1,0.0,0.56,0.28,0.2,1.2,0.1,3.8,3.6,2.3,4.619999999999999,7.199999999999999
73,0.3,4.6,-3.7,-7.5,1.4,0.0,1.26,6.0,13.8,32.8,2019-05-05,2,2019,5,6,125,1,False,1,0.49999999999999994,-0.8660254037844387,0.8367329140344921,-0.5476112038402312,1,4.06,0.0,0.56,5.8,0.2,1.2,-0.2,3.8,3.6,5.319999999999999,7.4
3,5.1,12.6,-2.9,-6.5,0.0,0.0,0.0,0.0,9.3,22.3,2019-05-06,5,2019,5,0,126,0,False,1,0.49999999999999994,-0.8660254037844387,0.8271893372462497,-0.5619233046832195,1,1.26,4.06,0.0,1.4,5.8,0.2,0.3,-0.2,3.8,5.32,7.199999999999999
55,6.3,10.2,2.6,-0.1,2.4,2.4,0.0,9.0,11.0,32.4,2019-05-07,1,2019,5,1,127,0,False,0,0.49999999999999994,-0.8660254037844387,0.8174009818249189,-0.5760691233798758,1,0.0,1.26,4.06,0.0,1.4,5.8,5.1,0.3,-0.2,1.26,3.8
55,6.2,11.1,0.5,-2.4,2.2,2.2,0.0,8.0,8.4,29.5,2019-05-08,1,2019,5,2,128,0,False,0,0.49999999999999994,-0.8660254037844387,0.8073707443023492,-0.5900444739548627,1,0.0,0.0,1.26,2.4,0.0,1.4,6.3,5.1,0.3,0.0,4.6
51,10.4,19.0,1.6,-2.1,0.4,0.4,0.0,1.0,11.9,20.2,2019-05-09,1,2019,5,3,129,0,False,0,0.49999999999999994,-0.8660254037844387,0.7971015927871943,-0.6038452208771035,1,0.0,0.0,0.0,2.2,2.4,0.0,6.2,6.3,5.1,0.0,5.0
3,14.0,18.8,6.8,3.8,0.0,0.0,0.0,0.0,23.7,54.7,2019-05-10,4,2019,5,4,130,0,False,0,0.49999999999999994,-0.8660254037844387,0.7865965660866021,-0.6174672802835514,1,0.0,0.0,0.0,0.4,2.2,2.4,10.4,6.2,6.3,0.0,2.6
3,13.9,25.2,1.0,-2.0,0.0,0.0,0.0,0.0,11.3,29.5,2019-05-11,0,2019,5,5,131,1,False,0,0.49999999999999994,-0.8660254037844387,0.7758587728069828,-0.6309066211876704,1,0.0,0.0,0.0,0.0,0.4,2.2,14.0,10.4,6.2,0.0,0.4
3,16.7,23.2,10.3,6.8,0.0,0.0,0.0,0.0,13.9,35.3,2019-05-12,0,2019,5,6,132,1,False,0,0.49999999999999994,-0.8660254037844387,0.7648913904341225,-0.6441592666722685,1,0.0,0.0,0.0,0.0,0.0,0.4,13.9,14.0,10.4,0.0,0.0
53,13.4,19.8,7.9,4.2,1.9,1.9,0.0,7.0,13.3,29.2,2019-05-13,2,2019,5,0,133,0,False,0,0.49999999999999994,-0.8660254037844387,0.753697664392914,-0.6572212950663319,1,0.0,0.0,0.0,0.0,0.0,0.0,16.7,13.9,14.0,0.0,1.9
51,14.5,21.4,8.6,7.0,0.9,0.9,0.0,6.0,14.1,34.9,2019-05-14,1,2019,5,1,134,0,False,0,0.49999999999999994,-0.8660254037844387,0.742280907086982,-0.6700888411055113,1,0.0,0.0,0.0,1.9,0.0,0.0,13.4,16.7,13.9,0.0,2.8
51,12.7,16.9,8.2,5.0,0.3,0.3,0.0,3.0,19.2,43.6,2019-05-15,0,2019,5,2,135,0,False,0,0.49999999999999994,-0.8660254037844387,0.7306444969184916,-0.6827580970759147,1,0.0,0.0,0.0,0.9,1.9,0.0,14.5,13.4,16.7,0.0,3.1
51,7.7,10.1,5.9,2.5,2.5,2.5,0.0,11.0,20.6,43.9,2019-05-16,3,2019,5,3,136,0,False,0,0.49999999999999994,-0.8660254037844387,0.7187918772884232,-0.6952253139408722,1,0.0,0.0,0.0,0.3,0.9,1.9,12.7,14.5,13.4,0.0,3.7
71,5.0,6.8,3.2,-0.1,9.6,9.4,0.14,23.0,12.8,27.0,2019-05-17,0,2019,5,4,137,0,False,0,0.49999999999999994,-0.8660254037844387,0.7067265555776158,-0.7074868024503348,1,0.0,0.0,0.0,2.5,0.3,0.9,7.7,12.7,14.5,0.14,12.4
73,3.7,5.9,1.6,-1.9,7.5,5.5,1.4,20.0,20.3,42.8,2019-05-18,0,2019,5,5,138,1,False,0,0.49999999999999994,-0.8660254037844387,0.6944521021088763,-0.719538934232584,1,0.14,0.0,0.0,9.6,2.5,0.3,5.0,7.7,12.7,1.54,19.6
3,5.9,10.8,-0.1,-3.5,0.0,0.0,0.0,0.0,21.3,45.0,2019-05-19,0,2019,5,6,139,1,False,1,0.49999999999999994,-0.8660254037844387,0.6819721490904629,-0.7313781428679254,1,1.4,0.14,0.0,7.5,9.6,2.5,3.7,5.0,7.7,1.54,17.1
51,5.8,9.4,-0.6,-4.0,0.8,0.8,0.0,5.0,22.9,49.0,2019-05-20,0,2019,5,0,140,0,False,1,0.49999999999999994,-0.8660254037844387,0.6692903895412567,-0.7430009249440493,1,0.0,1.4,0.14,0.0,7.5,9.6,5.9,3.7,5.0,1.4,8.3
53,5.5,7.7,2.4,-0.0,5.7,5.7,0.0,18.0,13.4,32.8,2019-05-21,1,2019,5,1,141,0,False,0,0.49999999999999994,-0.8660254037844387,0.6564105761979381,-0.7544038410927472,1,0.0,0.0,1.4,0.8,0.0,7.5,5.8,5.9,3.7,0.0,6.5
53,10.4,17.4,2.6,0.2,1.1,1.1,0.0,4.0,9.5,24.5,2019-05-22,0,2019,5,2,142,0,False,0,0.49999999999999994,-0.8660254037844387,0.6433365204044917,-0.765583517007675,1,0.0,0.0,0.0,5.7,0.8,0.0,5.5,5.8,5.9,0.0,7.6
3,12.7,20.5,3.6,0.5,0.0,0.0,0.0,0.0,15.1,34.6,2019-05-23,0,2019,5,3,143,0,False,0,0.49999999999999994,-0.8660254037844387,0.6300720909843687,-0.7765366444428655,1,0.0,0.0,0.0,1.1,5.7,0.8,10.4,5.5,5.8,0.0,6.800000000000001
55,10.8,15.9,6.5,3.5,2.7,2.7,0.0,4.0,15.9,32.8,2019-05-24,1,2019,5,4,144,0,False,0,0.49999999999999994,-0.8660254037844387,0.6166212130956382,-0.7872599821916922,1,0.0,0.0,0.0,0.0,1.1,5.7,12.7,10.4,5.5,0.0,3.8000000000000003
55,9.3,11.9,3.7,1.1,4.0,4.0,0.0,8.0,17.1,31.7,2019-05-25,0,2019,5,5,145,1,False,0,0.49999999999999994,-0.8660254037844387,0.6029878670694714,-0.7977503570459932,1,0.0,0.0,0.0,2.7,0.0,1.1,10.8,12.7,10.4,0.0,6.7
3,10.0,17.0,1.2,-2.1,0.0,0.0,0.0,0.0,12.2,29.9,2019-05-26,0,2019,5,6,146,1,False,0,0.49999999999999994,-0.8660254037844387,0.5891760872322963,-0.8080046647350754,1,0.0,0.0,0.0,4.0,2.7,0.0,9.3,10.8,12.7,0.0,6.7
2,12.0,19.9,1.6,-1.4,0.0,0.0,0.0,0.0,11.7,29.2,2019-05-27,0,2019,5,0,147,0,False,0,0.49999999999999994,-0.8660254037844387,0.5751899607119775,-0.8180198708443174,1,0.0,0.0,0.0,0.0,4.0,2.7,10.0,9.3,10.8,0.0,4.0
3,14.1,23.0,3.8,1.0,0.0,0.0,0.0,0.0,10.1,22.0,2019-05-28,2,2019,5,1,148,0,False,0,0.49999999999999994,-0.8660254037844387,0.5610336262283677,-0.8277930117131022,1,0.0,0.0,0.0,0.0,0.0,4.0,12.0,10.0,9.3,0.0,0.0
0,17.0,27.4,4.8,2.1,0.0,0.0,0.0,0.0,9.7,18.0,2019-05-29,1,2019,5,2,149,0,False,0,0.49999999999999994,-0.8660254037844387,0.5467112728685939,-0.8373211953118121,1,0.0,0.0,0.0,0.0,0.0,0.0,14.1,12.0,10.0,0.0,0.0
53,16.7,23.8,10.8,9.6,1.4,1.4,0.0,4.0,18.4,43.9,2019-05-30,0,2019,5,3,150,0,False,0,0.49999999999999994,-0.8660254037844387,0.5322271388474397,-0.8466016020976267,1,0.0,0.0,0.0,0.0,0.0,0.0,17.0,14.1,12.0,0.0,1.4
55,14.5,22.1,7.8,6.2,1.8,1.8,0.0,4.0,13.4,34.6,2019-05-31,0,2019,5,4,151,0,False,0,0.49999999999999994,-0.8660254037844387,0.5175855102531889,-0.8556314858488706,1,0.0,0.0,0.0,1.4,0.0,0.0,16.7,17.0,14.1,0.0,3.2
51,17.6,27.2,7.3,5.0,0.2,0.2,0.0,1.0,9.2,25.9,2019-06-01,0,2019,6,5,152,1,False,0,1.2246467991473532e-16,-1.0,0.5027907197793043,-0.8644081744776648,1,0.0,0.0,0.0,1.8,1.4,0.0,14.5,16.7,17.0,0.0,3.4
3,19.7,27.6,11.3,7.9,0.0,0.0,0.0,0.0,14.5,36.0,2019-06-02,0,2019,6,6,153,1,False,0,1.2246467991473532e-16,-1.0,0.4878471454423119,-0.8729290708206411,1,0.0,0.0,0.0,0.2,1.8,1.4,17.6,14.5,16.7,0.0,2.0
3,19.0,26.4,10.4,8.1,0.0,0.0,0.0,0.0,30.7,47.2,2019-06-03,1,2019,6,0,154,0,False,0,1.2246467991473532e-16,-1.0,0.47275920928627757,-0.881191653407483,1,0.0,0.0,0.0,0.0,0.2,1.8,19.7,17.6,14.5,0.0,0.2
53,15.4,24.6,7.7,5.1,1.9,1.9,0.0,6.0,24.6,43.2,2019-06-04,1,2019,6,1,155,0,False,0,1.2246467991473532e-16,-1.0,0.4575313760742512,-0.8891934772070711,1,0.0,0.0,0.0,0.0,0.0,0.2,19.0,19.7,17.6,0.0,1.9
3,14.5,22.9,4.8,2.3,0.0,0.0,0.0,0.0,16.1,39.2,2019-06-05,0,2019,6,2,156,0,False,0,1.2246467991473532e-16,-1.0,0.44216815196707204,-0.8969321743510065,1,0.0,0.0,0.0,1.9,0.0,0.0,15.4,19.0,19.7,0.0,1.9
53,12.9,17.7,7.2,4.7,1.0,1.0,0.0,3.0,12.0,26.6,2019-06-06,1,2019,6,3,157,0,False,0,1.2246467991473532e-16,-1.0,0.42667408318992467,-0.9044054548343001,1,0.0,0.0,0.0,0.0,1.9,0.0,14.5,15.4,19.0,0.0,2.9
63,5.5,8.1,3.8,0.6,19.5,19.5,0.0,19.0,20.6,37.8,2019-06-07,0,2019,6,4,158,0,False,0,1.2246467991473532e-16,-1.0,0.4110537546870351,-0.9116111071930239,1,0.0,0.0,0.0,1.0,0.0,1.9,12.9,14.5,15.4,0.0,20.5
51,8.1,13.3,1.9,-1.2,0.5,0.5,0.0,4.0,12.5,25.2,2019-06-08,0,2019,6,5,159,1,False,0,1.2246467991473532e-16,-1.0,0.3953117887649151,-0.9185469991587165,1,0.0,0.0,0.0,19.5,1.0,0.0,5.5,12.9,14.5,0.0,21.0
3,11.0,17.8,2.8,0.2,0.0,0.0,0.0,0.0,12.8,32.4,2019-06-09,0,2019,6,6,160,1,False,0,1.2246467991473532e-16,-1.0,0.37945284372454435,-0.925211078289358,1,0.0,0.0,0.0,0.5,19.5,1.0,8.1,5.5,12.9,0.0,20.0
3,13.0,19.3,5.7,3.2,0.0,0.0,0.0,0.0,14.6,28.8,2019-06-10,0,2019,6,0,161,0,False,0,1.2246467991473532e-16,-1.0,0.36348161248290634,-0.9316013725767187,1,0.0,0.0,0.0,0.0,0.5,19.5,11.0,8.1,5.5,0.0,0.5
3,15.2,23.2,7.1,5.1,0.0,0.0,0.0,0.0,8.9,18.4,2019-06-11,0,2019,6,1,162,0,False,0,1.2246467991473532e-16,-1.0,0.3474028211842774,-0.9377159910299093,1,0.0,0.0,0.0,0.0,0.0,0.5,13.0,11.0,8.1,0.0,0.0
3,18.8,25.9,9.4,7.4,0.0,0.0,0.0,0.0,11.5,23.8,2019-06-12,1,2019,6,2,163,0,False,0,1.2246467991473532e-16,-1.0,0.3312212278016865,-0.9435531242349544,1,0.0,0.0,0.0,0.0,0.0,0.0,15.2,13.0,11.0,0.0,0.0
61,18.4,27.0,12.1,10.6,3.4,3.4,0.0,4.0,17.6,29.5,2019-06-13,0,2019,6,3,164,0,False,0,1.2246467991473532e-16,-1.0,0.31494162072895193,-0.9491110448902284,1,0.0,0.0,0.0,0.0,0.0,0.0,18.8,15.2,13.0,0.0,3.4
61,14.4,18.8,11.0,9.5,6.3,6.3,0.0,12.0,17.2,37.8,2019-06-14,1,2019,6,4,165,0,False,0,1.2246467991473532e-16,-1.0,0.2985688173637202,-0.9543881083175908,1,0.0,0.0,0.0,3.4,0.0,0.0,18.4,18.8,15.2,0.0,9.7
2,15.3,20.8,10.0,8.2,0.0,0.0,0.0,0.0,9.4,27.0,2019-06-15,0,2019,6,5,166,1,False,0,1.2246467991473532e-16,-1.0,0.2821076626819194,-0.9593827529490743,1,0.0,0.0,0.0,6.3,3.4,0.0,14.4,18.4,18.8,0.0,9.7
51,16.0,23.1,8.3,6.5,0.1,0.1,0.0,1.0,9.0,20.5,2019-06-16,0,2019,6,6,167,1,False,0,1.2246467991473532e-16,-1.0,0.26556302780405594,-0.9640935007889755,1,0.0,0.0,0.0,0.0,6.3,3.4,15.3,14.4,18.4,0.0,6.3999999999999995
51,16.4,23.6,8.2,6.4,0.1,0.1,0.0,1.0,14.4,37.1,2019-06-17,1,2019,6,0,168,0,False,0,1.2246467991473532e-16,-1.0,0.24893980855376657,-0.9685189578512204,1,0.0,0.0,0.0,0.1,0.0,6.3,16.0,15.3,14.4,0.0,0.2000000000000009
63,15.8,22.1,10.0,8.9,6.1,6.1,0.0,6.0,18.7,39.2,2019-06-18,0,2019,6,1,169,0,False,0,1.2246467991473532e-16,-1.0,0.23224292400907015,-0.9726578145718654,1,0.0,0.0,0.0,0.1,0.1,0.0,16.4,16.0,15.3,0.0,6.300000000000001
63,10.6,13.0,6.7,2.7,14.7,14.7,0.0,13.0,28.5,64.4,2019-06-19,0,2019,6,2,170,0,False,0,1.2246467991473532e-16,-1.0,0.21547731504673012,-0.976508846196619,1,0.0,0.0,0.0,6.1,0.1,0.1,15.8,16.4,16.0,0.0,20.9
51,7.9,11.4,4.4,1.8,0.8,0.8,0.0,3.0,22.1,38.9,2019-06-20,0,2019,6,3,171,0,False,0,1.2246467991473532e-16,-1.0,0.19864794288017112,-0.9800709131432666,1,0.0,0.0,0.0,14.7,6.1,0.1,10.6,15.8,16.4,0.0,21.599999999999998
61,9.3,12.1,6.3,3.1,15.1,15.1,0.0,19.0,31.4,58.7,2019-06-21,0,2019,6,4,172,0,False,0,1.2246467991473532e-16,-1.0,0.18175978759137534,-0.9833429613388902,1,0.0,0.0,0.0,0.8,14.7,6.1,7.9,10.6,15.8,0.0,30.6
51,13.4,19.5,7.4,4.5,0.1,0.1,0.0,1.0,20.1,38.9,2019-06-22,0,2019,6,5,173,1,False,0,1.2246467991473532e-16,-1.0,0.16481784665719793,-0.9863240225317866,1,0.0,0.0,0.0,15.1,0.8,14.7,9.3,7.9,10.6,0.0,16.000000000000004
55,12.9,16.6,9.4,7.6,6.5,6.5,0.0,13.0,9.8,28.4,2019-06-23,0,2019,6,6,174,1,False,0,1.2246467991473532e-16,-1.0,0.14782713347053048,-0.9890132145779883,1,0.0,0.0,0.0,0.1,15.1,0.8,13.4,9.3,7.9,0.0,21.700000000000003
61,12.2,17.3,7.2,4.5,3.8,3.8,0.0,2.0,12.7,26.3,2019-06-24,0,2019,6,0,175,0,False,0,1.2246467991473532e-16,-1.0,0.13079267585675922,-0.9914097417023038,1,0.0,0.0,0.0,6.5,0.1,15.1,12.9,13.4,9.3,0.0,10.400000000000002
61,12.2,16.8,7.0,4.9,2.4,2.4,0.0,5.0,8.2,24.1,2019-06-25,0,2019,6,1,176,0,False,0,1.2246467991473532e-16,-1.0,0.11371951458594969,-0.9935128947338007,1,0.0,0.0,0.0,3.8,6.5,0.1,12.2,12.9,13.4,0.0,12.700000000000001
51,14.0,19.4,7.6,5.8,0.3,0.3,0.0,3.0,9.4,28.4,2019-06-26,0,2019,6,2,177,0,False,0,1.2246467991473532e-16,-1.0,0.0966127018812031,-0.9953220513156602,1,0.0,0.0,0.0,2.4,3.8,6.5,12.2,12.2,12.9,0.0,6.500000000000002
61,12.1,14.4,9.5,8.2,13.9,13.9,0.0,18.0,10.4,28.8,2019-06-27,0,2019,6,3,178,0,False,0,1.2246467991473532e-16,-1.0,0.07947729992362097,-0.9968366760893436,1,0.0,0.0,0.0,0.3,2.4,3.8,14.0,12.2,12.2,0.0,16.6
3,13.5,20.7,4.4,1.4,0.0,0.0,0.0,0.0,13.8,41.8,2019-06-28,0,2019,6,4,179,0,False,0,1.2246467991473532e-16,-1.0,0.062318379354325076,-0.998056320853012,1,0.0,0.0,0.0,13.9,0.3,2.4,12.1,14.0,12.2,0.0,14.200000000000003
51,14.0,20.7,6.6,3.2,0.3,0.3,0.0,1.0,18.0,37.8,2019-06-29,0,2019,6,5,180,1,False,0,1.2246467991473532e-16,-1.0,0.04514101777397193,-0.9989806246941579,1,0.0,0.0,0.0,0.0,13.9,0.3,13.5,12.1,14.0,0.0,14.200000000000005
2,14.1,21.4,6.0,3.6,0.0,0.0,0.0,0.0,8.5,18.7,2019-06-30,0,2019,6,6,181,1,False,0,1.2246467991473532e-16,-1.0,0.02795029824021032,-0.999609314096404,1,0.0,0.0,0.0,0.3,0.0,13.9,14.0,13.5,12.1,0.0,0.30000000000000354
53,13.6,23.0,7.5,4.8,1.0,1.0,0.0,4.0,29.2,63.7,2019-07-01,0,2019,7,0,182,0,False,0,-0.4999999999999997,-0.8660254037844388,0.01075130776352193,-0.9999422030204416,1,0.0,0.0,0.0,0.0,0.3,0.0,14.1,14.0,13.5,0.0,1.3000000000000036
55,10.9,17.1,5.9,3.5,7.6,7.6,0.0,11.0,10.5,24.1,2019-07-02,0,2019,7,1,183,0,False,0,-0.4999999999999997,-0.8660254037844388,-0.00645086419810515,-0.9999791929590823,1,0.0,0.0,0.0,1.0,0.0,0.3,13.6,14.1,14.0,0.0,8.600000000000003
51,12.2,18.9,6.1,3.8,0.5,0.5,0.0,4.0,12.4,25.6,2019-07-03,0,2019,7,2,184,0,False,0,-0.4999999999999997,-0.8660254037844388,-0.023651127245231586,-0.9997202729664083,1,0.0,0.0,0.0,7.6,1.0,0.0,10.9,13.6,14.1,0.0,9.100000000000003
61,9.4,10.1,8.1,6.9,18.2,18.2,0.0,18.0,10.6,23.4,2019-07-04,0,2019,7,3,185,0,False,0,-0.4999999999999997,-0.8660254037844388,-0.04084439154329611,-0.9991655196610109,1,0.0,0.0,0.0,0.5,7.6,1.0,12.2,10.9,13.6,0.0,26.300000000000004
53,10.9,14.0,8.4,7.1,4.9,4.9,0.0,13.0,11.8,26.3,2019-07-05,0,2019,7,4,186,0,False,0,-0.4999999999999997,-0.8660254037844388,-0.05802556932878035,-0.9983150972033183,1,0.0,0.0,0.0,18.2,0.5,7.6,9.4,12.2,10.9,0.0,23.6
61,15.0,22.1,10.0,8.9,4.5,4.5,0.0,3.0,15.3,37.1,2019-07-06,0,2019,7,5,187,1,False,0,-0.4999999999999997,-0.8660254037844388,-0.07518957641475855,-0.9971692572470178,1,0.0,0.0,0.0,4.9,18.2,0.5,10.9,9.4,12.2,0.0,27.6
51,14.3,20.3,9.9,8.5,0.8,0.8,0.0,3.0,10.2,29.2,2019-07-07,0,2019,7,6,188,1,False,0,-0.4999999999999997,-0.8660254037844388,-0.09233133369539122,-0.9957283388645872,1,0.0,0.0,0.0,4.5,4.9,18.2,15.0,10.9,9.4,0.0,10.200000000000005
51,14.1,19.3,9.0,7.0,0.2,0.2,0.0,1.0,11.5,25.6,2019-07-08,0,2019,7,0,189,0,False,0,-0.4999999999999997,-0.8660254037844388,-0.10944576864891556,-0.993992768446958,1,0.0,0.0,0.0,0.8,4.5,4.9,14.3,15.0,10.9,0.0,5.5000000000000036
53,14.4,20.4,9.2,8.3,2.4,2.4,0.0,9.0,12.1,28.4,2019-07-09,0,2019,7,1,190,0,False,0,-0.4999999999999997,-0.8660254037844388,-0.12652781683868314,-0.9919630595773397,1,0.0,0.0,0.0,0.2,0.8,4.5,14.1,14.3,15.0,0.0,3.4000000000000035
53,17.1,24.5,9.6,8.9,0.6,0.6,0.0,2.0,12.9,31.3,2019-07-10,0,2019,7,2,191,0,False,0,-0.4999999999999997,-0.8660254037844388,-0.1435724234118113,-0.9896398128792412,1,0.0,0.0,0.0,2.4,0.2,0.8,14.4,14.1,14.3,0.0,3.2000000000000033
2,17.6,23.2,11.3,10.3,0.0,0.0,0.0,0.0,11.8,34.6,2019-07-11,0,2019,7,3,192,0,False,0,-0.4999999999999997,-0.8660254037844388,-0.16057454459499376,-0.9870237158387383,1,0.0,0.0,0.0,0.6,2.4,0.2,17.1,14.4,14.1,0.0,3.0000000000000036
3,18.2,24.3,9.5,8.9,0.0,0.0,0.0,0.0,8.9,26.3,2019-07-12,0,2019,7,4,193,0,False,0,-0.4999999999999997,-0.8660254037844388,-0.17752914918703497,-0.984115542601034,1,0.0,0.0,0.0,0.0,0.6,2.4,17.6,17.1,14.4,0.0,0.6000000000000035
53,17.6,23.6,10.6,9.4,0.7,0.7,0.0,1.0,10.7,23.8,2019-07-13,0,2019,7,5,194,1,False,0,-0.4999999999999997,-0.8660254037844388,-0.19443122004766195,-0.9809161537413774,1,0.0,0.0,0.0,0.0,0.0,0.6,18.2,17.6,17.1,0.0,0.7000000000000035
55,16.1,22.7,9.3,8.1,1.3,1.3,0.0,2.0,13.4,39.2,2019-07-14,0,2019,7,6,195,1,False,0,-0.4999999999999997,-0.8660254037844388,-0.2112757555821793,-0.9774264960104055,1,0.0,0.0,0.0,0.7,0.0,0.0,17.6,18.2,17.6,0.0,2.0000000000000036
51,15.7,21.4,8.0,6.3,0.1,0.1,0.0,1.0,10.7,21.2,2019-07-15,0,2019,7,0,196,0,False,0,-0.4999999999999997,-0.8660254037844388,-0.2280577712215198,-0.9736476020539838,1,0.0,0.0,0.0,1.3,0.7,0.0,16.1,17.6,18.2,0.0,2.1000000000000036
63,14.6,18.1,10.7,9.6,9.5,9.5,0.0,16.0,10.0,29.9,2019-07-16,0,2019,7,1,197,0,False,0,-0.4999999999999997,-0.8660254037844388,-0.24477230089725957,-0.9695805901076308,1,0.0,0.0,0.0,0.1,1.3,0.7,15.7,16.1,17.6,0.0,10.900000000000004
53,14.7,21.5,7.3,5.5,0.7,0.7,0.0,2.0,15.5,32.0,2019-07-17,1,2019,7,2,198,0,False,0,-0.4999999999999997,-0.8660254037844388,-0.2614143985111562,-0.965226663665613,1,0.0,0.0,0.0,9.5,0.1,1.3,14.6,15.7,16.1,0.0,10.300000000000002
53,12.3,17.3,7.9,5.7,1.9,1.9,0.0,4.0,17.0,43.6,2019-07-18,2,2019,7,3,199,0,False,0,-0.4999999999999997,-0.8660254037844388,-0.2779791393987801,-0.9605871111248129,1,0.0,0.0,0.0,0.7,9.5,0.1,14.7,14.6,15.7,0.0,12.100000000000003
61,11.4,14.9,7.1,3.4,4.7,4.7,0.0,8.0,19.6,37.1,2019-07-19,0,2019,7,4,200,0,False,0,-0.4999999999999997,-0.8660254037844388,-0.2944616217868012,-0.9556633054034704,1,0.0,0.0,0.0,1.9,0.7,9.5,12.3,14.7,14.6,0.0,7.300000000000003
61,12.1,15.5,9.3,6.3,12.5,12.5,0.0,19.0,19.1,36.7,2019-07-20,0,2019,7,5,201,1,False,0,-0.4999999999999997,-0.8660254037844388,-0.3108569682435036,-0.9504567035349151,1,0.0,0.0,0.0,4.7,1.9,0.7,11.4,12.3,14.7,0.0,19.1
3,14.4,21.5,6.3,4.4,0.0,0.0,0.0,0.0,20.4,43.2,2019-07-21,0,2019,7,6,202,1,False,0,-0.4999999999999997,-0.8660254037844388,-0.3271603271220951,-0.9449688462364056,1,0.0,0.0,0.0,12.5,4.7,1.9,12.1,11.4,12.3,0.0,17.200000000000003
3,17.2,25.3,8.6,6.8,0.0,0.0,0.0,0.0,11.7,25.2,2019-07-22,0,2019,7,0,203,0,False,0,-0.4999999999999997,-0.8660254037844388,-0.34336687399638804,-0.939201357453208,1,0.0,0.0,0.0,0.0,12.5,4.7,14.4,12.1,11.4,0.0,12.500000000000004
3,21.5,30.0,12.3,11.5,0.0,0.0,0.0,0.0,9.4,27.0,2019-07-23,0,2019,7,1,204,0,False,0,-0.4999999999999997,-0.8660254037844388,-0.3594718130884232,-0.9331559438780432,1,0.0,0.0,0.0,0.0,0.0,12.5,17.2,14.4,12.1,0.0,0.0
51,18.3,21.9,12.1,8.6,1.0,1.0,0.0,3.0,25.3,63.0,2019-07-24,0,2019,7,2,205,0,False,0,-0.4999999999999997,-0.8660254037844388,-0.3754703786876202,-0.9268343944460494,1,0.0,0.0,0.0,0.0,0.0,0.0,21.5,17.2,14.4,0.0,1.0000000000000036
0,17.8,24.9,9.4,5.8,0.0,0.0,0.0,0.0,19.2,40.3,2019-07-25,0,2019,7,3,206,0,False,0,-0.4999999999999997,-0.8660254037844388,-0.3913578365610259,-0.9202385798054075,1,0.0,0.0,0.0,1.0,0.0,0.0,18.3,21.5,17.2,0.0,1.0000000000000036
1,18.6,28.2,8.1,5.8,0.0,0.0,0.0,0.0,10.1,21.2,2019-07-26,1,2019,7,4,207,0,False,0,-0.4999999999999997,-0.8660254037844388,-0.4071294853542516,-0.9133704517637858,1,0.0,0.0,0.0,0.0,1.0,0.0,17.8,18.3,21.5,0.0,1.0000000000000036
55,17.3,25.9,10.5,8.5,1.8,1.8,0.0,2.0,24.4,56.9,2019-07-27,0,2019,7,5,208,1,False,0,-0.4999999999999997,-0.8660254037844388,-0.4227806579826773,-0.9062320427107697,1,0.0,0.0,0.0,0.0,0.0,1.0,18.6,17.8,18.3,0.0,1.8000000000000036
3,16.1,22.1,10.2,6.5,0.0,0.0,0.0,0.0,20.0,44.3,2019-07-28,0,2019,7,6,209,1,False,0,-0.4999999999999997,-0.8660254037844388,-0.4383067230125192,-0.898825465016444,1,0.0,0.0,0.0,1.8,0.0,0.0,17.3,18.6,17.8,0.0,1.8000000000000036
1,16.3,24.2,7.5,5.7,0.0,0.0,0.0,0.0,10.8,25.9,2019-07-29,0,2019,7,0,210,0,False,0,-0.4999999999999997,-0.8660254037844388,-0.45370308603134424,-0.8911529104063088,1,0.0,0.0,0.0,0.0,1.8,0.0,16.1,17.3,18.6,0.0,1.8000000000000036
53,17.0,26.3,8.0,6.6,0.8,0.8,0.0,2.0,20.0,45.4,2019-07-30,0,2019,7,1,211,0,False,0,-0.4999999999999997,-0.8660254037844388,-0.46896519100763184,-0.8832166493127127,1,0.0,0.0,0.0,0.0,0.0,1.8,16.3,16.1,17.3,0.0,0.8000000000000036
1,17.6,25.4,8.7,7.7,0.0,0.0,0.0,0.0,15.8,37.8,2019-07-31,0,2019,7,2,212,0,False,0,-0.4999999999999997,-0.8660254037844388,-0.48408852163897587,-0.8750190302029955,1,0.0,0.0,0.0,0.8,0.0,0.0,17.0,16.3,16.1,0.0,0.8000000000000036
3,18.2,27.1,10.9,9.4,0.0,0.0,0.0,0.0,14.7,32.8,2019-08-01,0,2019,8,3,213,0,False,0,-0.8660254037844385,-0.5000000000000004,-0.4990686026885319,-0.8665624788845385,1,0.0,0.0,0.0,0.0,0.8,0.0,17.6,17.0,16.3,0.0,0.8000000000000036
2,20.4,29.5,10.5,9.1,0.0,0.0,0.0,0.0,21.9,50.8,2019-08-02,0,2019,8,4,214,0,False,0,-0.8660254037844385,-0.5000000000000004,-0.5139010013093103,-0.8578494977869301,1,0.0,0.0,0.0,0.0,0.0,0.8,18.2,17.6,17.0,0.0,0.0
51,17.5,24.6,10.0,8.7,0.5,0.5,0.0,4.0,19.0,45.7,2019-08-03,0,2019,8,5,215,1,False,0,-0.8660254037844385,-0.5000000000000004,-0.5285813283559292,-0.8488826652214553,1,0.0,0.0,0.0,0.0,0.0,0.0,20.4,18.2,17.6,0.0,0.5000000000000036
1,16.4,24.7,8.1,6.5,0.0,0.0,0.0,0.0,8.9,20.9,2019-08-04,0,2019,8,6,216,1,False,0,-0.8660254037844385,-0.5000000000000004,-0.5431052396834317,-0.8396646346181327,1,0.0,0.0,0.0,0.5,0.0,0.0,17.5,20.4,18.2,0.0,0.5000000000000036
2,18.1,27.9,7.9,6.0,0.0,0.0,0.0,0.0,12.2,27.7,2019-08-05,0,2019,8,0,217,0,False,0,-0.8660254037844385,-0.5000000000000004,-0.5574684374327892,-0.8301981337405212,1,0.0,0.0,0.0,0.0,0.5,0.0,16.4,17.5,20.4,0.0,0.5000000000000036
53,15.1,20.0,11.4,10.2,3.7,3.7,0.0,11.0,15.0,29.2,2019-08-06,0,2019,8,1,218,0,False,0,-0.8660254037844385,-0.5000000000000004,-0.5716666713027052,-0.8204859638785327,1,0.0,0.0,0.0,0.0,0.0,0.5,18.1,16.4,17.5,0.0,3.7000000000000037
55,16.3,24.0,11.0,9.5,1.2,1.2,0.0,1.0,13.0,27.7,2019-08-07,1,2019,8,2,219,0,False,0,-0.8660254037844385,-0.5000000000000004,-0.5856957398073508,-0.8105309990194823,1,0.0,0.0,0.0,3.7,0.0,0.0,15.1,18.1,16.4,0.0,4.900000000000004
53,19.1,28.3,10.9,10.2,0.5,0.5,0.0,1.0,11.2,25.9,2019-08-08,0,2019,8,3,220,0,False,0,-0.8660254037844385,-0.5000000000000004,-0.5995514915196489,-0.8003361849976323,1,0.0,0.0,0.0,1.2,3.7,0.0,16.3,15.1,18.1,0.0,5.400000000000004
53,14.0,15.8,10.8,9.8,1.3,1.3,0.0,4.0,18.4,34.2,2019-08-09,0,2019,8,4,221,0,False,0,-0.8660254037844385,-0.5000000000000004,-0.6132298262997502,-0.7899045386224707,1,0.0,0.0,0.0,0.5,1.2,3.7,19.1,16.3,15.1,0.0,3.0000000000000036
53,11.6,14.7,9.9,8.4,2.0,2.0,0.0,7.0,17.6,37.1,2019-08-10,0,2019,8,5,222,1,False,0,-0.8660254037844385,-0.5000000000000004,-0.6267266965083301,-0.7792391467859886,1,0.0,0.0,0.0,1.3,0.5,1.2,14.0,19.1,16.3,0.0,3.8000000000000034
53,13.5,17.4,10.7,8.9,2.5,2.5,0.0,9.0,13.5,29.9,2019-08-11,0,2019,8,6,223,1,False,0,-0.8660254037844385,-0.5000000000000004,-0.6400381082043503,-0.7683431655492202,1,0.0,0.0,0.0,2.0,1.3,0.5,11.6,14.0,19.1,0.0,5.800000000000003
51,13.2,15.8,11.5,10.2,2.0,2.0,0.0,11.0,13.2,25.6,2019-08-12,0,2019,8,0,224,0,False,0,-0.8660254037844385,-0.5000000000000004,-0.65316012232693,-0.7572198192083127,1,0.0,0.0,0.0,2.5,2.0,1.3,13.5,11.6,14.0,0.0,6.5000000000000036
51,14.2,20.4,9.3,8.6,0.3,0.3,0.0,1.0,6.6,19.8,2019-08-13,0,2019,8,1,225,0,False,0,-0.8660254037844385,-0.5000000000000004,-0.666088855860977,-0.7458723993404063,1,0.0,0.0,0.0,2.0,2.5,2.0,13.2,13.5,11.6,0.0,4.800000000000003
55,14.9,22.7,8.5,7.5,2.9,2.9,0.0,4.0,9.4,25.9,2019-08-14,0,2019,8,2,226,0,False,0,-0.8660254037844385,-0.5000000000000004,-0.6788204829862355,-0.734304263829602,1,0.0,0.0,0.0,0.3,2.0,2.5,14.2,13.2,13.5,0.0,5.200000000000003
3,17.3,24.6,9.8,7.0,0.0,0.0,0.0,0.0,13.0,23.0,2019-08-15,1,2019,8,3,227,0,False,0,-0.8660254037844385,-0.5000000000000004,-0.6913512362094071,-0.722518835873311,1,0.0,0.0,0.0,2.9,0.3,2.0,14.9,14.2,13.2,0.0,3.2000000000000033
61,11.9,14.3,7.8,5.7,8.6,8.6,0.0,13.0,21.4,45.4,2019-08-16,0,2019,8,4,228,0,False,0,-0.8660254037844385,-0.5000000000000004,-0.7036774074790128,-0.7105196029692745,1,0.0,0.0,0.0,0.0,2.9,0.3,17.3,14.9,14.2,0.0,11.500000000000004
3,11.5,18.7,4.1,1.7,0.0,0.0,0.0,0.0,10.9,24.8,2019-08-17,0,2019,8,5,229,1,False,0,-0.8660254037844385,-0.5000000000000004,-0.7157953492826642,-0.6983101158835584,1,0.0,0.0,0.0,8.6,0.0,2.9,11.9,17.3,14.9,0.0,8.600000000000003
3,16.1,25.3,9.1,6.8,0.0,0.0,0.0,0.0,16.0,34.9,2019-08-18,0,2019,8,6,230,1,False,0,-0.8660254037844385,-0.5000000000000004,-0.7277014757264236,-0.6858939875998223,1,0.0,0.0,0.0,0.0,8.6,0.0,11.5,11.9,17.3,0.0,8.600000000000003
3,13.2,19.8,7.0,4.6,0.0,0.0,0.0,0.0,11.6,29.9,2019-08-19,0,2019,8,0,231,0,False,0,-0.8660254037844385,-0.5000000000000004,-0.7393922635959241,-0.673274892250183,1,0.0,0.0,0.0,0.0,0.0,8.6,16.1,11.5,11.9,0.0,0.0
3,16.7,26.0,8.2,5.9,0.0,0.0,0.0,0.0,14.3,34.2,2019-08-20,0,2019,8,1,232,0,False,0,-0.8660254037844385,-0.5000000000000004,-0.7508642533989489,-0.6604565640279754,1,0.0,0.0,0.0,0.0,0.0,0.0,13.2,16.1,11.5,0.0,0.0
3,20.4,31.8,11.1,9.6,0.0,0.0,0.0,0.0,16.6,38.9,2019-08-21,0,2019,8,2,233,0,False,0,-0.8660254037844385,-0.5000000000000004,-0.7621140503891487,-0.6474427960827475,1,0.0,0.0,0.0,0.0,0.0,0.0,16.7,13.2,16.1,0.0,0.0
63,15.6,19.9,10.4,9.0,7.2,7.2,0.0,12.0,14.6,38.2,2019-08-22,0,2019,8,3,234,0,False,0,-0.8660254037844385,-0.5000000000000004,-0.7731383255706026,-0.6342374393978054,1,0.0,0.0,0.0,0.0,0.0,0.0,20.4,16.7,13.2,0.0,7.200000000000004
51,16.2,23.4,10.6,8.5,0.1,0.1,0.0,1.0,22.6,49.7,2019-08-23,0,2019,8,4,235,0,False,0,-0.8660254037844385,-0.5000000000000004,-0.7839338166829201,-0.620844401650647,1,0.0,0.0,0.0,7.2,0.0,0.0,15.6,20.4,16.7,0.0,7.300000000000003
53,15.6,22.5,9.1,7.8,0.6,0.6,0.0,1.0,12.2,24.5,2019-08-24,1,2019,8,5,236,1,False,0,-0.8660254037844385,-0.5000000000000004,-0.7944973291665992,-0.6072676460566135,1,0.0,0.0,0.0,0.1,7.2,0.0,16.2,15.6,20.4,0.0,7.900000000000004
55,11.4,15.8,6.7,4.8,4.5,4.5,0.0,8.0,11.9,24.1,2019-08-25,0,2019,8,6,237,1,False,0,-0.8660254037844385,-0.5000000000000004,-0.8048257371083452,-0.593511190196115,1,0.0,0.0,0.0,0.6,0.1,7.2,15.6,16.2,15.6,0.0,5.200000000000004
51,11.5,17.2,6.1,3.6,0.1,0.1,0.0,1.0,13.9,36.7,2019-08-26,1,2019,8,0,238,0,False,0,-0.8660254037844385,-0.5000000000000004,-0.8149159841660791,-0.5795791048257612,1,0.0,0.0,0.0,4.5,0.6,0.1,11.4,15.6,16.2,0.0,5.200000000000004
3,13.1,23.9,2.9,-0.1,0.0,0.0,0.0,0.0,10.8,32.8,2019-08-27,0,2019,8,1,239,0,False,0,-0.8660254037844385,-0.5000000000000004,-0.8247650844733614,-0.5654755126737576,1,0.0,0.0,0.0,0.1,4.5,0.6,11.5,11.4,15.6,0.0,4.600000000000003
3,14.7,18.6,11.2,9.1,0.0,0.0,0.0,0.0,16.4,34.9,2019-08-28,0,2019,8,2,240,0,False,0,-0.8660254037844385,-0.5000000000000004,-0.8343701235229538,-0.5512045872199277,1,0.0,0.0,0.0,0.0,0.1,4.5,13.1,11.5,11.4,0.0,0.10000000000000356
3,15.1,20.7,10.5,8.2,0.0,0.0,0.0,0.0,17.4,37.4,2019-08-29,0,2019,8,3,241,0,False,0,-0.8660254037844385,-0.5000000000000004,-0.8437282590292712,-0.5367705514607103,1,0.0,0.0,0.0,0.0,0.0,0.1,14.7,13.1,11.5,0.0,0.0
51,12.9,19.7,6.3,4.1,0.6,0.6,0.0,3.0,8.9,24.5,2019-08-30,0,2019,8,4,242,0,False,0,-0.8660254037844385,-0.5000000000000004,-0.8528367217694595,-0.522177676659508,1,0.0,0.0,0.0,0.0,0.0,0.0,15.1,14.7,13.1,0.0,0.6000000000000035
53,12.6,19.7,5.8,4.2,2.1,2.1,0.0,3.0,13.7,30.2,2019-08-31,0,2019,8,5,243,1,False,0,-0.8660254037844385,-0.5000000000000004,-0.8616928164028522,-0.5074302810827518,1,0.0,0.0,0.0,0.6,0.0,0.0,12.9,15.1,14.7,0.0,2.7000000000000037
55,13.7,18.9,11.1,10.0,4.4,4.4,0.0,7.0,14.5,31.7,2019-09-01,0,2019,9,6,244,1,False,0,-1.0,-1.8369701987210297e-16,-0.8702939222685674,-0.49253272872205434,1,0.0,0.0,0.0,2.1,0.6,0.0,12.6,12.9,15.1,0.0,7.100000000000004
51,14.6,20.9,8.9,6.8,0.1,0.1,0.0,1.0,15.3,38.2,2019-09-02,0,2019,9,0,245,0,False,0,-1.0,-1.8369701987210297e-16,-0.8786374941610001,-0.4774894280028391,1,0.0,0.0,0.0,4.4,2.1,0.6,13.7,12.6,12.9,0.0,6.600000000000004
3,15.6,25.0,6.4,4.1,0.0,0.0,0.0,0.0,10.4,23.0,2019-09-03,0,2019,9,1,246,0,False,0,-1.0,-1.8369701987210297e-16,-0.886721063082993,-0.46230483047981086,1,0.0,0.0,0.0,0.1,4.4,2.1,14.6,13.7,12.6,0.0,4.5000000000000036
53,16.9,24.7,9.9,8.0,1.0,1.0,0.0,4.0,17.8,39.6,2019-09-04,1,2019,9,2,247,0,False,0,-1.0,-1.8369701987210297e-16,-0.8945422369764496,-0.4469834295196741,1,0.0,0.0,0.0,0.0,0.1,4.4,15.6,14.6,13.7,0.0,1.1000000000000036
3,15.2,22.3,9.3,7.6,0.0,0.0,0.0,0.0,13.8,28.8,2019-09-05,0,2019,9,3,248,0,False,0,-1.0,-1.8369701987210297e-16,-0.9020987014301837,-0.43152975897147144,1,0.0,0.0,0.0,1.0,0.0,0.1,16.9,15.6,14.6,0.0,1.0000000000000036
3,14.0,19.8,8.5,6.7,0.0,0.0,0.0,0.0,16.8,38.9,2019-09-06,1,2019,9,4,249,0,False,0,-1.0,-1.8369701987210297e-16,-0.9093882203647925,-0.4159483918249421,1,0.0,0.0,0.0,0.0,1.0,0.0,15.2,16.9,15.6,0.0,1.0000000000000036
3,16.4,25.1,9.7,8.4,0.0,0.0,0.0,0.0,13.4,31.3,2019-09-07,1,2019,9,5,250,1,False,0,-1.0,-1.8369701987210297e-16,-0.9164086366943458,-0.4002439388573056,1,0.0,0.0,0.0,0.0,0.0,1.0,14.0,15.2,16.9,0.0,0.0
3,13.3,17.0,9.7,8.6,0.0,0.0,0.0,0.0,11.3,25.6,2019-09-08,0,2019,9,6,251,1,False,0,-1.0,-1.8369701987210297e-16,-0.9231578729647039,-0.38442104726885545,1,0.0,0.0,0.0,0.0,0.0,0.0,16.4,14.0,15.2,0.0,0.0
61,9.7,12.1,7.0,4.6,11.6,11.6,0.0,13.0,13.3,27.7,2019-09-09,2,2019,9,0,252,0,False,0,-1.0,-1.8369701987210297e-16,-0.9296339319682695,-0.3684843993077793,1,0.0,0.0,0.0,0.0,0.0,0.0,13.3,16.4,14.0,0.0,11.600000000000003
55,7.6,9.7,6.2,3.4,8.6,8.6,0.0,17.0,13.0,24.1,2019-09-10,0,2019,9,1,253,0,False,0,-1.0,-1.8369701987210297e-16,-0.9358348973349941,-0.35243871088460327,1,0.0,0.0,0.0,11.6,0.0,0.0,9.7,13.3,16.4,0.0,20.200000000000003
51,9.5,14.9,6.6,4.5,0.1,0.1,0.0,1.0,12.4,29.5,2019-09-11,1,2019,9,2,254,0,False,0,-1.0,-1.8369701987210297e-16,-0.9417589340994617,-0.33628873017668287,1,0.0,0.0,0.0,8.6,11.6,0.0,7.6,9.7,13.3,0.0,20.300000000000004
3,12.0,21.6,3.1,0.7,0.0,0.0,0.0,0.0,9.9,20.5,2019-09-12,0,2019,9,3,255,0,False,0,-1.0,-1.8369701987210297e-16,-0.9474042892438845,-0.32003923622313857,1,0.0,0.0,0.0,0.1,8.6,11.6,9.5,7.6,9.7,0.0,8.700000000000003
55,12.5,19.8,8.1,5.9,1.6,1.6,0.0,4.0,12.2,35.6,2019-09-13,1,2019,9,4,256,0,False,0,-1.0,-1.8369701987210297e-16,-0.9527692922168511,-0.30369503751065885,1,0.0,0.0,0.0,0.0,0.1,8.6,12.0,9.5,7.6,0.0,1.7000000000000037
3,12.9,20.5,5.9,3.1,0.0,0.0,0.0,0.0,17.6,35.3,2019-09-14,0,2019,9,5,257,1,False,0,-1.0,-1.8369701987210297e-16,-0.9578523554276669,-0.28726097055059635,1,0.0,0.0,0.0,1.6,0.0,0.1,12.5,12.0,9.5,0.0,1.6000000000000036
3,15.7,22.8,9.7,7.3,0.0,0.0,0.0,0.0,15.5,33.8,2019-09-15,0,2019,9,6,258,1,False,0,-1.0,-1.8369701987210297e-16,-0.9626519747161487,-0.2707418984477642,1,0.0,0.0,0.0,0.0,1.6,0.0,12.9,12.5,12.0,0.0,1.6000000000000036
3,14.0,20.1,8.6,6.5,0.0,0.0,0.0,0.0,12.3,29.5,2019-09-16,0,2019,9,0,259,0,False,0,-1.0,-1.8369701987210297e-16,-0.9671667297977312,-0.2541427094613622,1,0.0,0.0,0.0,0.0,0.0,1.6,15.7,12.9,12.5,0.0,0.0
3,11.5,16.9,7.5,5.7,0.0,0.0,0.0,0.0,10.0,24.1,2019-09-17,0,2019,9,1,260,0,False,0,-1.0,-1.8369701987210297e-16,-0.97139528468375,-0.23746831555846842,1,0.0,0.0,0.0,0.0,0.0,0.0,14.0,15.7,12.9,0.0,0.0
53,9.2,14.4,3.8,1.0,0.9,0.9,0.0,2.0,8.0,20.5,2019-09-18,1,2019,9,2,261,0,False,0,-1.0,-1.8369701987210297e-16,-0.9753363880767837,-0.2207236509605022,1,0.0,0.0,0.0,0.0,0.0,0.0,11.5,14.0,15.7,0.0,0.9000000000000036
51,10.0,15.4,6.4,4.2,2.2,2.2,0.0,9.0,10.5,21.2,2019-09-19,0,2019,9,3,262,0,False,0,-1.0,-1.8369701987210297e-16,-0.9789888737409319,-0.20391367068311472,1,0.0,0.0,0.0,0.9,0.0,0.0,9.2,11.5,14.0,0.0,3.1000000000000036
51,10.0,15.3,5.9,2.7,0.6,0.6,0.0,2.0,15.9,36.7,2019-09-20,1,2019,9,4,263,0,False,0,-1.0,-1.8369701987210297e-16,-0.9823516608469237,-0.18704334906991657,1,0.0,0.0,0.0,2.2,0.9,0.0,10.0,9.2,11.5,0.0,3.7000000000000037
3,10.7,20.2,2.5,-0.4,0.0,0.0,0.0,0.0,10.0,19.8,2019-09-21,1,2019,9,5,264,1,False,0,-1.0,-1.8369701987210297e-16,-0.9854237542919524,-0.17011767832049052,1,0.0,0.0,0.0,0.6,2.2,0.9,10.0,10.0,9.2,0.0,2.800000000000004
3,14.3,23.5,7.4,4.4,0.0,0.0,0.0,0.0,14.0,28.8,2019-09-22,0,2019,9,6,265,1,False,0,-1.0,-1.8369701987210297e-16,-0.9882042449941422,-0.15314166701312007,1,0.0,0.0,0.0,0.0,0.6,2.2,10.7,10.0,10.0,0.0,0.6000000000000035
3,12.3,17.3,7.7,5.3,0.0,0.0,0.0,0.0,15.9,33.5,2019-09-23,0,2019,9,0,266,0,False,0,-1.0,-1.8369701987210297e-16,-0.9906923101615609,-0.13612033862266704,1,0.0,0.0,0.0,0.0,0.0,0.6,14.3,10.7,10.0,0.0,0.0
2,11.4,15.8,7.2,3.3,0.0,0.0,0.0,0.0,20.6,51.1,2019-09-24,0,2019,9,1,267,0,False,0,-1.0,-1.8369701987210297e-16,-0.9928872135356962,-0.11905873003404988,1,0.0,0.0,0.0,0.0,0.0,0.0,12.3,14.3,10.7,0.0,0.0
3,10.5,16.4,5.7,1.6,0.0,0.0,0.0,0.0,17.8,33.8,2019-09-25,1,2019,9,2,268,0,False,0,-1.0,-1.8369701987210297e-16,-0.994788305609327,-0.10196189005174576,1,0.0,0.0,0.0,0.0,0.0,0.0,11.4,12.3,14.3,0.0,0.0
55,7.0,10.2,1.6,-1.5,6.7,6.7,0.0,14.0,20.7,45.0,2019-09-26,1,2019,9,3,269,0,False,0,-1.0,-1.8369701987210297e-16,-0.9963950238187231,-0.08483487790576538,1,0.0,0.0,0.0,0.0,0.0,0.0,10.5,11.4,12.3,0.0,6.700000000000004
71,1.9,4.3,-1.6,-6.7,1.9,1.7,0.14,8.0,19.6,36.0,2019-09-27,2,2019,9,4,270,0,False,1,-1.0,-1.8369701987210297e-16,-0.9977068927101168,-0.06768276175455162,1,0.0,0.0,0.0,6.7,0.0,0.0,7.0,10.5,11.4,0.14,8.600000000000003
73,-1.6,-0.6,-2.5,-7.6,2.8,0.0,2.45,16.0,17.2,37.4,2019-09-28,20,2019,9,5,271,1,False,0,-1.0,-1.8369701987210297e-16,-0.9987235240803972,-0.050510617185222886,1,0.14,0.0,0.0,1.9,6.7,0.0,1.9,7.0,10.5,2.5900000000000003,11.400000000000004
73,-2.2,-1.7,-2.8,-8.4,16.4,0.0,11.48,24.0,22.0,43.6,2019-09-29,38,2019,9,6,272,1,False,0,-1.0,-1.8369701987210297e-16,-0.9994446170919858,-0.033323525711631344,1,2.45,0.14,0.0,2.8,1.9,6.7,-1.6,1.9,7.0,14.07,21.1
73,-2.6,0.3,-6.9,-11.1,3.9,0.0,2.94,11.0,12.0,27.7,2019-09-30,108,2019,9,0,273,0,False,1,-1.0,-1.8369701987210297e-16,-0.9998699583618592,-0.016126573270657762,1,11.48,2.45,0.14,16.4,2.8,1.9,-2.2,-1.6,1.9,16.87,23.1
2,-4.8,2.5,-11.3,-15.8,0.0,0.0,0.0,0.0,10.1,20.5,2019-10-01,124,2019,10,1,274,0,True,1,-0.8660254037844386,0.5000000000000001,-0.9999994220246925,0.001075151282798226,1,2.94,11.48,2.45,3.9,16.4,2.8,-2.6,-2.2,-1.6,14.42,20.3
3,-0.0,8.7,-7.2,-11.8,0.0,0.0,0.0,0.0,10.0,18.7,2019-10-02,81,2019,10,2,275,0,True,1,-0.8660254037844386,0.5000000000000001,-0.999832969770105,0.018276557681691223,1,0.0,2.94,11.48,0.0,3.9,16.4,-4.8,-2.6,-2.2,2.94,3.9000000000000035
3,2.7,10.0,-2.5,-6.2,0.0,0.0,0.0,0.0,9.6,18.0,2019-10-03,67,2019,10,3,276,0,True,1,-0.8660254037844386,0.5000000000000001,-0.9993706508539969,0.03547255575312556,1,0.0,0.0,2.94,0.0,0.0,3.9,-0.0,-4.8,-2.6,0.0,0.0
1,5.7,13.3,-0.3,-4.0,0.0,0.0,0.0,0.0,13.0,28.8,2019-10-04,13,2019,10,4,277,0,True,1,-0.8660254037844386,0.5000000000000001,-0.9986126020839734,0.052658056924614005,1,0.0,0.0,0.0,0.0,0.0,0.0,2.7,-0.0,-4.8,0.0,0.0
3,7.3,13.6,2.6,-2.2,0.0,0.0,0.0,0.0,18.9,39.6,2019-10-05,3,2019,10,5,278,1,True,0,-0.8660254037844386,0.5000000000000001,-0.9975590477788613,0.06982797572987089,1,0.0,0.0,0.0,0.0,0.0,0.0,5.7,2.7,-0.0,0.0,0.0
0,9.3,18.1,3.9,-0.9,0.0,0.0,0.0,0.0,17.0,35.6,2019-10-06,2,2019,10,6,279,1,True,0,-0.8660254037844386,0.5000000000000001,-0.9962102997023297,0.0869772313136861,1,0.0,0.0,0.0,0.0,0.0,0.0,7.3,5.7,2.7,0.0,0.0
51,9.9,17.3,3.0,-2.0,0.1,0.1,0.0,1.0,27.7,58.3,2019-10-07,6,2019,10,0,280,0,True,0,-0.8660254037844386,0.5000000000000001,-0.9945667569706337,0.1041007489354256,1,0.0,0.0,0.0,0.0,0.0,0.0,9.3,7.3,5.7,0.0,0.10000000000000356
73,-3.4,2.1,-7.2,-11.7,9.1,0.0,6.44,18.0,19.7,42.5,2019-10-08,71,2019,10,1,281,0,True,1,-0.8660254037844386,0.5000000000000001,-0.9926289059345095,0.121193461470736,1,0.0,0.0,0.0,0.1,0.0,0.0,9.9,9.3,7.3,6.44,9.200000000000003
3,-6.8,-3.6,-11.2,-16.2,0.0,0.0,0.0,0.0,12.8,28.1,2019-10-09,102,2019,10,2,282,0,True,0,-0.8660254037844386,0.5000000000000001,-0.9903973200352558,0.1382503109109819,1,6.44,0.0,0.0,9.1,0.1,0.0,-3.4,9.9,9.3,6.44,9.200000000000003
0,-4.6,3.0,-11.5,-16.2,0.0,0.0,0.0,0.0,10.8,19.4,2019-10-10,165,2019,10,3,283,0,True,1,-0.8660254037844386,0.5000000000000001,-0.9878726596350429,0.15526624985999563,1,0.0,6.44,0.0,0.0,9.1,0.1,-6.8,-3.4,9.9,6.44,9.100000000000003
0,-0.9,6.7,-6.3,-10.7,0.0,0.0,0.0,0.0,8.9,20.9,2019-10-11,54,2019,10,4,284,0,True,1,-0.8660254037844386,0.5000000000000001,-0.9850556718215013,0.172236243027682,1,0.0,0.0,6.44,0.0,0.0,9.1,-4.6,-6.8,-3.4,0.0,0.0
3,1.4,11.5,-5.5,-9.5,0.0,0.0,0.0,0.0,9.5,15.5,2019-10-12,35,2019,10,5,285,1,True,1,-0.8660254037844386,0.5000000000000001,-0.981947190186646,0.18915526872004093,1,0.0,0.0,0.0,0.0,0.0,0.0,-0.9,-4.6,-6.8,0.0,0.0
3,4.3,8.8,1.4,-2.5,0.0,0.0,0.0,0.0,10.4,18.4,2019-10-13,6,2019,10,6,286,1,True,0,-0.8660254037844386,0.5000000000000001,-0.9785481345802031,0.20601832032517084,1,0.0,0.0,0.0,0.0,0.0,0.0,1.4,-0.9,-4.6,0.0,0.0
71,2.7,5.9,-0.9,-4.7,0.1,0.0,0.14,1.0,23.9,48.6,2019-10-14,1,2019,10,0,287,0,True,1,-0.8660254037844386,0.5000000000000001,-0.9748595108374125,0.22282040779479959,1,0.0,0.0,0.0,0.0,0.0,0.0,4.3,1.4,-0.9,0.14,0.10000000000000356
3,2.5,7.2,-2.6,-6.7,0.0,0.0,0.0,0.0,14.8,34.2,2019-10-15,1,2019,10,1,288,0,True,1,-0.8660254037844386,0.5000000000000001,-0.9708824104813836,0.23955655912092708,1,0.14,0.0,0.0,0.1,0.0,0.0,2.7,4.3,1.4,0.14,0.10000000000000356
3,8.1,17.5,0.4,-3.0,0.0,0.0,0.0,0.0,12.2,28.8,2019-10-16,3,2019,10,2,289,0,True,0,-0.8660254037844386,0.5000000000000001,-0.9666180104000972,0.2562218218071163,1,0.0,0.14,0.0,0.0,0.1,0.0,2.5,2.7,4.3,0.14,0.10000000000000356
3,7.7,14.0,0.1,-3.5,0.0,0.0,0.0,0.0,15.1,29.9,2019-10-17,3,2019,10,3,290,0,True,0,-0.8660254037844386,0.5000000000000001,-0.9620675724981452,0.27281126433401914,1,0.0,0.0,0.14,0.0,0.0,0.1,8.1,2.5,2.7,0.0,0.0
3,4.1,11.4,-0.8,-4.9,0.0,0.0,0.0,0.0,22.6,48.2,2019-10-18,2,2019,10,4,291,0,True,1,-0.8660254037844386,0.5000000000000001,-0.957232443323312,0.28931997761869527,1,0.0,0.0,0.0,0.0,0.0,0.0,7.7,8.1,2.5,0.0,0.0
3,3.6,9.9,-0.4,-4.1,0.0,0.0,0.0,0.0,11.4,24.1,2019-10-19,4,2019,10,5,292,1,True,1,-0.8660254037844386,0.5000000000000001,-0.9521140536681102,0.3057430764672831,1,0.0,0.0,0.0,0.0,0.0,0.0,4.1,7.7,8.1,0.0,0.0
3,0.5,8.2,-4.8,-8.5,0.0,0.0,0.0,0.0,9.4,24.1,2019-10-20,0,2019,10,6,293,1,True,1,-0.8660254037844386,0.5000000000000001,-0.9467139181463862,0.3220757010206104,1,0.0,0.0,0.0,0.0,0.0,0.0,3.6,4.1,7.7,0.0,0.0
3,2.4,11.1,-2.6,-6.9,0.0,0.0,0.0,0.0,13.7,33.1,2019-10-21,9,2019,10,0,294,0,True,1,-0.8660254037844386,0.5000000000000001,-0.9410336347451197,0.3383130181923076,1,0.0,0.0,0.0,0.0,0.0,0.0,0.5,3.6,4.1,0.0,0.0
3,4.2,11.1,-2.0,-5.6,0.0,0.0,0.0,0.0,26.4,59.4,2019-10-22,3,2019,10,1,295,0,True,1,-0.8660254037844386,0.5000000000000001,-0.9350748843515574,0.3544502230989869,1,0.0,0.0,0.0,0.0,0.0,0.0,2.4,0.5,3.6,0.0,0.0
51,1.9,6.7,-3.9,-7.9,0.1,0.1,0.0,1.0,26.9,54.7,2019-10-23,4,2019,10,2,296,0,True,1,-0.8660254037844386,0.5000000000000001,-0.9288394302558068,0.3704825404820963,1,0.0,0.0,0.0,0.0,0.0,0.0,4.2,2.4,0.5,0.0,0.10000000000000356
3,6.8,16.3,-1.9,-6.4,0.0,0.0,0.0,0.0,17.7,39.2,2019-10-24,6,2019,10,3,297,0,True,1,-0.8660254037844386,0.5000000000000001,-0.9223291176290545,0.3864052261209853,1,0.0,0.0,0.0,0.1,0.0,0.0,1.9,4.2,2.4,0.0,0.10000000000000356
3,8.6,18.3,0.3,-6.7,0.0,0.0,0.0,0.0,35.5,70.9,2019-10-25,0,2019,10,4,298,0,True,0,-0.8660254037844386,0.5000000000000001,-0.9155458729775467,0.40221356823680365,1,0.0,0.0,0.0,0.0,0.1,0.0,6.8,1.9,4.2,0.0,0.10000000000000356
71,-1.5,0.7,-4.6,-10.3,0.3,0.0,0.42,2.0,29.4,70.2,2019-10-26,1,2019,10,5,299,1,True,1,-0.8660254037844386,0.5000000000000001,-0.9084917035725082,0.41790288888678667,1,0.0,0.0,0.0,0.0,0.0,0.1,8.6,6.8,1.9,0.42,0.30000000000000354
71,-1.8,3.0,-6.0,-11.4,0.0,0.0,0.28,0.0,17.8,41.0,2019-10-27,1,2019,10,6,300,1,True,1,-0.8660254037844386,0.5000000000000001,-0.9011686968561569,0.4334685453485363,1,0.42,0.0,0.0,0.3,0.0,0.0,-1.5,8.6,6.8,0.7,0.30000000000000354
73,-8.8,-1.4,-12.6,-19.3,2.7,0.0,2.03,11.0,31.8,70.2,2019-10-28,172,2019,10,0,301,0,True,0,-0.8660254037844386,0.5000000000000001,-0.8935790198239952,0.4489059314938798,1,0.28,0.42,0.0,0.0,0.3,0.0,-1.8,-1.5,8.6,2.7299999999999995,3.0000000000000036
1,-10.4,-2.8,-16.9,-22.2,0.0,0.0,0.0,0.0,14.4,31.0,2019-10-29,66,2019,10,1,302,0,True,0,-0.8660254037844386,0.5000000000000001,-0.8857249183835637,0.4642104791518923,1,2.03,0.28,0.42,2.7,0.0,0.3,-8.8,-1.8,-1.5,2.31,2.7000000000000037
3,-1.9,8.3,-10.1,-15.3,0.0,0.0,0.0,0.0,15.4,27.0,2019-10-30,88,2019,10,2,303,0,True,1,-0.8660254037844386,0.5000000000000001,-0.8776087166898392,0.4793776594606945,1,0.0,2.03,0.28,0.0,2.7,0.0,-10.4,-8.8,-1.8,2.03,2.7000000000000037
71,1.7,4.7,-2.1,-6.7,0.2,0.0,0.28,2.0,20.2,54.0,2019-10-31,16,2019,10,3,304,0,True,1,-0.8660254037844386,0.5000000000000001,-0.8692328164574792,0.49440298420761813,1,0.0,0.0,2.03,0.0,0.0,2.7,-1.9,-10.4,-8.8,0.28,0.20000000000000356
3,0.5,7.0,-5.3,-10.3,0.0,0.0,0.0,0.0,11.7,22.7,2019-11-01,13,2019,11,4,305,0,True,1,-0.5000000000000004,0.8660254037844384,-0.8605996962501181,0.5092820071573356,1,0.28,0.0,0.0,0.2,0.0,0.0,1.7,-1.9,-10.4,0.28,0.20000000000000356
51,4.2,9.4,0.9,-2.9,0.1,0.1,0.0,1.0,11.5,23.0,2019-11-02,9,2019,11,5,306,1,True,0,-0.5000000000000004,0.8660254037844384,-0.8517119107469189,0.5240103253675756,1,0.0,0.28,0.0,0.0,0.2,0.0,0.5,1.7,-1.9,0.28,0.3000000000000036
73,1.0,2.6,-1.1,-4.0,4.2,0.5,2.59,15.0,16.3,33.8,2019-11-03,5,2019,11,6,307,1,True,1,-0.5000000000000004,0.8660254037844384,-0.8425720899866032,0.5385835804920232,1,0.0,0.0,0.28,0.1,0.0,0.2,4.2,0.5,1.7,2.59,4.300000000000003
71,-1.1,0.3,-2.3,-5.5,0.3,0.0,0.77,2.0,10.0,19.8,2019-11-04,64,2019,11,0,308,0,True,1,-0.5000000000000004,0.8660254037844384,-0.8331829385891785,0.5529974600700271,1,2.59,0.0,0.0,4.2,0.1,0.0,1.0,4.2,0.5,3.36,4.600000000000003
73,-4.3,-0.1,-11.5,-16.0,4.5,0.0,3.36,16.0,17.2,38.5,2019-11-05,42,2019,11,1,309,0,True,0,-0.5000000000000004,0.8660254037844384,-0.8235472349556007,0.5672476988027229,1,0.77,2.59,0.0,0.3,4.2,0.1,-1.1,1.0,4.2,6.72,9.000000000000004
73,-12.5,-6.9,-16.4,-21.9,0.6,0.0,0.49,3.0,12.3,24.5,2019-11-06,73,2019,11,2,310,0,True,0,-0.5000000000000004,0.8660254037844384,-0.8136678304455991,0.5813300798152042,1,3.36,0.77,2.59,4.5,0.3,4.2,-4.3,-1.1,1.0,4.62,5.400000000000003
3,-4.2,4.5,-14.0,-18.9,0.0,0.0,0.0,0.0,16.0,27.0,2019-11-07,135,2019,11,3,311,0,True,1,-0.5000000000000004,0.8660254037844384,-0.8035476485339116,0.5952404359043674,1,0.49,3.36,0.77,0.6,4.5,0.3,-12.5,-4.3,-1.1,3.8499999999999996,5.100000000000003
51,6.4,11.1,1.4,-3.9,0.1,0.1,0.0,1.0,25.2,46.1,2019-11-08,46,2019,11,4,312,0,True,0,-0.5000000000000004,0.8660254037844384,-0.7931896839451843,0.6089746507720486,1,0.0,0.49,3.36,0.0,0.6,4.5,-4.2,-12.5,-4.3,0.49,0.7000000000000035
71,-3.7,2.6,-9.6,-14.5,0.6,0.0,0.56,3.0,18.8,35.6,2019-11-09,5,2019,11,5,313,1,True,1,-0.5000000000000004,0.8660254037844384,-0.7825970017677834,0.6225286602431057,1,0.0,0.0,0.49,0.1,0.0,0.6,6.4,-4.2,-12.5,0.56,0.7000000000000035
73,-14.5,-9.8,-21.1,-26.7,4.5,0.0,3.22,14.0,12.3,29.9,2019-11-10,36,2019,11,6,314,1,True,0,-0.5000000000000004,0.8660254037844384,-0.7717727365467836,0.6358984534680745,1,0.56,0.0,0.0,0.6,0.1,0.0,-3.7,6.4,-4.2,3.7800000000000002,5.200000000000004
3,-10.8,-1.3,-21.6,-27.1,0.0,0.0,0.0,0.0,16.3,30.2,2019-11-11,131,2019,11,0,315,0,True,0,-0.5000000000000004,0.8660254037844384,-0.7607200913564104,0.6490800741100398,1,3.22,0.56,0.0,4.5,0.6,0.1,-14.5,-3.7,6.4,3.7800000000000002,5.100000000000004
73,1.2,3.5,-1.6,-6.8,2.5,0.8,1.19,5.0,14.4,25.9,2019-11-12,107,2019,11,1,316,0,True,1,-0.5000000000000004,0.8660254037844384,-0.7494423368521954,0.6620696215153815,1,0.0,3.22,0.56,0.0,4.5,0.6,-10.8,-14.5,-3.7,4.41,7.0000000000000036
51,3.0,9.4,0.2,-3.8,0.3,0.3,0.0,2.0,15.1,27.4,2019-11-13,34,2019,11,2,317,0,True,0,-0.5000000000000004,0.8660254037844384,-0.7379428103031386,0.6748632518680403,1,1.19,0.0,3.22,2.5,0.0,4.5,1.2,-10.8,-14.5,1.19,2.8000000000000034
3,1.6,6.7,-2.5,-6.5,0.0,0.0,0.0,0.0,11.5,23.0,2019-11-14,26,2019,11,3,318,0,True,1,-0.5000000000000004,0.8660254037844384,-0.7262249146041543,0.6874571793269664,1,0.0,1.19,0.0,0.3,2.5,0.0,3.0,1.2,-10.8,1.19,2.8000000000000034
51,4.8,7.5,2.1,-1.9,0.3,0.3,0.0,2.0,18.1,29.5,2019-11-15,6,2019,11,4,319,0,True,0,-0.5000000000000004,0.8660254037844384,-0.7142921172691032,0.699847677146407,1,0.0,0.0,1.19,0.0,0.3,2.5,1.6,3.0,1.2,0.0,0.6000000000000035
51,3.4,8.1,0.7,-4.2,0.6,0.6,0.0,3.0,16.2,29.2,2019-11-16,2,2019,11,5,320,1,True,0,-0.5000000000000004,0.8660254037844384,-0.7021479494046978,0.7120310787787131,1,0.0,0.0,0.0,0.3,0.0,0.3,4.8,1.6,3.0,0.0,0.9000000000000035
3,8.0,14.0,1.6,-2.1,0.0,0.0,0.0,0.0,26.6,54.4,2019-11-17,0,2019,11,6,321,1,True,0,-0.5000000000000004,0.8660254037844384,-0.6897960046655887,0.7240037789593305,1,0.0,0.0,0.0,0.6,0.3,0.0,3.4,4.8,1.6,0.0,0.9000000000000036
3,3.1,7.7,-0.5,-4.5,0.0,0.0,0.0,0.0,19.8,41.0,2019-11-18,11,2019,11,0,322,0,True,1,-0.5000000000000004,0.8660254037844384,-0.6772399381909491,0.7357622347736527,1,0.0,0.0,0.0,0.0,0.6,0.3,8.0,3.4,4.8,0.0,0.6000000000000036
73,-0.4,0.8,-1.3,-4.8,10.4,0.0,7.35,22.0,11.5,23.0,2019-11-19,98,2019,11,1,323,0,True,1,-0.5000000000000004,0.8660254037844384,-0.6644834655228552,0.7473029667054296,1,0.0,0.0,0.0,0.0,0.0,0.6,3.1,8.0,3.4,7.35,10.400000000000004
73,-6.6,-1.5,-10.6,-15.7,1.1,0.0,0.77,4.0,11.8,22.0,2019-11-20,236,2019,11,2,324,0,True,0,-0.5000000000000004,0.8660254037844384,-0.6515303615068021,0.75862255966641,1,7.35,0.0,0.0,10.4,0.0,0.0,-0.4,3.1,8.0,8.12,11.500000000000004
3,-6.0,0.9,-10.9,-16.0,0.0,0.0,0.0,0.0,13.3,23.0,2019-11-21,539,2019,11,3,325,0,True,1,-0.5000000000000004,0.8660254037844384,-0.6383844591746642,0.7697176640069211,1,0.77,7.35,0.0,1.1,10.4,0.0,-6.6,-0.4,3.1,8.12,11.500000000000004
3,1.2,5.5,-4.3,-9.2,0.0,0.0,0.0,0.0,22.5,35.6,2019-11-22,466,2019,11,4,326,0,True,1,-0.5000000000000004,0.8660254037844384,-0.6250496486104377,0.7805849965070866,1,0.0,0.77,7.35,0.0,1.1,10.4,-6.0,-6.6,-0.4,0.77,1.1000000000000036
3,4.3,6.2,2.8,-2.6,0.0,0.0,0.0,0.0,23.4,44.3,2019-11-23,340,2019,11,5,327,1,True,0,-0.5000000000000004,0.8660254037844384,-0.6115298757991053,0.7912213413483807,1,0.0,0.0,0.77,0.0,0.0,1.1,1.2,-6.0,-6.6,0.0,0.0
51,3.1,5.5,-0.8,-5.9,0.1,0.1,0.0,1.0,26.7,56.2,2019-11-24,146,2019,11,6,328,1,True,1,-0.5000000000000004,0.8660254037844384,-0.5978291414589552,0.801623551065242,1,0.0,0.0,0.0,0.0,0.0,0.0,4.3,1.2,-6.0,0.0,0.10000000000000356
3,-2.5,0.9,-5.4,-10.0,0.0,0.0,0.0,0.0,14.4,35.6,2019-11-25,420,2019,11,0,329,0,True,1,-0.5000000000000004,0.8660254037844384,-0.5839514998576998,0.8117885474764613,1,0.0,0.0,0.0,0.1,0.0,0.0,3.1,4.3,1.2,0.0,0.10000000000000356
73,-6.1,-3.9,-7.8,-13.0,1.6,0.1,1.26,6.0,13.8,27.7,2019-11-26,116,2019,11,1,330,0,True,0,-0.5000000000000004,0.8660254037844384,-0.5699010576127624,0.8217133225960589,1,0.0,0.0,0.0,0.0,0.1,0.0,-2.5,3.1,4.3,1.26,1.7000000000000037
71,-12.2,-7.9,-13.8,-19.5,1.7,0.0,1.89,11.0,18.1,38.2,2019-11-27,82,2019,11,2,331,0,True,0,-0.5000000000000004,0.8660254037844384,-0.5556819724760489,0.8313949395234058,1,1.26,0.0,0.0,1.6,0.0,0.1,-6.1,-2.5,3.1,3.15,3.3000000000000034
71,-14.5,-12.5,-18.5,-23.3,1.2,0.0,1.19,8.0,10.8,22.7,2019-11-28,142,2019,11,3,332,0,True,0,-0.5000000000000004,0.8660254037844384,-0.5412984521036173,0.8408305333122887,1,1.89,1.26,0.0,1.7,1.6,0.0,-12.2,-6.1,-2.5,4.34,4.5000000000000036
3,-15.7,-12.6,-19.5,-23.9,0.0,0.0,0.0,0.0,7.6,16.6,2019-11-29,268,2019,11,4,333,0,True,0,-0.5000000000000004,0.8660254037844384,-0.5267547528105542,0.8500173118187018,1,1.19,1.89,1.26,1.2,1.7,1.6,-14.5,-12.2,-6.1,3.08,2.9000000000000035
3,-14.2,-8.0,-18.6,-23.2,0.0,0.0,0.0,0.0,10.1,20.9,2019-11-30,218,2019,11,5,334,1,True,0,-0.5000000000000004,0.8660254037844384,-0.5120551783114646,0.8589525565270845,1,0.0,1.19,1.89,0.0,1.2,1.7,-15.7,-14.5,-12.2,1.19,1.2000000000000035
3,-5.6,0.3,-12.3,-17.3,0.0,0.0,0.0,0.0,14.0,27.4,2019-12-01,295,2019,12,6,335,1,True,1,-2.4492935982947064e-16,1.0,-0.4972040784469378,0.8676336233547726,1,0.0,0.0,1.19,0.0,0.0,1.2,-14.2,-15.7,-14.5,0.0,0.0
3,-1.7,2.5,-6.7,-11.4,0.0,0.0,0.0,0.0,20.5,35.6,2019-12-02,435,2019,12,0,336,0,True,1,-2.4492935982947064e-16,1.0,-0.4822058478963526,0.8760579434344281,1,0.0,0.0,0.0,0.0,0.0,0.0,-5.6,-14.2,-15.7,0.0,0.0
3,1.3,6.0,-4.2,-8.4,0.0,0.0,0.0,0.0,19.5,37.1,2019-12-03,287,2019,12,1,337,0,True,1,-2.4492935982947064e-16,1.0,-0.46706492487743034,0.8842230238742036,1,0.0,0.0,0.0,0.0,0.0,0.0,-1.7,-5.6,-14.2,0.0,0.0
71,-3.5,-2.0,-5.0,-9.6,0.0,0.0,0.28,0.0,18.5,41.4,2019-12-04,166,2019,12,2,338,0,True,0,-2.4492935982947064e-16,1.0,-0.451785789832884,0.8921264484954345,1,0.0,0.0,0.0,0.0,0.0,0.0,1.3,-1.7,-5.6,0.28,0.0
3,-6.6,-1.9,-10.4,-15.2,0.0,0.0,0.0,0.0,11.3,25.2,2019-12-05,126,2019,12,3,339,0,True,0,-2.4492935982947064e-16,1.0,-0.4363729641045924,0.8997658785476209,1,0.28,0.0,0.0,0.0,0.0,0.0,-3.5,1.3,-1.7,0.28,0.0
3,-7.1,-2.8,-10.6,-15.0,0.0,0.0,0.0,0.0,9.0,19.1,2019-12-06,107,2019,12,4,340,0,True,0,-2.4492935982947064e-16,1.0,-0.42083100859565564,0.9071390534005044,1,0.0,0.28,0.0,0.0,0.0,0.0,-6.6,-3.5,1.3,0.28,0.0
73,-6.1,-3.0,-9.3,-13.9,2.5,0.0,1.75,7.0,16.4,33.8,2019-12-07,51,2019,12,5,341,1,True,0,-2.4492935982947064e-16,1.0,-0.4051645224207563,0.9142437912130223,1,0.0,0.0,0.28,0.0,0.0,0.0,-7.1,-6.6,-3.5,1.75,2.5000000000000036
73,-11.7,-9.1,-14.7,-19.4,3.3,0.0,2.38,7.0,11.2,24.1,2019-12-08,51,2019,12,6,342,1,True,0,-2.4492935982947064e-16,1.0,-0.3893781415452015,0.9210779895789526,1,1.75,0.0,0.0,2.5,0.0,0.0,-6.1,-7.1,-6.6,4.13,5.800000000000003
71,-6.4,-4.7,-9.2,-14.6,1.0,0.0,0.91,8.0,15.5,29.2,2019-12-09,145,2019,12,0,343,0,True,0,-2.4492935982947064e-16,1.0,-0.37347653741307074,0.9276396261490467,1,2.38,1.75,0.0,3.3,2.5,0.0,-11.7,-6.1,-7.1,5.04,6.800000000000003
3,-6.1,-3.2,-8.6,-13.7,0.0,0.0,0.0,0.0,12.3,24.8,2019-12-10,139,2019,12,1,344,0,True,0,-2.4492935982947064e-16,1.0,-0.3574644155648614,0.9339267592294762,1,0.91,2.38,1.75,1.0,3.3,2.5,-6.4,-11.7,-6.1,3.29,4.300000000000003
71,-9.6,-6.6,-13.5,-18.2,0.0,0.0,0.49,0.0,11.7,25.6,2019-12-11,134,2019,12,2,345,0,True,0,-2.4492935982947064e-16,1.0,-0.34134651424503615,0.9399375283564133,1,0.0,0.91,2.38,0.0,1.0,3.3,-6.1,-6.4,-11.7,1.4,1.0000000000000036
3,-10.1,-5.4,-14.2,-19.1,0.0,0.0,0.0,0.0,10.0,16.2,2019-12-12,242,2019,12,3,346,0,True,0,-2.4492935982947064e-16,1.0,-0.3251276029999093,0.9456701548465688,1,0.49,0.0,0.91,0.0,0.0,1.0,-9.6,-6.1,-6.4,0.49,0.0
71,-14.1,-12.9,-15.5,-20.3,0.0,0.0,0.07,0.0,8.3,16.2,2019-12-13,112,2019,12,4,347,0,True,0,-2.4492935982947064e-16,1.0,-0.30881248126625377,0.9511229423235357,1,0.0,0.49,0.0,0.0,0.0,0.0,-10.1,-9.6,-6.1,0.56,0.0
3,-11.0,-4.8,-14.4,-18.8,0.0,0.0,0.0,0.0,11.6,20.9,2019-12-14,132,2019,12,5,348,1,True,0,-2.4492935982947064e-16,1.0,-0.29240597695107734,0.9562942772197719,1,0.07,0.0,0.49,0.0,0.0,0.0,-14.1,-10.1,-9.6,0.07,0.0
2,-10.6,-5.6,-14.0,-19.0,0.0,0.0,0.0,0.0,13.7,24.5,2019-12-15,147,2019,12,6,349,1,True,0,-2.4492935982947064e-16,1.0,-0.27591294500296043,0.9611826292540837,1,0.0,0.07,0.0,0.0,0.0,0.0,-11.0,-14.1,-10.1,0.07,0.0
3,-6.9,-2.0,-10.9,-16.6,0.0,0.0,0.0,0.0,16.9,28.4,2019-12-16,229,2019,12,0,350,0,True,0,-2.4492935982947064e-16,1.0,-0.2593382659754056,0.9657865518844574,1,0.0,0.0,0.07,0.0,0.0,0.0,-10.6,-11.0,-14.1,0.0,0.0
3,-0.4,2.8,-6.8,-12.6,0.0,0.0,0.0,0.0,17.4,38.9,2019-12-17,169,2019,12,1,351,0,True,1,-2.4492935982947064e-16,1.0,-0.2426868445825954,0.9701046827361175,1,0.0,0.0,0.0,0.0,0.0,0.0,-6.9,-10.6,-11.0,0.0,0.0
71,0.5,4.1,-4.0,-8.5,0.0,0.0,0.21,0.0,22.7,43.9,2019-12-18,142,2019,12,2,352,0,True,1,-2.4492935982947064e-16,1.0,-0.22596360824801906,0.974135744004672,1,0.0,0.0,0.0,0.0,0.0,0.0,-0.4,-6.9,-10.6,0.21,0.0
3,-2.0,1.5,-5.5,-10.2,0.0,0.0,0.0,0.0,19.0,40.3,2019-12-19,160,2019,12,3,353,0,True,1,-2.4492935982947064e-16,1.0,-0.20917350564635637,0.9778785428342386,1,0.21,0.0,0.0,0.0,0.0,0.0,0.5,-0.4,-6.9,0.21,0.0
71,1.0,5.1,-0.8,-5.6,1.2,1.0,0.21,6.0,18.0,34.9,2019-12-20,113,2019,12,4,354,0,True,1,-2.4492935982947064e-16,1.0,-0.19232150523909483,0.9813319716704275,1,0.0,0.21,0.0,0.0,0.0,0.0,-2.0,0.5,-0.4,0.42,1.2000000000000035
73,0.3,6.4,-3.0,-8.0,1.7,0.1,1.33,7.0,17.3,38.9,2019-12-21,89,2019,12,5,355,1,True,1,-2.4492935982947064e-16,1.0,-0.17541259380427843,0.9844950085880858,1,0.21,0.0,0.21,1.2,0.0,0.0,1.0,-2.0,0.5,1.54,2.9000000000000035
73,-1.6,-0.6,-2.3,-6.2,3.7,0.0,2.87,14.0,10.9,20.9,2019-12-22,98,2019,12,6,356,1,True,0,-2.4492935982947064e-16,1.0,-0.15845177496083632,0.9873667175937016,1,1.33,0.21,0.0,1.7,1.2,0.0,0.3,1.0,-2.0,4.41,6.600000000000003
71,-4.6,-2.4,-11.1,-16.1,0.3,0.0,0.35,2.0,12.3,19.8,2019-12-23,167,2019,12,0,357,0,True,0,-2.4492935982947064e-16,1.0,-0.14144406768794202,0.9899462489023779,1,2.87,1.33,0.21,3.7,1.7,1.2,-1.6,0.3,1.0,4.55,5.700000000000004
1,-9.6,-5.4,-12.5,-17.5,0.0,0.0,0.0,0.0,10.6,19.1,2019-12-24,122,2019,12,1,358,0,True,0,-2.4492935982947064e-16,1.0,-0.12439450483979998,0.9922328391893008,1,0.35,2.87,1.33,0.3,3.7,1.7,-4.6,-1.6,0.3,3.22,4.0000000000000036
1,-12.0,-5.8,-14.9,-20.0,0.0,0.0,0.0,0.0,14.1,23.4,2019-12-25,102,2019,12,2,359,0,True,0,-2.4492935982947064e-16,1.0,-0.10730813165636247,0.9942258118156161,1,0.0,0.35,2.87,0.0,0.3,3.7,-9.6,-4.6,-1.6,0.35,0.30000000000000354
1,-11.7,-4.3,-17.0,-22.7,0.0,0.0,0.0,0.0,15.3,23.8,2019-12-26,116,2019,12,3,360,0,True,0,-2.4492935982947064e-16,1.0,-0.09019000427034513,0.9959245770286599,1,0.0,0.0,0.35,0.0,0.0,0.3,-12.0,-9.6,-4.6,0.0,0.0
71,-6.1,-1.9,-8.5,-13.9,0.0,0.0,0.14,0.0,16.9,29.5,2019-12-27,211,2019,12,4,361,0,True,0,-2.4492935982947064e-16,1.0,-0.07304518821104743,0.9973286321364752,1,0.0,0.0,0.0,0.0,0.0,0.0,-11.7,-12.0,-9.6,0.14,0.0
3,-10.7,-6.5,-14.2,-19.2,0.0,0.0,0.0,0.0,14.1,25.6,2019-12-28,175,2019,12,5,362,1,True,0,-2.4492935982947064e-16,1.0,-0.05587875690537313,0.9984375616565666,1,0.14,0.0,0.0,0.0,0.0,0.0,-6.1,-11.7,-12.0,0.14,0.0
3,-5.6,2.0,-12.8,-17.6,0.0,0.0,0.0,0.0,10.4,19.8,2019-12-29,267,2019,12,6,363,1,True,1,-2.4492935982947064e-16,1.0,-0.03869579017652689,0.9992510374388481,1,0.0,0.14,0.0,0.0,0.0,0.0,-10.7,-6.1,-11.7,0.14,0.0
3,-5.7,2.1,-12.2,-16.7,0.0,0.0,0.0,0.0,17.0,25.9,2019-12-30,229,2019,12,0,364,0,True,1,-2.4492935982947064e-16,1.0,-0.021501372740813793,0.999768818762748,1,0.0,0.0,0.14,0.0,0.0,0.0,-5.6,-10.7,-6.1,0.0,0.0
3,2.0,4.6,-1.3,-6.7,0.0,0.0,0.0,0.0,17.3,34.2,2019-12-31,153,2019,12,1,365,0,True,1,-2.4492935982947064e-16,1.0,-0.004300592702981974,0.9999907524084426,1,0.0,0.0,0.0,0.0,0.0,0.0,-5.7,-5.6,-10.7,0.0,0.0
71,-0.7,1.8,-4.1,-8.4,0.3,0.0,0.63,2.0,10.0,21.6,2020-01-01,119,2020,1,2,1,0,True,1,0.49999999999999994,0.8660254037844387,0.017201575418260506,0.9998520419557735,2,0.0,0.0,0.0,0.0,0.0,0.0,2.0,-5.7,-5.6,0.63,0.30000000000000354
73,-3.6,-0.8,-8.2,-13.1,2.5,0.1,1.82,6.0,15.5,36.4,2020-01-02,115,2020,1,3,2,0,True,0,0.49999999999999994,0.8660254037844387,0.03439806061360801,0.9994082116062598,2,0.63,0.0,0.0,0.3,0.0,0.0,-0.7,2.0,-5.7,2.45,2.8000000000000034
71,-2.4,2.7,-5.5,-10.5,0.8,0.1,0.7,5.0,18.4,32.4,2020-01-03,268,2020,1,4,3,0,True,1,0.49999999999999994,0.8660254037844387,0.051584366869408364,0.9986686402879997,2,1.82,0.63,0.0,2.5,0.3,0.0,-3.6,-0.7,2.0,3.15,3.600000000000003
71,1.8,6.1,-3.3,-9.8,0.1,0.0,0.07,1.0,27.5,60.5,2020-01-04,126,2020,1,5,4,1,True,1,0.49999999999999994,0.8660254037844387,0.06875540848113941,0.9976335468520451,2,0.7,1.82,0.63,0.8,2.5,0.3,-2.4,-3.6,-0.7,2.59,3.4000000000000035
3,-1.8,2.7,-7.1,-11.7,0.0,0.0,0.0,0.0,23.5,42.1,2020-01-05,161,2020,1,6,5,1,True,1,0.49999999999999994,0.8660254037844387,0.08590610426133272,0.9963032375991965,2,0.07,0.7,1.82,0.1,0.8,2.5,1.8,-2.4,-3.6,0.7699999999999998,0.9000000000000036
73,-3.1,0.7,-5.7,-10.6,0.4,0.0,0.28,2.0,18.0,36.0,2020-01-06,325,2020,1,0,6,0,True,1,0.49999999999999994,0.8660254037844387,0.10303137904317879,0.9946781061893646,2,0.0,0.07,0.7,0.0,0.1,0.8,-1.8,1.8,-2.4,0.3499999999999998,0.5000000000000036
73,-8.0,-5.4,-9.5,-14.1,2.1,0.0,1.75,6.0,16.6,33.1,2020-01-07,146,2020,1,1,7,0,True,0,0.49999999999999994,0.8660254037844387,0.1201261651823505,0.9927586335250793,2,0.28,0.0,0.07,0.4,0.0,0.1,-3.1,-1.8,1.8,2.03,2.5000000000000036
71,-8.6,-3.5,-14.2,-19.0,0.3,0.0,0.28,2.0,21.1,44.3,2020-01-08,102,2020,1,2,8,0,True,0,0.49999999999999994,0.8660254037844387,0.13718540405660057,0.9905453876091833,2,1.75,0.28,0.0,2.1,0.4,0.0,-8.0,-3.1,-1.8,2.3099999999999996,2.8000000000000034
3,-16.5,-13.5,-21.3,-26.6,0.0,0.0,0.0,0.0,10.2,22.7,2020-01-09,60,2020,1,3,9,0,True,0,0.49999999999999994,0.8660254037844387,0.1542040475626894,0.988039023376751,2,0.28,1.75,0.28,0.3,2.1,0.4,-8.6,-8.0,-3.1,2.0299999999999994,2.4000000000000035
71,-14.5,-7.4,-21.7,-27.5,0.0,0.0,0.07,0.0,13.0,22.7,2020-01-10,135,2020,1,4,10,0,True,0,0.49999999999999994,0.8660254037844387,0.17117705961019986,0.985240282501282,2,0.0,0.28,1.75,0.0,0.3,2.1,-16.5,-8.6,-8.0,0.3499999999999998,0.30000000000000354
71,-16.7,-10.2,-20.9,-26.6,0.0,0.0,0.21,0.0,12.6,25.6,2020-01-11,62,2020,1,5,11,1,True,0,0.49999999999999994,0.8660254037844387,0.18809941761179758,0.9821499931752291,2,0.07,0.0,0.28,0.0,0.0,0.3,-14.5,-16.5,-8.6,0.2799999999999998,0.0
71,-23.5,-20.9,-25.5,-30.8,0.5,0.0,0.49,3.0,16.7,32.0,2020-01-12,48,2020,1,6,12,1,True,0,0.49999999999999994,0.8660254037844387,0.20496611396949532,0.9787690698649216,2,0.21,0.07,0.0,0.0,0.0,0.0,-16.7,-14.5,-16.5,0.7699999999999998,0.5000000000000036
71,-27.0,-25.1,-30.7,-35.6,0.4,0.0,0.63,3.0,10.5,22.3,2020-01-13,100,2020,1,0,13,0,True,0,0.49999999999999994,0.8660254037844387,0.22177215755648186,0.975098513039961,2,0.49,0.21,0.07,0.5,0.0,0.0,-23.5,-16.7,-14.5,1.3299999999999996,0.9000000000000036
3,-29.7,-27.6,-32.2,-37.3,0.0,0.0,0.0,0.0,7.2,15.8,2020-01-14,150,2020,1,1,14,0,True,0,0.49999999999999994,0.8660254037844387,0.23851257519407648,0.9711394088771653,2,0.63,0.49,0.21,0.4,0.5,0.0,-27.0,-23.5,-16.7,1.1199999999999997,0.9000000000000036
3,-31.0,-29.0,-32.9,-37.3,0.0,0.0,0.0,0.0,9.4,20.5,2020-01-15,183,2020,1,2,15,0,True,0,0.49999999999999994,0.8660254037844387,0.2551824131233728,0.9668929289391521,2,0.0,0.63,0.49,0.0,0.4,0.5,-29.7,-27.0,-23.5,0.6299999999999998,0.4000000000000036
71,-29.3,-27.8,-30.8,-36.1,0.0,0.0,0.07,0.0,11.0,26.6,2020-01-16,106,2020,1,3,16,0,True,0,0.49999999999999994,0.8660254037844387,0.2717767384711357,0.9623603298276545,2,0.0,0.0,0.63,0.0,0.0,0.4,-31.0,-29.7,-27.0,0.06999999999999978,0.0
71,-26.7,-22.7,-28.9,-34.4,0.0,0.0,0.07,0.0,10.9,22.3,2020-01-17,76,2020,1,4,17,0,True,0,0.49999999999999994,0.8660254037844387,0.2882906407095177,0.9575429528116719,2,0.07,0.0,0.0,0.0,0.0,0.0,-29.3,-31.0,-29.7,0.1399999999999998,0.0
3,-23.9,-19.5,-29.6,-35.1,0.0,0.0,0.0,0.0,10.1,20.2,2020-01-18,64,2020,1,5,18,1,True,0,0.49999999999999994,0.8660254037844387,0.3047192331091634,0.9524422234305676,2,0.07,0.07,0.0,0.0,0.0,0.0,-26.7,-29.3,-31.0,0.1399999999999998,0.0
3,-11.5,0.4,-21.9,-27.0,0.0,0.0,0.0,0.0,12.4,22.0,2020-01-19,82,2020,1,6,19,1,True,1,0.49999999999999994,0.8660254037844387,0.321057654185271,0.9470596510722283,2,0.0,0.07,0.07,0.0,0.0,0.0,-23.9,-26.7,-29.3,0.06999999999999978,0.0
3,0.5,4.8,-4.9,-9.7,0.0,0.0,0.0,0.0,17.6,29.5,2020-01-20,207,2020,1,0,20,0,True,1,0.49999999999999994,0.8660254037844387,0.3373010691361842,0.9413968285264122,2,0.0,0.0,0.07,0.0,0.0,0.0,-11.5,-23.9,-26.7,0.0,0.0
3,0.3,4.1,-3.8,-7.9,0.0,0.0,0.0,0.0,14.7,28.4,2020-01-21,202,2020,1,1,21,0,True,1,0.49999999999999994,0.8660254037844387,0.3534446712740877,0.9354554315134164,2,0.0,0.0,0.0,0.0,0.0,0.0,0.5,-11.5,-23.9,0.0,0.0
3,-0.3,4.8,-4.6,-9.3,0.0,0.0,0.0,0.0,14.9,28.4,2020-01-22,197,2020,1,2,22,0,True,1,0.49999999999999994,0.8660254037844387,0.3694836834473831,0.9292372181882051,2,0.0,0.0,0.0,0.0,0.0,0.0,0.3,0.5,-11.5,0.0,0.0
3,-1.4,3.3,-6.5,-11.4,0.0,0.0,0.0,0.0,12.1,20.2,2020-01-23,237,2020,1,3,23,0,True,1,0.49999999999999994,0.8660254037844387,0.38541335945432564,0.9227440286201427,2,0.0,0.0,0.0,0.0,0.0,0.0,-0.3,0.3,0.5,0.0,0.0
3,3.5,6.5,1.7,-2.3,0.0,0.0,0.0,0.0,15.5,26.6,2020-01-24,178,2020,1,4,24,0,True,0,0.49999999999999994,0.8660254037844387,0.4012289854475009,0.9159777842484877,2,0.0,0.0,0.0,0.0,0.0,0.0,-1.4,-0.3,0.3,0.0,0.0
3,2.3,8.2,-2.7,-7.0,0.0,0.0,0.0,0.0,16.3,29.2,2020-01-25,136,2020,1,5,25,1,True,1,0.49999999999999994,0.8660254037844387,0.4169258813287287,0.908940487313808,2,0.0,0.0,0.0,0.0,0.0,0.0,3.5,-1.4,-0.3,0.0,0.0
3,-2.4,2.0,-5.5,-9.9,0.0,0.0,0.0,0.0,12.1,27.4,2020-01-26,134,2020,1,6,26,1,True,1,0.49999999999999994,0.8660254037844387,0.4324994021339788,0.901634220265486,2,0.0,0.0,0.0,0.0,0.0,0.0,2.3,3.5,-1.4,0.0,0.0
3,0.0,6.7,-4.0,-8.8,0.0,0.0,0.0,0.0,11.9,27.0,2020-01-27,255,2020,1,0,27,0,True,1,0.49999999999999994,0.8660254037844387,0.44794493940789115,0.8940611451454876,2,0.0,0.0,0.0,0.0,0.0,0.0,-2.4,2.3,3.5,0.0,0.0
3,-2.1,2.5,-5.2,-9.6,0.0,0.0,0.0,0.0,11.0,20.2,2020-01-28,352,2020,1,1,28,0,True,1,0.49999999999999994,0.8660254037844387,0.4632579225674917,0.88622350294858,2,0.0,0.0,0.0,0.0,0.0,0.0,0.0,-2.4,2.3,0.0,0.0
3,-0.8,5.0,-6.2,-10.5,0.0,0.0,0.0,0.0,24.7,36.4,2020-01-29,284,2020,1,2,29,0,True,1,0.49999999999999994,0.8660254037844387,0.4784338202547012,0.8781236129591848,2,0.0,0.0,0.0,0.0,0.0,0.0,-2.1,0.0,-2.4,0.0,0.0
51,1.2,5.7,-3.1,-8.4,0.2,0.2,0.0,1.0,25.9,51.5,2020-01-30,293,2020,1,3,30,0,True,1,0.49999999999999994,0.8660254037844387,0.49346814167723735,0.8697638720650646,2,0.0,0.0,0.0,0.0,0.0,0.0,-0.8,-2.1,0.0,0.0,0.20000000000000356
3,3.4,7.3,0.6,-3.3,0.0,0.0,0.0,0.0,35.9,74.5,2020-01-31,170,2020,1,4,31,0,True,0,0.49999999999999994,0.8660254037844387,0.5083564379375122,0.8611467540480452,2,0.0,0.0,0.0,0.2,0.0,0.0,1.2,-0.8,-2.1,0.0,0.20000000000000356
75,4.4,9.0,-3.5,-7.1,3.8,0.2,2.59,4.0,35.5,70.6,2020-02-01,119,2020,2,5,32,1,True,1,0.8660254037844386,0.5000000000000001,0.5230943033491326,0.8522748088519838,2,0.0,0.0,0.0,0.0,0.2,0.0,3.4,1.2,-0.8,2.59,4.0000000000000036
75,-5.9,-2.8,-9.2,-15.0,10.0,0.1,7.0,5.0,15.2,31.7,2020-02-02,99,2020,2,6,33,1,True,0,0.8660254037844386,0.5000000000000001,0.5376773767406141,0.8431506618282,2,2.59,0.0,0.0,3.8,0.0,0.2,4.4,3.4,1.2,9.59,13.800000000000004
71,-9.7,-6.4,-15.7,-20.7,0.1,0.0,0.49,1.0,14.0,31.3,2020-02-03,264,2020,2,0,34,0,True,0,0.8660254037844386,0.5000000000000001,0.5521013427459208,0.8337770129585915,2,7.0,2.59,0.0,10.0,3.8,0.0,-5.9,4.4,3.4,10.08,13.900000000000004
71,-9.8,-1.4,-19.5,-24.8,0.0,0.0,0.21,0.0,19.3,32.8,2020-02-04,389,2020,2,1,35,0,True,0,0.8660254037844386,0.5000000000000001,0.5663619330814524,0.8241566360566663,2,0.49,7.0,2.59,0.1,10.0,3.8,-9.7,-5.9,4.4,7.7,10.100000000000005
73,-0.2,3.2,-3.4,-9.6,0.4,0.0,0.28,2.0,20.0,39.6,2020-02-05,421,2020,2,2,36,0,True,1,0.8660254037844386,0.5000000000000001,0.580454927809098,0.8142923779467267,2,0.21,0.49,7.0,0.0,0.1,10.0,-9.8,-9.7,-5.9,0.98,0.5000000000000053
51,-0.4,3.9,-3.2,-8.6,0.2,0.2,0.0,1.0,18.1,35.3,2020-02-06,443,2020,2,3,37,0,True,1,0.8660254037844386,0.5000000000000001,0.5943761565849831,0.804187157621448,2,0.28,0.21,0.49,0.4,0.0,0.1,-0.2,-9.8,-9.7,0.49,0.6000000000000054
3,-1.8,2.4,-4.5,-8.7,0.0,0.0,0.0,0.0,9.8,24.1,2020-02-07,285,2020,2,4,38,0,True,1,0.8660254037844386,0.5000000000000001,0.6081214998935418,0.7938439653781019,2,0.0,0.28,0.21,0.2,0.4,0.0,-0.4,-0.2,-9.8,0.28,0.6000000000000054
73,-4.8,-2.5,-9.8,-14.5,5.5,0.0,3.92,13.0,18.7,39.6,2020-02-08,83,2020,2,5,39,1,True,0,0.8660254037844386,0.5000000000000001,0.6216868902665479,0.7832658619336791,2,0.0,0.0,0.28,0.0,0.2,0.4,-1.8,-0.4,-0.2,3.92,5.7000000000000055
71,-3.8,1.3,-11.0,-16.2,0.0,0.0,0.07,0.0,18.4,38.5,2020-02-09,164,2020,2,6,40,1,True,1,0.8660254037844386,0.5000000000000001,0.6350683134867438,0.7724559775191742,2,3.92,0.0,0.0,5.5,0.0,0.2,-4.8,-1.8,-0.4,3.9899999999999998,5.500000000000005
3,-3.2,1.7,-6.1,-11.0,0.0,0.0,0.0,0.0,16.4,31.7,2020-02-10,357,2020,2,0,41,0,True,1,0.8660254037844386,0.5000000000000001,0.6482618097757122,0.7614175109532997,2,0.07,3.92,0.0,0.0,5.5,0.0,-3.8,-4.8,-1.8,3.9899999999999998,5.500000000000005
73,-0.1,5.2,-7.1,-12.8,2.4,0.1,1.75,10.0,23.3,52.9,2020-02-11,321,2020,2,1,42,0,True,1,0.8660254037844386,0.5000000000000001,0.6612634749656386,0.7501537286959042,2,0.0,0.07,3.92,0.0,0.0,5.5,-3.2,-3.8,-4.8,1.82,2.4000000000000052
3,-8.3,-4.5,-10.8,-15.7,0.0,0.0,0.0,0.0,15.1,34.9,2020-02-12,101,2020,2,2,43,0,True,0,0.8660254037844386,0.5000000000000001,0.6740694616546161,0.7386679638813748,2,1.75,0.0,0.07,2.4,0.0,0.0,-0.1,-3.2,-3.8,1.75,2.4000000000000052
3,-4.4,5.7,-11.6,-16.4,0.0,0.0,0.0,0.0,10.9,27.4,2020-02-13,199,2020,2,3,44,0,True,1,0.8660254037844386,0.5000000000000001,0.6866759803451553,0.726963615332308,2,0.0,1.75,0.0,0.0,2.4,0.0,-8.3,-0.1,-3.2,1.75,2.4000000000000052
73,-1.8,2.6,-5.5,-9.6,1.4,0.0,1.12,4.0,10.0,33.8,2020-02-14,140,2020,2,4,45,0,True,1,0.8660254037844386,0.5000000000000001,0.6990793005655562,0.7150441465537444,2,0.0,0.0,1.75,0.0,0.0,2.4,-4.4,-8.3,-0.1,1.12,1.4000000000000052
3,-3.3,2.2,-6.8,-10.9,0.0,0.0,0.0,0.0,13.0,29.9,2020-02-15,126,2020,2,5,46,1,True,1,0.8660254037844386,0.5000000000000001,0.7112757519738152,0.7029130847082615,2,1.12,0.0,0.0,1.4,0.0,0.0,-1.8,-4.4,-8.3,1.12,1.4000000000000052
71,-3.5,2.4,-7.4,-12.1,0.0,0.0,0.07,0.0,9.2,25.9,2020-02-16,183,2020,2,6,47,1,True,1,0.8660254037844386,0.5000000000000001,0.7232617254437388,0.6905740195722293,2,0.0,1.12,0.0,0.0,1.4,0.0,-3.3,-1.8,-4.4,1.1900000000000002,1.4000000000000052
71,-11.0,-6.4,-15.9,-20.7,0.2,0.0,0.28,2.0,16.9,33.5,2020-02-17,74,2020,2,0,48,0,True,0,0.8660254037844386,0.5000000000000001,0.7350336741329413,0.6780306024735382,2,0.07,0.0,1.12,0.0,0.0,1.4,-3.5,-3.3,-1.8,0.35000000000000003,0.20000000000000534
71,-13.1,-6.7,-16.5,-21.2,0.0,0.0,0.14,0.0,9.7,20.9,2020-02-18,103,2020,2,1,49,0,True,0,0.8660254037844386,0.5000000000000001,0.746588114532413,0.6652865452111116,2,0.28,0.07,0.0,0.2,0.0,0.0,-11.0,-3.5,-3.3,0.49000000000000005,0.20000000000000534
0,-8.5,2.2,-16.2,-21.3,0.0,0.0,0.0,0.0,10.5,21.6,2020-02-19,329,2020,2,2,50,0,True,1,0.8660254037844386,0.5000000000000001,0.7579216274973472,0.6523456189565257,2,0.14,0.28,0.07,0.0,0.2,0.0,-13.1,-11.0,-3.5,0.42000000000000004,0.20000000000000534
3,-0.9,8.8,-9.1,-14.3,0.0,0.0,0.0,0.0,19.7,41.0,2020-02-20,302,2020,2,3,51,0,True,1,0.8660254037844386,0.5000000000000001,0.7690308592589181,0.6392116531380588,2,0.0,0.14,0.28,0.0,0.0,0.2,-8.5,-13.1,-11.0,0.14,0.0
3,1.6,8.4,-4.6,-9.2,0.0,0.0,0.0,0.0,16.2,36.4,2020-02-21,329,2020,2,4,52,0,True,1,0.8660254037844386,0.5000000000000001,0.7799125224167177,0.6258885343075018,2,0.0,0.0,0.14,0.0,0.0,0.0,-0.9,-8.5,-13.1,0.0,0.0
73,0.2,4.1,-5.3,-9.7,1.3,0.2,0.77,4.0,15.3,35.3,2020-02-22,150,2020,2,5,53,1,True,1,0.8660254037844386,0.5000000000000001,0.7905633969115482,0.612380204990065,2,0.0,0.0,0.0,0.0,0.0,0.0,1.6,-0.9,-8.5,0.77,1.3000000000000054
73,-2.7,2.3,-6.4,-10.4,3.5,0.0,2.52,8.0,14.9,33.8,2020-02-23,94,2020,2,6,54,1,True,1,0.8660254037844386,0.5000000000000001,0.8009803309782905,0.5986906625177214,2,0.77,0.0,0.0,1.3,0.0,0.0,0.2,1.6,-0.9,3.29,4.800000000000005
73,-4.7,-2.2,-9.3,-13.9,2.3,0.0,1.68,10.0,12.4,30.2,2020-02-24,126,2020,2,0,55,0,True,0,0.8660254037844386,0.5000000000000001,0.8111602420785621,0.5848239578463322,2,2.52,0.77,0.0,3.5,1.3,0.0,-2.7,0.2,1.6,4.97,7.100000000000005
3,-6.4,0.8,-12.3,-17.2,0.0,0.0,0.0,0.0,10.4,20.5,2020-02-25,331,2020,2,1,56,0,True,1,0.8660254037844386,0.5000000000000001,0.8211001178128892,0.5707841943569036,2,1.68,2.52,0.77,2.3,3.5,1.3,-4.7,-2.7,0.2,4.199999999999999,5.800000000000005
71,0.4,6.5,-3.2,-7.8,0.3,0.0,0.28,2.0,18.4,32.4,2020-02-26,266,2020,2,2,57,0,True,1,0.8660254037844386,0.5000000000000001,0.8307970168121247,0.5565755266413303,2,0.0,1.68,2.52,0.0,2.3,3.5,-6.4,-4.7,-2.7,1.96,2.600000000000005
3,3.4,9.2,-2.0,-7.6,0.0,0.0,0.0,0.0,21.3,46.8,2020-02-27,275,2020,2,3,58,0,True,1,0.8660254037844386,0.5000000000000001,0.8402480696078469,0.5422021592729844,2,0.28,0.0,1.68,0.3,0.0,2.3,0.4,-6.4,-4.7,0.28,0.3000000000000053
3,5.4,9.3,1.5,-2.8,0.0,0.0,0.0,0.0,20.7,40.3,2020-02-28,199,2020,2,4,59,0,True,0,0.8660254037844386,0.5000000000000001,0.8494504794814806,0.527668345562516,2,0.0,0.28,0.0,0.0,0.3,0.0,3.4,0.4,-6.4,0.28,0.3000000000000053
71,2.3,4.8,-2.6,-7.9,0.4,0.0,0.42,4.0,25.3,60.1,2020-02-29,82,2020,2,5,60,1,True,1,0.8660254037844386,0.5000000000000001,0.8584015232918917,0.512978386299228,2,0.0,0.0,0.28,0.0,0.0,0.3,5.4,3.4,0.4,0.42,0.40000000000000535
3,-1.8,3.7,-7.4,-11.3,0.0,0.0,0.0,0.0,23.6,39.2,2020-03-01,104,2020,3,6,61,1,True,1,1.0,6.123233995736766e-17,0.8670985522812081,0.4981366284784055,2,0.42,0.0,0.0,0.4,0.0,0.0,2.3,5.4,3.4,0.42,0.40000000000000535
51,3.6,6.9,0.9,-5.1,0.4,0.4,0.0,1.0,28.8,60.8,2020-03-02,183,2020,3,0,62,0,True,0,1.0,6.123233995736766e-17,0.8755389928586302,0.4831474640149687,2,0.0,0.42,0.0,0.0,0.4,0.0,-1.8,2.3,5.4,0.42,0.8000000000000054
71,3.6,7.4,-0.7,-5.0,0.5,0.4,0.07,2.0,28.8,61.9,2020-03-03,172,2020,3,1,63,0,True,1,1.0,6.123233995736766e-17,0.8837203473619977,0.4680153284438345,2,0.0,0.0,0.42,0.4,0.0,0.4,3.6,-1.8,2.3,0.07,0.9000000000000054
3,1.0,4.0,-4.6,-9.2,0.0,0.0,0.0,0.0,27.2,69.8,2020-03-04,172,2020,3,2,64,0,True,1,1.0,6.123233995736766e-17,0.8916401947968874,0.45274469960737107,2,0.07,0.0,0.0,0.5,0.4,0.0,3.6,3.6,-1.8,0.07,0.9000000000000054
3,0.5,8.9,-5.5,-10.1,0.0,0.0,0.0,0.0,13.6,34.9,2020-03-05,126,2020,3,3,65,0,True,1,1.0,6.123233995736766e-17,0.8992961915530253,0.4373400963303323,2,0.0,0.07,0.0,0.0,0.5,0.4,1.0,3.6,3.6,0.07,0.5000000000000053
71,1.9,10.7,-5.6,-10.8,0.1,0.0,0.14,1.0,17.3,38.5,2020-03-06,115,2020,3,4,66,0,True,1,1.0,6.123233995736766e-17,0.9066860720977985,0.4218060770826634,2,0.0,0.0,0.07,0.0,0.0,0.5,0.5,1.0,3.6,0.14,0.10000000000000533
73,-10.2,-5.5,-14.9,-20.1,4.6,0.0,3.43,17.0,15.0,32.0,2020-03-07,31,2020,3,5,67,1,True,0,1.0,6.123233995736766e-17,0.9138076496466615,0.4061472386305789,2,0.14,0.0,0.0,0.1,0.0,0.0,1.9,0.5,1.0,3.5700000000000003,4.700000000000005
71,-12.3,-6.4,-19.2,-23.1,0.0,0.0,0.07,0.0,9.1,26.6,2020-03-08,122,2020,3,6,68,1,True,0,1.0,6.123233995736766e-17,0.9206588168102428,0.3903682146763026,2,3.43,0.14,0.0,4.6,0.1,0.0,-10.2,1.9,0.5,3.64,4.700000000000005
71,-6.4,0.8,-12.8,-17.5,0.0,0.0,0.07,0.0,12.7,29.9,2020-03-09,184,2020,3,0,69,0,True,1,1.0,6.123233995736766e-17,0.9272375462179537,0.374473674486883,2,0.07,3.43,0.14,0.0,4.6,0.1,-12.3,-10.2,1.9,3.5700000000000003,4.600000000000005
3,-1.6,4.2,-8.3,-13.3,0.0,0.0,0.0,0.0,24.5,44.3,2020-03-10,130,2020,3,1,70,0,True,1,1.0,6.123233995736766e-17,0.9335418911179212,0.35846832151248087,2,0.07,0.07,3.43,0.0,0.0,4.6,-6.4,-12.3,-10.2,0.14,0.0
71,-0.5,2.7,-5.4,-9.7,0.4,0.2,0.21,3.0,23.5,46.4,2020-03-11,101,2020,3,2,71,0,True,1,1.0,6.123233995736766e-17,0.9395699859530622,0.342356891994542,2,0.0,0.07,0.07,0.0,0.0,0.0,-1.6,-6.4,-12.3,0.28,0.40000000000000535
73,-3.7,1.0,-7.1,-12.4,1.8,0.0,1.33,6.0,15.3,33.1,2020-03-12,61,2020,3,3,72,0,True,1,1.0,6.123233995736766e-17,0.945320046913132,0.3261441535642696,2,0.21,0.0,0.07,0.4,0.0,0.0,-0.5,-1.6,-6.4,1.54,2.2000000000000055
73,-14.5,-7.0,-20.3,-26.3,5.9,0.0,4.27,23.0,17.1,36.0,2020-03-13,61,2020,3,4,73,0,True,0,1.0,6.123233995736766e-17,0.9507903724625832,0.3098349038318025,2,1.33,0.21,0.0,1.8,0.4,0.0,-3.7,-0.5,-1.6,5.81,8.100000000000005
73,-20.4,-18.0,-25.3,-30.8,5.4,0.0,3.85,19.0,17.3,37.1,2020-03-14,65,2020,3,5,74,1,True,0,1.0,6.123233995736766e-17,0.9559793438440766,0.2934339689665273,2,4.27,1.33,0.21,5.9,1.8,0.4,-14.5,-3.7,-0.5,9.45,13.100000000000005
3,-18.1,-8.3,-28.7,-34.1,0.0,0.0,0.0,0.0,11.7,18.7,2020-03-15,129,2020,3,6,75,1,True,0,1.0,6.123233995736766e-17,0.9608854255574977,0.27694620226893646,2,3.85,4.27,1.33,5.4,5.9,1.8,-20.4,-14.5,-3.7,8.12,11.300000000000004
3,-6.1,3.9,-15.0,-19.7,0.0,0.0,0.0,0.0,9.7,20.2,2020-03-16,237,2020,3,0,76,0,True,1,1.0,6.123233995736766e-17,0.9655071658143364,0.2603764827344581,2,0.0,3.85,4.27,0.0,5.4,5.9,-18.1,-20.4,-14.5,3.85,5.400000000000006
3,-3.5,0.4,-7.7,-12.0,0.0,0.0,0.0,0.0,25.3,56.9,2020-03-17,194,2020,3,1,77,0,True,1,1.0,6.123233995736766e-17,0.969843196967294,0.24372971360968387,2,0.0,0.0,3.85,0.0,0.0,5.4,-6.1,-18.1,-20.4,0.0,0.0
3,-7.5,-4.4,-9.4,-14.9,0.0,0.0,0.0,0.0,14.9,32.0,2020-03-18,66,2020,3,2,78,0,True,0,1.0,6.123233995736766e-17,0.9738922359149924,0.22701082094141847,2,0.0,0.0,0.0,0.0,0.0,0.0,-3.5,-6.1,-18.1,0.0,0.0
71,-9.5,-6.2,-12.5,-17.2,0.0,0.0,0.07,0.0,16.3,33.5,2020-03-19,44,2020,3,3,79,0,True,0,1.0,6.123233995736766e-17,0.9776530844816641,0.2102247521189836,2,0.0,0.0,0.0,0.0,0.0,0.0,-7.5,-3.5,-6.1,0.07,0.0
3,-6.4,3.2,-13.8,-18.8,0.0,0.0,0.0,0.0,16.4,32.4,2020-03-20,105,2020,3,4,80,0,True,1,1.0,6.123233995736766e-17,0.981124629771712,0.19337647441020586,2,0.07,0.0,0.0,0.0,0.0,0.0,-9.5,-7.5,-3.5,0.07,0.0
71,-2.4,5.0,-9.8,-14.8,0.8,0.0,0.63,5.0,18.3,40.3,2020-03-21,127,2020,3,5,81,1,True,1,1.0,6.123233995736766e-17,0.984305844499033,0.17647097349152166,2,0.0,0.07,0.0,0.0,0.0,0.0,-6.4,-9.5,-7.5,0.7,0.8000000000000054
3,0.4,7.0,-5.7,-9.8,0.0,0.0,0.0,0.0,10.4,25.6,2020-03-22,92,2020,3,6,82,1,True,1,1.0,6.123233995736766e-17,0.9871957872910085,0.15951325197263655,2,0.63,0.0,0.07,0.8,0.0,0.0,-2.4,-6.4,-9.5,0.63,0.8000000000000054
73,1.9,9.3,-2.2,-6.8,1.8,0.5,0.91,6.0,15.6,33.8,2020-03-23,125,2020,3,0,83,0,True,1,1.0,6.123233995736766e-17,0.9897936029670716,0.14250832791617088,2,0.0,0.63,0.0,0.0,0.8,0.0,0.4,-2.4,-6.4,1.54,2.6000000000000054
71,-3.2,-1.9,-4.6,-9.1,1.1,0.0,1.05,7.0,15.8,34.2,2020-03-24,52,2020,3,1,84,0,True,0,1.0,6.123233995736766e-17,0.992098522791769,0.12546123335273648,2,0.91,0.0,0.63,1.8,0.0,0.8,1.9,0.4,-2.4,1.9600000000000002,2.9000000000000057
71,-3.7,-0.2,-6.8,-11.3,1.4,0.0,1.12,10.0,10.3,23.0,2020-03-25,71,2020,3,2,85,0,True,0,1.0,6.123233995736766e-17,0.9941098647022418,0.10837701279187609,2,1.05,0.91,0.0,1.1,1.8,0.0,-3.2,1.9,0.4,3.08,4.300000000000005
2,-0.1,7.9,-7.7,-12.8,0.0,0.0,0.0,0.0,22.0,49.7,2020-03-26,104,2020,3,3,86,0,True,1,1.0,6.123233995736766e-17,0.9958270335100595,0.09126072172931188,2,1.12,1.05,0.91,1.4,1.1,1.8,-3.7,-3.2,1.9,2.17,2.5000000000000053
3,3.7,9.6,-1.9,-5.7,0.0,0.0,0.0,0.0,18.0,42.1,2020-03-27,70,2020,3,4,87,0,True,1,1.0,6.123233995736766e-17,0.9972495210773451,0.07411742515094437,2,0.0,1.12,1.05,0.0,1.4,1.1,-0.1,-3.7,-3.2,1.1200000000000003,1.4000000000000052
3,4.1,9.5,0.9,-3.5,0.0,0.0,0.0,0.0,18.4,35.6,2020-03-28,2,2020,3,5,88,1,True,0,1.0,6.123233995736766e-17,0.998376906467142,0.056952196034039754,2,0.0,0.0,1.12,0.0,0.0,1.4,3.7,-0.1,-3.7,0.0,0.0
3,4.1,10.5,-1.5,-6.1,0.0,0.0,0.0,0.0,19.2,43.6,2020-03-29,79,2020,3,6,89,1,True,1,1.0,6.123233995736766e-17,0.9992088560679753,0.03977011384605572,2,0.0,0.0,0.0,0.0,0.0,0.0,4.1,3.7,-0.1,0.0,0.0
73,-4.7,-2.0,-8.2,-13.8,2.6,0.0,1.82,11.0,17.3,60.1,2020-03-30,39,2020,3,0,90,0,True,0,1.0,6.123233995736766e-17,0.9997451236925734,0.022576263041545485,2,0.0,0.0,0.0,0.0,0.0,0.0,4.1,4.1,3.7,1.8200000000000003,2.6000000000000054
71,-10.4,-8.4,-12.4,-18.2,0.0,0.0,0.07,0.0,15.3,38.5,2020-03-31,22,2020,3,1,91,0,True,0,1.0,6.123233995736766e-17,0.9999855506507186,0.005375731557583884,2,1.82,0.0,0.0,2.6,0.0,0.0,-4.7,4.1,4.1,1.8900000000000003,2.6000000000000054
71,-12.7,-9.8,-15.1,-21.2,0.0,0.0,0.42,0.0,15.5,33.5,2020-04-01,36,2020,4,2,92,0,True,0,0.8660254037844387,-0.4999999999999998,0.9999300657962057,-0.011826390691832589,2,0.07,1.82,0.0,0.0,2.6,0.0,-10.4,-4.7,4.1,2.3100000000000005,2.6000000000000054
3,-11.4,-7.2,-17.1,-21.6,0.0,0.0,0.0,0.0,14.3,29.9,2020-04-02,43,2020,4,3,93,0,True,0,0.8660254037844387,-0.4999999999999998,0.9995786855478958,-0.029025013321975237,2,0.42,0.07,1.82,0.0,0.0,2.6,-12.7,-10.4,-4.7,0.4900000000000002,0.0
71,-8.9,-5.2,-11.2,-16.1,0.5,0.0,0.98,4.0,14.6,29.2,2020-04-03,30,2020,4,4,94,0,True,0,0.8660254037844387,-0.4999999999999998,0.9989315138848577,-0.046215046983708354,2,0.0,0.42,0.07,0.0,0.0,0.0,-11.4,-12.7,-10.4,1.4000000000000001,0.5000000000000053
71,-7.5,-3.1,-11.9,-16.5,0.5,0.0,0.42,5.0,15.6,32.0,2020-04-04,24,2020,4,5,95,1,True,0,0.8660254037844387,-0.4999999999999998,0.9979887423155984,-0.06339140486951038,2,0.98,0.0,0.42,0.5,0.0,0.0,-8.9,-11.4,-12.7,1.4000000000000001,1.0000000000000053
71,-4.9,-1.3,-7.3,-12.2,0.0,0.0,0.07,0.0,16.2,42.5,2020-04-05,16,2020,4,6,96,1,True,0,0.8660254037844387,-0.4999999999999998,0.9967506498213929,-0.08054900421874167,2,0.42,0.98,0.0,0.5,0.5,0.0,-7.5,-8.9,-11.4,1.4700000000000002,1.0000000000000053
73,-0.9,6.2,-5.3,-9.7,0.6,0.0,0.77,3.0,16.5,39.2,2020-04-06,52,2020,4,0,97,0,True,1,0.8660254037844387,-0.4999999999999998,0.9952176027737294,-0.09768276782171598,2,0.07,0.42,0.98,0.0,0.5,0.5,-4.9,-7.5,-8.9,1.2600000000000002,1.1000000000000054
51,0.9,6.1,-2.5,-6.8,0.4,0.4,0.0,2.0,20.1,48.2,2020-04-07,59,2020,4,1,98,0,True,1,0.8660254037844387,-0.4999999999999998,0.9933900548258936,-0.11478762552212701,2,0.77,0.07,0.42,0.6,0.0,0.5,-0.9,-4.9,-7.5,0.8400000000000003,1.0000000000000053
3,0.2,5.2,-5.0,-9.4,0.0,0.0,0.0,0.0,11.0,26.3,2020-04-08,49,2020,4,2,99,0,True,1,0.8660254037844387,-0.4999999999999998,0.9912685467787256,-0.13185851571739118,2,0.0,0.77,0.07,0.4,0.6,0.0,0.9,-0.9,-4.9,0.7700000000000002,1.0000000000000053
3,4.2,14.6,-4.4,-8.7,0.0,0.0,0.0,0.0,12.1,23.4,2020-04-09,47,2020,4,3,100,0,True,1,0.8660254037844387,-0.4999999999999998,0.9888537064205885,-0.1488903868564548,2,0.0,0.0,0.77,0.0,0.4,0.6,0.2,0.9,-0.9,0.0,0.40000000000000535
73,0.9,4.0,-3.3,-6.8,2.6,0.3,1.68,12.0,16.4,33.5,2020-04-10,10,2020,4,4,101,0,True,1,0.8660254037844387,-0.4999999999999998,0.986146248341595,-0.16587819893463143,2,0.0,0.0,0.0,0.0,0.0,0.4,4.2,0.2,0.9,1.6800000000000002,2.6000000000000054
73,-4.7,-3.1,-8.4,-13.2,3.0,0.0,2.31,11.0,22.0,50.0,2020-04-11,23,2020,4,5,102,1,True,0,0.8660254037844387,-0.4999999999999998,0.9831469737221499,-0.1828169249850199,2,1.68,0.0,0.0,2.6,0.0,0.0,0.9,4.2,0.2,3.99,5.600000000000005
71,-5.9,-2.8,-8.9,-14.0,0.2,0.0,0.77,2.0,22.5,54.7,2020-04-12,26,2020,4,6,103,1,True,0,0.8660254037844387,-0.4999999999999998,0.9798567700958665,-0.1997015525660636,2,2.31,1.68,0.0,3.0,2.6,0.0,-4.7,0.9,4.2,4.76,5.800000000000005
3,-2.6,4.9,-10.0,-14.2,0.0,0.0,0.0,0.0,21.1,47.2,2020-04-13,49,2020,4,0,104,0,True,1,0.8660254037844387,-0.4999999999999998,0.9762766110869321,-0.21652708524481437,2,0.77,2.31,1.68,0.2,3.0,2.6,-5.9,-4.7,0.9,3.0800000000000005,3.2000000000000055
73,2.8,6.5,-0.5,-4.6,4.1,2.5,1.12,8.0,17.4,34.9,2020-04-14,32,2020,4,1,105,0,True,1,0.8660254037844387,-0.4999999999999998,0.9724075561219968,-0.23328854407545518,2,0.0,0.77,2.31,0.0,0.2,3.0,-2.6,-5.9,-4.7,1.8900000000000001,4.300000000000005
73,-0.5,1.6,-4.2,-8.3,3.5,0.2,2.59,12.0,22.0,45.4,2020-04-15,20,2020,4,2,106,0,True,1,0.8660254037844387,-0.4999999999999998,0.9682507501166718,-0.2499809690726521,2,1.12,0.0,0.77,4.1,0.0,0.2,2.8,-2.6,-5.9,3.71,7.600000000000005
3,2.5,11.2,-4.6,-8.4,0.0,0.0,0.0,0.0,12.6,23.4,2020-04-16,30,2020,4,3,107,0,True,1,0.8660254037844387,-0.4999999999999998,0.9638074231367307,-0.26659942067929354,2,2.59,1.12,0.0,3.5,4.1,0.0,-0.5,2.8,-2.6,3.71,7.600000000000005
51,6.3,12.2,2.2,-2.8,1.0,1.0,0.0,3.0,17.0,36.0,2020-04-17,25,2020,4,4,108,0,True,0,0.8660254037844387,-0.4999999999999998,0.9590788900341131,-0.28313898122818354,2,0.0,2.59,1.12,0.0,3.5,4.1,2.5,-0.5,2.8,2.59,4.500000000000005
71,2.6,5.4,-0.4,-4.5,0.6,0.2,0.63,4.0,14.4,35.3,2020-04-18,7,2020,4,5,109,1,True,1,0.8660254037844387,-0.4999999999999998,0.9540665500578387,-0.2995947563972602,2,0.0,0.0,2.59,1.0,0.0,3.5,6.3,2.5,-0.5,0.63,1.6000000000000054
3,6.6,15.3,-2.2,-6.4,0.0,0.0,0.0,0.0,15.0,36.0,2020-04-19,7,2020,4,6,110,1,True,1,0.8660254037844387,-0.4999999999999998,0.9487718864399473,-0.31596187665790293,2,0.63,0.0,0.0,0.6,1.0,0.0,2.6,6.3,2.5,0.63,1.6000000000000054
1,11.3,19.3,4.4,-0.1,0.0,0.0,0.0,0.0,14.8,32.4,2020-04-20,8,2020,4,0,111,0,True,0,0.8660254037844387,-0.4999999999999998,0.9431964659565866,-0.33223549871590435,2,0.0,0.63,0.0,0.0,0.6,1.0,6.6,2.6,6.3,0.63,0.6000000000000053
3,12.4,19.9,4.7,0.2,0.0,0.0,0.0,0.0,19.5,42.8,2020-04-21,2,2020,4,1,112,0,True,0,0.8660254037844387,-0.4999999999999998,0.9373419384643772,-0.3484108069446808,2,0.0,0.0,0.63,0.0,0.0,0.6,11.3,6.6,2.6,0.0,0.0
3,9.3,14.6,3.8,0.2,0.0,0.0,0.0,0.0,16.6,42.1,2020-04-22,5,2020,4,2,113,0,True,0,0.8660254037844387,-0.4999999999999998,0.9312100364121947,-0.3644830148102912,2,0.0,0.0,0.0,0.0,0.0,0.0,12.4,11.3,6.6,0.0,0.0
53,7.5,14.9,1.9,-2.2,1.3,1.3,0.0,2.0,16.8,36.7,2020-04-23,0,2020,4,3,114,0,True,0,0.8660254037844387,-0.4999999999999998,0.9248025743285089,-0.38044736628785164,2,0.0,0.0,0.0,0.0,0.0,0.0,9.3,12.4,11.3,0.0,1.3000000000000054
51,7.7,15.0,-0.2,-4.3,0.4,0.4,0.0,3.0,11.5,28.1,2020-04-24,2,2020,4,4,115,0,True,1,0.8660254037844387,-0.4999999999999998,0.9181214482844364,-0.39629913726891813,2,0.0,0.0,0.0,1.3,0.0,0.0,7.5,9.3,12.4,0.0,1.7000000000000055
3,8.6,15.8,-0.3,-4.5,0.0,0.0,0.0,0.0,20.1,46.4,2020-04-25,0,2020,4,5,116,1,True,1,0.8660254037844387,-0.4999999999999998,0.9111686353326631,-0.41203363695942635,2,0.0,0.0,0.0,0.4,1.3,0.0,7.7,7.5,9.3,0.0,1.7000000000000055
3,9.5,15.2,3.3,-2.5,0.0,0.0,0.0,0.0,22.4,46.8,2020-04-26,1,2020,4,6,117,1,True,0,0.8660254037844387,-0.4999999999999998,0.9039461929224011,-0.42764620926777464,2,0.0,0.0,0.0,0.0,0.4,1.3,8.6,7.7,7.5,0.0,0.40000000000000535
51,9.2,16.1,4.2,-0.1,0.2,0.2,0.0,1.0,20.6,50.8,2020-04-27,2,2020,4,0,118,0,True,0,0.8660254037844387,-0.4999999999999998,0.8964562582905575,-0.44313223418263453,2,0.0,0.0,0.0,0.0,0.0,0.4,9.5,8.6,7.7,0.0,0.20000000000000534
3,9.5,17.9,0.1,-4.4,0.0,0.0,0.0,0.0,13.6,34.9,2020-04-28,1,2020,4,1,119,0,True,0,0.8660254037844387,-0.4999999999999998,0.8887010478292915,-0.45848712914008766,2,0.0,0.0,0.0,0.2,0.0,0.0,9.2,9.5,8.6,0.0,0.20000000000000534
51,12.5,20.7,2.9,-0.5,0.6,0.6,0.0,2.0,17.4,41.0,2020-04-29,0,2020,4,2,120,0,True,0,0.8660254037844387,-0.4999999999999998,0.8806828564301475,-0.47370635037968,2,0.0,0.0,0.0,0.0,0.2,0.0,9.5,9.2,9.5,0.0,0.8000000000000054
51,12.3,19.2,5.6,2.2,0.1,0.1,0.0,1.0,17.4,42.1,2020-04-30,1,2020,4,3,121,0,True,0,0.8660254037844387,-0.4999999999999998,0.8724040568049612,-0.48878539428899265,2,0.0,0.0,0.0,0.6,0.0,0.2,12.5,9.5,9.2,0.0,0.7000000000000053
51,8.5,16.3,0.4,-2.7,0.2,0.2,0.0,1.0,7.2,21.2,2020-05-01,0,2020,5,4,122,0,False,0,0.49999999999999994,-0.8660254037844387,0.8638670987837349,-0.503719798736334,2,0.0,0.0,0.0,0.1,0.6,0.0,12.3,12.5,9.5,0.0,0.9000000000000054
3,10.4,19.8,-1.1,-5.2,0.0,0.0,0.0,0.0,14.7,35.3,2020-05-02,1,2020,5,5,123,1,False,1,0.49999999999999994,-0.8660254037844387,0.8550745085896932,-0.518505144391157,2,0.0,0.0,0.0,0.2,0.1,0.6,8.5,12.3,12.5,0.0,0.30000000000000526
3,9.4,16.6,3.0,-0.3,0.0,0.0,0.0,0.0,21.7,50.0,2020-05-03,0,2020,5,6,124,1,False,0,0.49999999999999994,-0.8660254037844387,0.8460288880917339,-0.533137056031809,2,0.0,0.0,0.0,0.0,0.2,0.1,10.4,8.5,12.3,0.0,0.20000000000000523
51,5.3,8.1,1.5,-1.5,1.4,1.4,0.0,8.0,21.5,51.8,2020-05-04,0,2020,5,0,125,0,False,0,0.49999999999999994,-0.8660254037844387,0.8367329140344921,-0.5476112038402312,2,0.0,0.0,0.0,0.0,0.0,0.2,9.4,10.4,8.5,0.0,1.4000000000000052
3,8.3,17.6,-1.8,-5.1,0.0,0.0,0.0,0.0,16.1,29.9,2020-05-05,0,2020,5,1,126,0,False,1,0.49999999999999994,-0.8660254037844387,0.8271893372462497,-0.5619233046832195,2,0.0,0.0,0.0,1.4,0.0,0.0,5.3,9.4,10.4,0.0,1.4000000000000052
53,9.1,16.4,0.4,-2.9,2.2,2.2,0.0,6.0,19.7,40.0,2020-05-06,0,2020,5,2,127,0,False,0,0.49999999999999994,-0.8660254037844387,0.8174009818249189,-0.5760691233798758,2,0.0,0.0,0.0,0.0,1.4,0.0,8.3,5.3,9.4,0.0,3.6000000000000054
55,10.2,17.0,4.7,1.7,5.9,5.9,0.0,8.0,15.8,29.9,2020-05-07,0,2020,5,3,128,0,False,0,0.49999999999999994,-0.8660254037844387,0.8073707443023492,-0.5900444739548627,2,0.0,0.0,0.0,2.2,0.0,1.4,9.1,8.3,5.3,0.0,8.100000000000005
51,6.7,9.9,1.6,-1.5,3.8,3.8,0.0,15.0,25.8,48.2,2020-05-08,0,2020,5,4,129,0,False,0,0.49999999999999994,-0.8660254037844387,0.7971015927871943,-0.6038452208771035,2,0.0,0.0,0.0,5.9,2.2,0.0,10.2,9.1,8.3,0.0,11.900000000000006
51,6.0,11.8,-0.8,-4.3,1.2,1.2,0.0,5.0,14.6,39.2,2020-05-09,0,2020,5,5,130,1,False,1,0.49999999999999994,-0.8660254037844387,0.7865965660866021,-0.6174672802835514,2,0.0,0.0,0.0,3.8,5.9,2.2,6.7,10.2,9.1,0.0,10.900000000000006
73,3.3,6.2,0.4,-3.2,2.7,0.9,1.33,10.0,17.6,38.9,2020-05-10,0,2020,5,6,131,1,False,0,0.49999999999999994,-0.8660254037844387,0.7758587728069828,-0.6309066211876704,2,0.0,0.0,0.0,1.2,3.8,5.9,6.0,6.7,10.2,1.33,7.7000000000000055
3,3.5,8.0,-2.3,-6.2,0.0,0.0,0.0,0.0,17.9,40.7,2020-05-11,0,2020,5,0,132,0,False,1,0.49999999999999994,-0.8660254037844387,0.7648913904341225,-0.6441592666722685,2,1.33,0.0,0.0,2.7,1.2,3.8,3.3,6.0,6.7,1.33,3.9000000000000057
3,5.3,9.4,0.7,-3.4,0.0,0.0,0.0,0.0,22.2,47.9,2020-05-12,1,2020,5,1,133,0,False,0,0.49999999999999994,-0.8660254037844387,0.753697664392914,-0.6572212950663319,2,0.0,1.33,0.0,0.0,2.7,1.2,3.5,3.3,6.0,1.33,2.7000000000000055
71,8.1,16.8,-0.1,-3.7,0.4,0.3,0.07,4.0,8.4,26.3,2020-05-13,0,2020,5,2,134,0,False,1,0.49999999999999994,-0.8660254037844387,0.742280907086982,-0.6700888411055113,2,0.0,0.0,1.33,0.0,0.0,2.7,5.3,3.5,3.3,0.07,0.40000000000000535
1,9.6,17.3,2.4,-2.3,0.0,0.0,0.0,0.0,22.3,50.8,2020-05-14,0,2020,5,3,135,0,False,0,0.49999999999999994,-0.8660254037844387,0.7306444969184916,-0.6827580970759147,2,0.07,0.0,0.0,0.4,0.0,0.0,8.1,5.3,3.5,0.07,0.40000000000000535
53,9.2,18.0,0.6,-3.3,0.8,0.8,0.0,1.0,11.4,29.5,2020-05-15,2,2020,5,4,136,0,False,0,0.49999999999999994,-0.8660254037844387,0.7187918772884232,-0.6952253139408722,2,0.0,0.07,0.0,0.0,0.4,0.0,9.6,8.1,5.3,0.07,1.2000000000000055
3,13.3,21.8,2.7,-0.8,0.0,0.0,0.0,0.0,15.9,38.2,2020-05-16,0,2020,5,5,137,1,False,0,0.49999999999999994,-0.8660254037844387,0.7067265555776158,-0.7074868024503348,2,0.0,0.0,0.07,0.8,0.0,0.4,9.2,9.6,8.1,0.0,0.8000000000000054
3,14.3,21.7,5.9,2.4,0.0,0.0,0.0,0.0,14.0,34.6,2020-05-17,0,2020,5,6,138,1,False,0,0.49999999999999994,-0.8660254037844387,0.6944521021088763,-0.719538934232584,2,0.0,0.0,0.0,0.0,0.8,0.0,13.3,9.2,9.6,0.0,0.8000000000000054
3,13.9,20.3,7.2,4.6,0.0,0.0,0.0,0.0,12.3,24.5,2020-05-18,0,2020,5,0,139,0,False,0,0.49999999999999994,-0.8660254037844387,0.6819721490904629,-0.7313781428679254,2,0.0,0.0,0.0,0.0,0.0,0.8,14.3,13.3,9.2,0.0,0.0
53,11.6,14.9,8.8,6.4,2.3,2.3,0.0,7.0,19.7,39.2,2020-05-19,0,2020,5,1,140,0,False,0,0.49999999999999994,-0.8660254037844387,0.6692903895412567,-0.7430009249440493,2,0.0,0.0,0.0,0.0,0.0,0.0,13.9,14.3,13.3,0.0,2.300000000000005
61,9.1,11.0,7.3,5.5,11.0,11.0,0.0,13.0,10.1,25.9,2020-05-20,0,2020,5,2,141,0,False,0,0.49999999999999994,-0.8660254037844387,0.6564105761979381,-0.7544038410927472,2,0.0,0.0,0.0,2.3,0.0,0.0,11.6,13.9,14.3,0.0,13.300000000000004
73,6.0,7.8,4.2,-0.3,49.9,49.0,0.63,23.0,24.7,44.6,2020-05-21,0,2020,5,3,142,0,False,0,0.49999999999999994,-0.8660254037844387,0.6433365204044917,-0.765583517007675,2,0.0,0.0,0.0,11.0,2.3,0.0,9.1,11.6,13.9,0.63,63.2
53,4.3,6.5,2.7,0.2,8.1,8.1,0.0,24.0,12.3,27.4,2020-05-22,0,2020,5,4,143,0,False,0,0.49999999999999994,-0.8660254037844387,0.6300720909843687,-0.7765366444428655,2,0.63,0.0,0.0,49.9,11.0,2.3,6.0,9.1,11.6,0.63,69.0
51,8.3,14.3,3.3,0.8,0.4,0.4,0.0,4.0,13.8,30.6,2020-05-23,0,2020,5,5,144,1,False,0,0.49999999999999994,-0.8660254037844387,0.6166212130956382,-0.7872599821916922,2,0.0,0.63,0.0,8.1,49.9,11.0,4.3,6.0,9.1,0.63,58.400000000000006
3,12.5,20.3,3.1,-0.1,0.0,0.0,0.0,0.0,10.6,20.2,2020-05-24,0,2020,5,6,145,1,False,0,0.49999999999999994,-0.8660254037844387,0.6029878670694714,-0.7977503570459932,2,0.0,0.0,0.63,0.4,8.1,49.9,8.3,4.3,6.0,0.0,8.5
3,13.8,19.7,6.2,2.9,0.0,0.0,0.0,0.0,13.7,32.4,2020-05-25,0,2020,5,0,146,0,False,0,0.49999999999999994,-0.8660254037844387,0.5891760872322963,-0.8080046647350754,2,0.0,0.0,0.0,0.0,0.4,8.1,12.5,8.3,4.3,0.0,0.4
53,10.6,16.3,4.5,2.1,1.5,1.5,0.0,3.0,21.6,49.0,2020-05-26,1,2020,5,1,147,0,False,0,0.49999999999999994,-0.8660254037844387,0.5751899607119775,-0.8180198708443174,2,0.0,0.0,0.0,0.0,0.0,0.4,13.8,12.5,8.3,0.0,1.5
3,10.0,17.2,1.5,-1.9,0.0,0.0,0.0,0.0,13.2,31.0,2020-05-27,0,2020,5,2,148,0,False,0,0.49999999999999994,-0.8660254037844387,0.5610336262283677,-0.8277930117131022,2,0.0,0.0,0.0,1.5,0.0,0.0,10.6,13.8,12.5,0.0,1.5
3,12.1,19.7,2.0,-1.4,0.0,0.0,0.0,0.0,19.5,43.9,2020-05-28,0,2020,5,3,149,0,False,0,0.49999999999999994,-0.8660254037844387,0.5467112728685939,-0.8373211953118121,2,0.0,0.0,0.0,0.0,1.5,0.0,10.0,10.6,13.8,0.0,1.5
3,15.1,21.8,7.4,5.5,0.0,0.0,0.0,0.0,12.1,26.6,2020-05-29,0,2020,5,4,150,0,False,0,0.49999999999999994,-0.8660254037844387,0.5322271388474397,-0.8466016020976267,2,0.0,0.0,0.0,0.0,0.0,1.5,12.1,10.0,10.6,0.0,0.0
3,17.8,25.5,8.4,7.0,0.0,0.0,0.0,0.0,23.3,46.8,2020-05-30,0,2020,5,5,151,1,False,0,0.49999999999999994,-0.8660254037844387,0.5175855102531889,-0.8556314858488706,2,0.0,0.0,0.0,0.0,0.0,0.0,15.1,12.1,10.0,0.0,0.0
63,14.6,19.2,10.1,8.0,24.2,24.2,0.0,11.0,25.4,58.3,2020-05-31,0,2020,5,6,152,1,False,0,0.49999999999999994,-0.8660254037844387,0.5027907197793043,-0.8644081744776648,2,0.0,0.0,0.0,0.0,0.0,0.0,17.8,15.1,12.1,0.0,24.2
53,12.5,17.9,7.0,3.6,0.8,0.8,0.0,4.0,14.4,37.4,2020-06-01,0,2020,6,0,153,0,False,0,1.2246467991473532e-16,-1.0,0.4878471454423119,-0.8729290708206411,2,0.0,0.0,0.0,24.2,0.0,0.0,14.6,17.8,15.1,0.0,25.0
3,13.7,21.8,4.5,0.8,0.0,0.0,0.0,0.0,15.1,36.4,2020-06-02,1,2020,6,1,154,0,False,0,1.2246467991473532e-16,-1.0,0.47275920928627757,-0.881191653407483,2,0.0,0.0,0.0,0.8,24.2,0.0,12.5,14.6,17.8,0.0,25.0
53,12.8,18.3,6.0,3.3,0.9,0.9,0.0,2.0,17.7,40.0,2020-06-03,2,2020,6,2,155,0,False,0,1.2246467991473532e-16,-1.0,0.4575313760742512,-0.8891934772070711,2,0.0,0.0,0.0,0.0,0.8,24.2,13.7,12.5,14.6,0.0,1.7000000000000002
51,10.7,16.4,3.8,1.0,0.3,0.3,0.0,1.0,8.9,23.4,2020-06-04,0,2020,6,3,156,0,False,0,1.2246467991473532e-16,-1.0,0.44216815196707204,-0.8969321743510065,2,0.0,0.0,0.0,0.9,0.0,0.8,12.8,13.7,12.5,0.0,1.2
51,11.1,18.0,2.2,-0.6,0.4,0.4,0.0,2.0,19.1,42.5,2020-06-05,1,2020,6,4,157,0,False,0,1.2246467991473532e-16,-1.0,0.42667408318992467,-0.9044054548343001,2,0.0,0.0,0.0,0.3,0.9,0.0,10.7,12.8,13.7,0.0,1.6
61,13.2,18.9,8.6,6.5,5.9,5.9,0.0,5.0,13.1,35.6,2020-06-06,0,2020,6,5,158,1,False,0,1.2246467991473532e-16,-1.0,0.4110537546870351,-0.9116111071930239,2,0.0,0.0,0.0,0.4,0.3,0.9,11.1,10.7,12.8,0.0,6.6000000000000005
61,9.2,11.9,6.2,3.8,18.0,18.0,0.0,22.0,24.0,48.2,2020-06-07,1,2020,6,6,159,1,False,0,1.2246467991473532e-16,-1.0,0.3953117887649151,-0.9185469991587165,2,0.0,0.0,0.0,5.9,0.4,0.3,13.2,11.1,10.7,0.0,24.3
53,10.7,16.3,4.4,1.9,0.5,0.5,0.0,1.0,12.8,25.2,2020-06-08,0,2020,6,0,160,0,False,0,1.2246467991473532e-16,-1.0,0.37945284372454435,-0.925211078289358,2,0.0,0.0,0.0,18.0,5.9,0.4,9.2,13.2,11.1,0.0,24.400000000000002
3,12.1,17.8,6.0,2.4,0.0,0.0,0.0,0.0,16.2,36.7,2020-06-09,0,2020,6,1,161,0,False,0,1.2246467991473532e-16,-1.0,0.36348161248290634,-0.9316013725767187,2,0.0,0.0,0.0,0.5,18.0,5.9,10.7,9.2,13.2,0.0,18.5
2,15.4,22.4,7.4,3.7,0.0,0.0,0.0,0.0,13.4,30.6,2020-06-10,0,2020,6,2,162,0,False,0,1.2246467991473532e-16,-1.0,0.3474028211842774,-0.9377159910299093,2,0.0,0.0,0.0,0.0,0.5,18.0,12.1,10.7,9.2,0.0,0.5
51,16.8,22.9,8.6,5.4,0.1,0.1,0.0,1.0,12.9,27.7,2020-06-11,1,2020,6,3,163,0,False,0,1.2246467991473532e-16,-1.0,0.3312212278016865,-0.9435531242349544,2,0.0,0.0,0.0,0.0,0.0,0.5,15.4,12.1,10.7,0.0,0.1
3,18.2,26.5,10.1,7.9,0.0,0.0,0.0,0.0,17.7,40.3,2020-06-12,1,2020,6,4,164,0,False,0,1.2246467991473532e-16,-1.0,0.31494162072895193,-0.9491110448902284,2,0.0,0.0,0.0,0.1,0.0,0.0,16.8,15.4,12.1,0.0,0.1
63,14.9,20.0,10.2,8.3,13.8,13.8,0.0,7.0,16.7,38.2,2020-06-13,0,2020,6,5,165,1,False,0,1.2246467991473532e-16,-1.0,0.2985688173637202,-0.9543881083175908,2,0.0,0.0,0.0,0.0,0.1,0.0,18.2,16.8,15.4,0.0,13.9
51,13.4,19.0,8.2,5.8,1.9,1.9,0.0,7.0,15.9,38.5,2020-06-14,1,2020,6,6,166,1,False,0,1.2246467991473532e-16,-1.0,0.2821076626819194,-0.9593827529490743,2,0.0,0.0,0.0,13.8,0.0,0.1,14.9,18.2,16.8,0.0,15.700000000000001
51,14.2,19.1,9.9,6.4,0.1,0.1,0.0,1.0,18.5,38.9,2020-06-15,0,2020,6,0,167,0,False,0,1.2246467991473532e-16,-1.0,0.26556302780405594,-0.9640935007889755,2,0.0,0.0,0.0,1.9,13.8,0.0,13.4,14.9,18.2,0.0,15.8
53,13.5,18.0,8.1,4.4,0.8,0.8,0.0,2.0,14.1,36.4,2020-06-16,0,2020,6,1,168,0,False,0,1.2246467991473532e-16,-1.0,0.24893980855376657,-0.9685189578512204,2,0.0,0.0,0.0,0.1,1.9,13.8,14.2,13.4,14.9,0.0,2.8
61,11.4,14.4,9.3,6.6,7.3,7.3,0.0,13.0,24.1,53.6,2020-06-17,0,2020,6,2,169,0,False,0,1.2246467991473532e-16,-1.0,0.23224292400907015,-0.9726578145718654,2,0.0,0.0,0.0,0.8,0.1,1.9,13.5,14.2,13.4,0.0,8.2
51,11.4,15.3,8.3,6.6,0.8,0.8,0.0,3.0,14.8,34.2,2020-06-18,0,2020,6,3,170,0,False,0,1.2246467991473532e-16,-1.0,0.21547731504673012,-0.976508846196619,2,0.0,0.0,0.0,7.3,0.8,0.1,11.4,13.5,14.2,0.0,8.9
53,14.2,21.1,6.3,4.5,0.5,0.5,0.0,1.0,9.2,31.3,2020-06-19,0,2020,6,4,171,0,False,0,1.2246467991473532e-16,-1.0,0.19864794288017112,-0.9800709131432666,2,0.0,0.0,0.0,0.8,7.3,0.8,11.4,11.4,13.5,0.0,8.6
53,16.2,23.8,8.0,6.1,1.0,1.0,0.0,2.0,8.7,24.5,2020-06-20,0,2020,6,5,172,1,False,0,1.2246467991473532e-16,-1.0,0.18175978759137534,-0.9833429613388902,2,0.0,0.0,0.0,0.5,0.8,7.3,14.2,11.4,11.4,0.0,2.3
55,16.7,21.8,11.3,10.5,2.9,2.9,0.0,4.0,12.9,29.9,2020-06-21,0,2020,6,6,173,1,False,0,1.2246467991473532e-16,-1.0,0.16481784665719793,-0.9863240225317866,2,0.0,0.0,0.0,1.0,0.5,0.8,16.2,14.2,11.4,0.0,4.4
3,17.5,24.6,9.0,7.3,0.0,0.0,0.0,0.0,10.5,22.3,2020-06-22,1,2020,6,0,174,0,False,0,1.2246467991473532e-16,-1.0,0.14782713347053048,-0.9890132145779883,2,0.0,0.0,0.0,2.9,1.0,0.5,16.7,16.2,14.2,0.0,3.9000000000000004
53,19.7,26.4,12.6,11.2,0.6,0.6,0.0,1.0,13.0,33.8,2020-06-23,0,2020,6,1,175,0,False,0,1.2246467991473532e-16,-1.0,0.13079267585675922,-0.9914097417023038,2,0.0,0.0,0.0,0.0,2.9,1.0,17.5,16.7,16.2,0.0,3.5000000000000004
63,16.2,20.1,11.8,11.1,9.3,9.3,0.0,8.0,12.6,31.3,2020-06-24,1,2020,6,2,176,0,False,0,1.2246467991473532e-16,-1.0,0.11371951458594969,-0.9935128947338007,2,0.0,0.0,0.0,0.6,0.0,2.9,19.7,17.5,16.7,0.0,9.900000000000002
3,17.2,24.4,8.7,7.2,0.0,0.0,0.0,0.0,15.5,32.0,2020-06-25,0,2020,6,3,177,0,False,0,1.2246467991473532e-16,-1.0,0.0966127018812031,-0.9953220513156602,2,0.0,0.0,0.0,9.3,0.6,0.0,16.2,19.7,17.5,0.0,9.900000000000002
53,17.7,25.6,12.2,10.2,1.5,1.5,0.0,6.0,16.7,38.5,2020-06-26,0,2020,6,4,178,0,False,0,1.2246467991473532e-16,-1.0,0.07947729992362097,-0.9968366760893436,2,0.0,0.0,0.0,0.0,9.3,0.6,17.2,16.2,19.7,0.0,10.800000000000002
63,13.3,17.9,9.6,8.1,10.2,10.2,0.0,14.0,12.3,36.0,2020-06-27,0,2020,6,5,179,1,False,0,1.2246467991473532e-16,-1.0,0.062318379354325076,-0.998056320853012,2,0.0,0.0,0.0,1.5,0.0,9.3,17.7,17.2,16.2,0.0,11.700000000000001
61,10.3,13.0,8.1,5.8,15.7,15.7,0.0,21.0,16.9,37.8,2020-06-28,0,2020,6,6,180,1,False,0,1.2246467991473532e-16,-1.0,0.04514101777397193,-0.9989806246941579,2,0.0,0.0,0.0,10.2,1.5,0.0,13.3,17.7,17.2,0.0,27.4
51,12.6,16.2,10.2,7.6,1.8,1.8,0.0,13.0,19.6,38.9,2020-06-29,1,2020,6,0,181,0,False,0,1.2246467991473532e-16,-1.0,0.02795029824021032,-0.999609314096404,2,0.0,0.0,0.0,15.7,10.2,1.5,10.3,13.3,17.7,0.0,27.7
63,11.3,12.6,9.8,6.4,44.1,44.1,0.0,22.0,21.9,45.0,2020-06-30,0,2020,6,1,182,0,False,0,1.2246467991473532e-16,-1.0,0.01075130776352193,-0.9999422030204416,2,0.0,0.0,0.0,1.8,15.7,10.2,12.6,10.3,13.3,0.0,61.6
55,13.3,19.2,9.5,6.7,4.0,4.0,0.0,10.0,19.9,39.6,2020-07-01,0,2020,7,2,183,0,False,0,-0.4999999999999997,-0.8660254037844388,-0.00645086419810515,-0.9999791929590823,2,0.0,0.0,0.0,44.1,1.8,15.7,11.3,12.6,10.3,0.0,49.900000000000006
51,14.4,20.0,9.7,7.1,0.9,0.9,0.0,5.0,20.2,40.7,2020-07-02,0,2020,7,3,184,0,False,0,-0.4999999999999997,-0.8660254037844388,-0.023651127245231586,-0.9997202729664083,2,0.0,0.0,0.0,4.0,44.1,1.8,13.3,11.3,12.6,0.0,49.0
51,15.9,23.5,7.8,5.1,0.1,0.1,0.0,1.0,14.8,32.8,2020-07-03,0,2020,7,4,185,0,False,0,-0.4999999999999997,-0.8660254037844388,-0.04084439154329611,-0.9991655196610109,2,0.0,0.0,0.0,0.9,4.0,44.1,14.4,13.3,11.3,0.0,5.0
53,14.7,19.3,8.3,5.7,1.0,1.0,0.0,2.0,14.4,28.1,2020-07-04,0,2020,7,5,186,1,False,0,-0.4999999999999997,-0.8660254037844388,-0.05802556932878035,-0.9983150972033183,2,0.0,0.0,0.0,0.1,0.9,4.0,15.9,14.4,13.3,0.0,2.0
51,14.2,20.5,5.5,3.6,0.1,0.1,0.0,1.0,9.4,20.2,2020-07-05,0,2020,7,6,187,1,False,0,-0.4999999999999997,-0.8660254037844388,-0.07518957641475855,-0.9971692572470178,2,0.0,0.0,0.0,1.0,0.1,0.9,14.7,15.9,14.4,0.0,1.2000000000000002
2,15.7,22.5,7.9,6.7,0.0,0.0,0.0,0.0,9.8,24.1,2020-07-06,0,2020,7,0,188,0,False,0,-0.4999999999999997,-0.8660254037844388,-0.09233133369539122,-0.9957283388645872,2,0.0,0.0,0.0,0.1,1.0,0.1,14.2,14.7,15.9,0.0,1.1
63,13.7,18.2,9.7,8.1,5.9,5.9,0.0,8.0,16.9,32.0,2020-07-07,0,2020,7,1,189,0,False,0,-0.4999999999999997,-0.8660254037844388,-0.10944576864891556,-0.993992768446958,2,0.0,0.0,0.0,0.0,0.1,1.0,15.7,14.2,14.7,0.0,6.0
61,13.1,16.8,10.3,7.0,7.9,7.9,0.0,14.0,25.6,54.4,2020-07-08,0,2020,7,2,190,0,False,0,-0.4999999999999997,-0.8660254037844388,-0.12652781683868314,-0.9919630595773397,2,0.0,0.0,0.0,5.9,0.0,0.1,13.7,15.7,14.2,0.0,13.8
51,14.8,21.3,7.3,5.8,0.4,0.4,0.0,1.0,12.2,29.9,2020-07-09,1,2020,7,3,191,0,False,0,-0.4999999999999997,-0.8660254037844388,-0.1435724234118113,-0.9896398128792412,2,0.0,0.0,0.0,7.9,5.9,0.0,13.1,13.7,15.7,0.0,14.200000000000001
3,16.0,22.5,9.0,6.9,0.0,0.0,0.0,0.0,11.9,22.0,2020-07-10,0,2020,7,4,192,0,False,0,-0.4999999999999997,-0.8660254037844388,-0.16057454459499376,-0.9870237158387383,2,0.0,0.0,0.0,0.4,7.9,5.9,14.8,13.1,13.7,0.0,8.3
3,17.0,24.2,7.3,5.3,0.0,0.0,0.0,0.0,16.0,36.7,2020-07-11,1,2020,7,5,193,1,False,0,-0.4999999999999997,-0.8660254037844388,-0.17752914918703497,-0.984115542601034,2,0.0,0.0,0.0,0.0,0.4,7.9,16.0,14.8,13.1,0.0,0.4
63,14.8,18.6,9.2,7.5,5.3,5.3,0.0,5.0,12.9,32.8,2020-07-12,0,2020,7,6,194,1,False,0,-0.4999999999999997,-0.8660254037844388,-0.19443122004766195,-0.9809161537413774,2,0.0,0.0,0.0,0.0,0.0,0.4,17.0,16.0,14.8,0.0,5.3
53,12.6,17.9,7.3,4.6,0.9,0.9,0.0,1.0,12.9,33.1,2020-07-13,0,2020,7,0,195,0,False,0,-0.4999999999999997,-0.8660254037844388,-0.2112757555821793,-0.9774264960104055,2,0.0,0.0,0.0,5.3,0.0,0.0,14.8,17.0,16.0,0.0,6.2
2,15.3,22.7,7.3,3.4,0.0,0.0,0.0,0.0,14.8,30.2,2020-07-14,0,2020,7,1,196,0,False,0,-0.4999999999999997,-0.8660254037844388,-0.2280577712215198,-0.9736476020539838,2,0.0,0.0,0.0,0.9,5.3,0.0,12.6,14.8,17.0,0.0,6.2
61,16.2,22.9,10.0,7.1,3.5,3.5,0.0,5.0,13.7,30.6,2020-07-15,1,2020,7,2,197,0,False,0,-0.4999999999999997,-0.8660254037844388,-0.24477230089725957,-0.9695805901076308,2,0.0,0.0,0.0,0.0,0.9,5.3,15.3,12.6,14.8,0.0,4.4
55,17.6,25.6,9.9,8.4,1.2,1.2,0.0,1.0,12.3,32.4,2020-07-16,0,2020,7,3,198,0,False,0,-0.4999999999999997,-0.8660254037844388,-0.2614143985111562,-0.965226663665613,2,0.0,0.0,0.0,3.5,0.0,0.9,16.2,15.3,12.6,0.0,4.7
53,15.7,21.0,9.7,8.8,1.2,1.2,0.0,2.0,18.0,22.3,2020-07-17,0,2020,7,4,199,0,False,0,-0.4999999999999997,-0.8660254037844388,-0.2779791393987801,-0.9605871111248129,2,0.0,0.0,0.0,1.2,3.5,0.0,17.6,16.2,15.3,0.0,5.9
61,15.8,22.8,8.7,6.8,1.5,1.5,0.0,1.0,10.9,28.1,2020-07-18,0,2020,7,5,200,1,False,0,-0.4999999999999997,-0.8660254037844388,-0.2944616217868012,-0.9556633054034704,2,0.0,0.0,0.0,1.2,1.2,3.5,15.7,17.6,16.2,0.0,3.9
61,15.4,20.7,10.7,10.1,5.7,5.7,0.0,10.0,10.2,27.4,2020-07-19,0,2020,7,6,201,1,False,0,-0.4999999999999997,-0.8660254037844388,-0.3108569682435036,-0.9504567035349151,2,0.0,0.0,0.0,1.5,1.2,1.2,15.8,15.7,17.6,0.0,8.4
2,16.2,22.8,8.4,6.4,0.0,0.0,0.0,0.0,12.1,26.6,2020-07-20,1,2020,7,0,202,0,False,0,-0.4999999999999997,-0.8660254037844388,-0.3271603271220951,-0.9449688462364056,2,0.0,0.0,0.0,5.7,1.5,1.2,15.4,15.8,15.7,0.0,7.2
3,18.0,26.3,9.5,8.5,0.0,0.0,0.0,0.0,12.1,27.4,2020-07-21,1,2020,7,1,203,0,False,0,-0.4999999999999997,-0.8660254037844388,-0.34336687399638804,-0.939201357453208,2,0.0,0.0,0.0,0.0,5.7,1.5,16.2,15.4,15.8,0.0,5.7
51,18.8,25.0,12.4,11.7,0.5,0.5,0.0,2.0,12.0,28.4,2020-07-22,0,2020,7,2,204,0,False,0,-0.4999999999999997,-0.8660254037844388,-0.3594718130884232,-0.9331559438780432,2,0.0,0.0,0.0,0.0,0.0,5.7,18.0,16.2,15.4,0.0,0.5
61,18.3,25.8,12.3,11.3,3.9,3.9,0.0,7.0,16.1,39.6,2020-07-23,0,2020,7,3,205,0,False,0,-0.4999999999999997,-0.8660254037844388,-0.3754703786876202,-0.9268343944460494,2,0.0,0.0,0.0,0.5,0.0,0.0,18.8,18.0,16.2,0.0,4.4
61,13.6,20.2,8.9,7.8,4.7,4.7,0.0,6.0,11.1,29.2,2020-07-24,0,2020,7,4,206,0,False,0,-0.4999999999999997,-0.8660254037844388,-0.3913578365610259,-0.9202385798054075,2,0.0,0.0,0.0,3.9,0.5,0.0,18.3,18.8,18.0,0.0,9.1
3,14.0,21.5,5.7,3.3,0.0,0.0,0.0,0.0,14.1,31.0,2020-07-25,0,2020,7,5,207,1,False,0,-0.4999999999999997,-0.8660254037844388,-0.4071294853542516,-0.9133704517637858,2,0.0,0.0,0.0,4.7,3.9,0.5,13.6,18.3,18.8,0.0,8.6
2,16.0,23.5,7.6,5.0,0.0,0.0,0.0,0.0,11.6,20.5,2020-07-26,0,2020,7,6,208,1,False,0,-0.4999999999999997,-0.8660254037844388,-0.4227806579826773,-0.9062320427107697,2,0.0,0.0,0.0,0.0,4.7,3.9,14.0,13.6,18.3,0.0,4.699999999999999
1,18.8,27.5,9.2,7.7,0.0,0.0,0.0,0.0,16.2,36.4,2020-07-27,0,2020,7,0,209,0,False,0,-0.4999999999999997,-0.8660254037844388,-0.4383067230125192,-0.898825465016444,2,0.0,0.0,0.0,0.0,0.0,4.7,16.0,14.0,13.6,0.0,0.0
3,21.3,32.0,10.6,9.6,0.0,0.0,0.0,0.0,11.6,21.6,2020-07-28,0,2020,7,1,210,0,False,0,-0.4999999999999997,-0.8660254037844388,-0.45370308603134424,-0.8911529104063088,2,0.0,0.0,0.0,0.0,0.0,0.0,18.8,16.0,14.0,0.0,0.0
3,21.3,28.2,14.9,13.8,0.0,0.0,0.0,0.0,16.3,31.0,2020-07-29,0,2020,7,2,211,0,False,0,-0.4999999999999997,-0.8660254037844388,-0.46896519100763184,-0.8832166493127127,2,0.0,0.0,0.0,0.0,0.0,0.0,21.3,18.8,16.0,0.0,0.0
53,21.0,27.0,16.0,15.6,0.6,0.6,0.0,1.0,17.0,32.4,2020-07-30,0,2020,7,3,212,0,False,0,-0.4999999999999997,-0.8660254037844388,-0.48408852163897587,-0.8750190302029955,2,0.0,0.0,0.0,0.0,0.0,0.0,21.3,21.3,18.8,0.0,0.6
51,21.0,27.1,15.3,15.8,0.4,0.4,0.0,1.0,16.9,37.4,2020-07-31,0,2020,7,4,213,0,False,0,-0.4999999999999997,-0.8660254037844388,-0.4990686026885319,-0.8665624788845385,2,0.0,0.0,0.0,0.6,0.0,0.0,21.0,21.3,21.3,0.0,1.0
3,20.4,27.5,13.9,12.9,0.0,0.0,0.0,0.0,19.1,42.8,2020-08-01,0,2020,8,5,214,1,False,0,-0.8660254037844385,-0.5000000000000004,-0.5139010013093103,-0.8578494977869301,2,0.0,0.0,0.0,0.4,0.6,0.0,21.0,21.0,21.3,0.0,1.0
3,22.0,29.1,14.6,14.1,0.0,0.0,0.0,0.0,12.8,33.1,2020-08-02,0,2020,8,6,215,1,False,0,-0.8660254037844385,-0.5000000000000004,-0.5285813283559292,-0.8488826652214553,2,0.0,0.0,0.0,0.0,0.4,0.6,20.4,21.0,21.0,0.0,0.4
55,18.5,27.9,10.4,9.4,1.1,1.1,0.0,1.0,21.3,45.7,2020-08-03,0,2020,8,0,216,0,False,0,-0.8660254037844385,-0.5000000000000004,-0.5431052396834317,-0.8396646346181327,2,0.0,0.0,0.0,0.0,0.0,0.4,22.0,20.4,21.0,0.0,1.1
1,17.8,27.2,8.8,7.5,0.0,0.0,0.0,0.0,12.2,29.2,2020-08-04,0,2020,8,1,217,0,False,0,-0.8660254037844385,-0.5000000000000004,-0.5574684374327892,-0.8301981337405212,2,0.0,0.0,0.0,1.1,0.0,0.0,18.5,22.0,20.4,0.0,1.1
1,19.9,29.6,9.4,8.2,0.0,0.0,0.0,0.0,16.5,40.3,2020-08-05,0,2020,8,2,218,0,False,0,-0.8660254037844385,-0.5000000000000004,-0.5716666713027052,-0.8204859638785327,2,0.0,0.0,0.0,0.0,1.1,0.0,17.8,18.5,22.0,0.0,1.1
3,20.3,28.3,11.1,9.3,0.0,0.0,0.0,0.0,19.8,47.2,2020-08-06,0,2020,8,3,219,0,False,0,-0.8660254037844385,-0.5000000000000004,-0.5856957398073508,-0.8105309990194823,2,0.0,0.0,0.0,0.0,0.0,1.1,19.9,17.8,18.5,0.0,0.0
61,15.0,21.1,10.5,8.8,6.5,6.5,0.0,7.0,17.4,37.4,2020-08-07,0,2020,8,4,220,0,False,0,-0.8660254037844385,-0.5000000000000004,-0.5995514915196489,-0.8003361849976323,2,0.0,0.0,0.0,0.0,0.0,0.0,20.3,19.9,17.8,0.0,6.5
55,14.4,21.6,8.2,6.2,1.5,1.5,0.0,2.0,22.5,46.4,2020-08-08,0,2020,8,5,221,1,False,0,-0.8660254037844385,-0.5000000000000004,-0.6132298262997502,-0.7899045386224707,2,0.0,0.0,0.0,6.5,0.0,0.0,15.0,20.3,19.9,0.0,8.0
2,13.4,22.0,4.3,1.3,0.0,0.0,0.0,0.0,12.6,31.3,2020-08-09,0,2020,8,6,222,1,False,0,-0.8660254037844385,-0.5000000000000004,-0.6267266965083301,-0.7792391467859886,2,0.0,0.0,0.0,1.5,6.5,0.0,14.4,15.0,20.3,0.0,8.0
51,17.4,26.2,9.5,6.2,0.1,0.1,0.0,1.0,14.1,25.6,2020-08-10,0,2020,8,0,223,0,False,0,-0.8660254037844385,-0.5000000000000004,-0.6400381082043503,-0.7683431655492202,2,0.0,0.0,0.0,0.0,1.5,6.5,13.4,14.4,15.0,0.0,1.6
51,15.5,22.8,8.5,7.4,0.2,0.2,0.0,1.0,16.1,40.0,2020-08-11,0,2020,8,1,224,0,False,0,-0.8660254037844385,-0.5000000000000004,-0.65316012232693,-0.7572198192083127,2,0.0,0.0,0.0,0.1,0.0,1.5,17.4,13.4,14.4,0.0,0.30000000000000004
61,13.5,19.3,8.0,6.2,3.5,3.5,0.0,5.0,21.0,39.6,2020-08-12,0,2020,8,2,225,0,False,0,-0.8660254037844385,-0.5000000000000004,-0.666088855860977,-0.7458723993404063,2,0.0,0.0,0.0,0.2,0.1,0.0,15.5,17.4,13.4,0.0,3.8
2,13.8,21.8,4.4,1.9,0.0,0.0,0.0,0.0,11.6,25.6,2020-08-13,0,2020,8,3,226,0,False,0,-0.8660254037844385,-0.5000000000000004,-0.6788204829862355,-0.734304263829602,2,0.0,0.0,0.0,3.5,0.2,0.1,13.5,15.5,17.4,0.0,3.6999999999999997
3,15.2,22.7,6.9,3.6,0.0,0.0,0.0,0.0,15.6,33.1,2020-08-14,0,2020,8,4,227,0,False,0,-0.8660254037844385,-0.5000000000000004,-0.6913512362094071,-0.722518835873311,2,0.0,0.0,0.0,0.0,3.5,0.2,13.8,13.5,15.5,0.0,3.5
3,18.7,27.8,10.6,9.5,0.0,0.0,0.0,0.0,16.9,38.9,2020-08-15,0,2020,8,5,228,1,False,0,-0.8660254037844385,-0.5000000000000004,-0.7036774074790128,-0.7105196029692745,2,0.0,0.0,0.0,0.0,0.0,3.5,15.2,13.8,13.5,0.0,0.0
3,20.7,32.3,8.8,7.2,0.0,0.0,0.0,0.0,11.6,29.2,2020-08-16,0,2020,8,6,229,1,False,0,-0.8660254037844385,-0.5000000000000004,-0.7157953492826642,-0.6983101158835584,2,0.0,0.0,0.0,0.0,0.0,0.0,18.7,15.2,13.8,0.0,0.0
3,22.8,33.6,13.4,11.9,0.0,0.0,0.0,0.0,18.3,42.5,2020-08-17,0,2020,8,0,230,0,False,0,-0.8660254037844385,-0.5000000000000004,-0.7277014757264236,-0.6858939875998223,2,0.0,0.0,0.0,0.0,0.0,0.0,20.7,18.7,15.2,0.0,0.0
3,23.7,34.8,14.0,12.7,0.0,0.0,0.0,0.0,17.9,31.0,2020-08-18,0,2020,8,1,231,0,False,0,-0.8660254037844385,-0.5000000000000004,-0.7393922635959241,-0.673274892250183,2,0.0,0.0,0.0,0.0,0.0,0.0,22.8,20.7,18.7,0.0,0.0
3,20.0,28.7,11.6,9.1,0.0,0.0,0.0,0.0,15.1,32.4,2020-08-19,0,2020,8,2,232,0,False,0,-0.8660254037844385,-0.5000000000000004,-0.7508642533989489,-0.6604565640279754,2,0.0,0.0,0.0,0.0,0.0,0.0,23.7,22.8,20.7,0.0,0.0
51,18.9,26.5,13.3,12.5,0.5,0.5,0.0,2.0,13.8,26.6,2020-08-20,0,2020,8,3,233,0,False,0,-0.8660254037844385,-0.5000000000000004,-0.7621140503891487,-0.6474427960827475,2,0.0,0.0,0.0,0.0,0.0,0.0,20.0,23.7,22.8,0.0,0.5
3,18.9,29.5,9.8,9.4,0.0,0.0,0.0,0.0,13.6,33.8,2020-08-21,0,2020,8,4,234,0,False,0,-0.8660254037844385,-0.5000000000000004,-0.7731383255706026,-0.6342374393978054,2,0.0,0.0,0.0,0.5,0.0,0.0,18.9,20.0,23.7,0.0,0.5
3,19.3,25.3,12.7,11.3,0.0,0.0,0.0,0.0,23.2,50.0,2020-08-22,0,2020,8,5,235,1,False,0,-0.8660254037844385,-0.5000000000000004,-0.7839338166829201,-0.620844401650647,2,0.0,0.0,0.0,0.0,0.5,0.0,18.9,18.9,20.0,0.0,0.5
3,16.3,25.6,6.3,4.3,0.0,0.0,0.0,0.0,14.0,32.8,2020-08-23,0,2020,8,6,236,1,False,0,-0.8660254037844385,-0.5000000000000004,-0.7944973291665992,-0.6072676460566135,2,0.0,0.0,0.0,0.0,0.0,0.5,19.3,18.9,18.9,0.0,0.0
3,17.7,30.6,7.7,5.7,0.0,0.0,0.0,0.0,25.1,62.6,2020-08-24,0,2020,8,0,237,0,False,0,-0.8660254037844385,-0.5000000000000004,-0.8048257371083452,-0.593511190196115,2,0.0,0.0,0.0,0.0,0.0,0.0,16.3,19.3,18.9,0.0,0.0
3,16.4,23.9,9.3,7.5,0.0,0.0,0.0,0.0,15.6,38.9,2020-08-25,0,2020,8,1,238,0,False,0,-0.8660254037844385,-0.5000000000000004,-0.8149159841660791,-0.5795791048257612,2,0.0,0.0,0.0,0.0,0.0,0.0,17.7,16.3,19.3,0.0,0.0
2,16.8,26.8,7.0,5.5,0.0,0.0,0.0,0.0,9.8,25.9,2020-08-26,1,2020,8,2,239,0,False,0,-0.8660254037844385,-0.5000000000000004,-0.8247650844733614,-0.5654755126737576,2,0.0,0.0,0.0,0.0,0.0,0.0,16.4,17.7,16.3,0.0,0.0
51,14.2,20.3,8.9,6.3,0.4,0.4,0.0,2.0,13.0,33.1,2020-08-27,0,2020,8,3,240,0,False,0,-0.8660254037844385,-0.5000000000000004,-0.8343701235229538,-0.5512045872199277,2,0.0,0.0,0.0,0.0,0.0,0.0,16.8,16.4,17.7,0.0,0.4
1,17.1,27.8,7.3,4.6,0.0,0.0,0.0,0.0,12.0,37.1,2020-08-28,0,2020,8,4,241,0,False,0,-0.8660254037844385,-0.5000000000000004,-0.8437282590292712,-0.5367705514607103,2,0.0,0.0,0.0,0.4,0.0,0.0,14.2,16.8,16.4,0.0,0.4
51,11.4,14.0,7.0,4.3,1.2,1.2,0.0,6.0,23.5,55.1,2020-08-29,0,2020,8,5,242,1,False,0,-0.8660254037844385,-0.5000000000000004,-0.8528367217694595,-0.522177676659508,2,0.0,0.0,0.0,0.0,0.4,0.0,17.1,14.2,16.8,0.0,1.6
51,11.5,20.3,3.4,0.6,0.1,0.1,0.0,1.0,12.5,32.8,2020-08-30,0,2020,8,6,243,1,False,0,-0.8660254037844385,-0.5000000000000004,-0.8616928164028522,-0.5074302810827518,2,0.0,0.0,0.0,1.2,0.0,0.4,11.4,17.1,14.2,0.0,1.3
3,13.2,20.9,5.4,3.1,0.0,0.0,0.0,0.0,21.3,38.2,2020-08-31,0,2020,8,0,244,0,False,0,-0.8660254037844385,-0.5000000000000004,-0.8702939222685674,-0.49253272872205434,2,0.0,0.0,0.0,0.1,1.2,0.0,11.5,11.4,17.1,0.0,1.2999999999999998
51,17.9,24.6,12.0,9.1,0.1,0.1,0.0,1.0,22.5,53.6,2020-09-01,0,2020,9,1,245,0,False,0,-1.0,-1.8369701987210297e-16,-0.8786374941610001,-0.4774894280028391,2,0.0,0.0,0.0,0.0,0.1,1.2,13.2,11.5,11.4,0.0,0.2
51,13.3,17.7,7.4,4.8,1.0,1.0,0.0,3.0,20.7,59.8,2020-09-02,0,2020,9,2,246,0,False,0,-1.0,-1.8369701987210297e-16,-0.886721063082993,-0.46230483047981086,2,0.0,0.0,0.0,0.1,0.0,0.1,17.9,13.2,11.5,0.0,1.1
3,13.9,24.1,4.2,2.1,0.0,0.0,0.0,0.0,18.3,35.6,2020-09-03,0,2020,9,3,247,0,False,0,-1.0,-1.8369701987210297e-16,-0.8945422369764496,-0.4469834295196741,2,0.0,0.0,0.0,1.0,0.1,0.0,13.3,17.9,13.2,0.0,1.1
1,16.8,27.8,6.1,3.7,0.0,0.0,0.0,0.0,12.9,31.7,2020-09-04,0,2020,9,4,248,0,False,0,-1.0,-1.8369701987210297e-16,-0.9020987014301837,-0.43152975897147144,2,0.0,0.0,0.0,0.0,1.0,0.1,13.9,13.3,17.9,0.0,1.0
2,19.1,31.1,9.1,7.2,0.0,0.0,0.0,0.0,24.0,50.4,2020-09-05,0,2020,9,5,249,1,False,0,-1.0,-1.8369701987210297e-16,-0.9093882203647925,-0.4159483918249421,2,0.0,0.0,0.0,0.0,0.0,1.0,16.8,13.9,13.3,0.0,0.0
63,11.0,13.9,6.6,3.6,10.7,10.7,0.0,16.0,14.4,24.5,2020-09-06,0,2020,9,6,250,1,False,0,-1.0,-1.8369701987210297e-16,-0.9164086366943458,-0.4002439388573056,2,0.0,0.0,0.0,0.0,0.0,0.0,19.1,16.8,13.9,0.0,10.7
63,5.9,9.0,1.5,-0.5,14.5,14.5,0.0,18.0,16.8,42.1,2020-09-07,0,2020,9,0,251,0,False,0,-1.0,-1.8369701987210297e-16,-0.9231578729647039,-0.38442104726885545,2,0.0,0.0,0.0,10.7,0.0,0.0,11.0,19.1,16.8,0.0,25.2
3,9.1,19.8,-0.4,-4.2,0.0,0.0,0.0,0.0,17.3,32.8,2020-09-08,0,2020,9,1,252,0,False,1,-1.0,-1.8369701987210297e-16,-0.9296339319682695,-0.3684843993077793,2,0.0,0.0,0.0,14.5,10.7,0.0,5.9,11.0,19.1,0.0,25.2
2,13.7,23.5,5.0,2.4,0.0,0.0,0.0,0.0,10.3,21.6,2020-09-09,1,2020,9,2,253,0,False,0,-1.0,-1.8369701987210297e-16,-0.9358348973349941,-0.35243871088460327,2,0.0,0.0,0.0,0.0,14.5,10.7,9.1,5.9,11.0,0.0,14.5
1,15.9,26.7,6.9,4.5,0.0,0.0,0.0,0.0,10.2,23.8,2020-09-10,0,2020,9,3,254,0,False,0,-1.0,-1.8369701987210297e-16,-0.9417589340994617,-0.33628873017668287,2,0.0,0.0,0.0,0.0,0.0,14.5,13.7,9.1,5.9,0.0,0.0
1,18.0,28.9,8.5,5.1,0.0,0.0,0.0,0.0,22.6,41.4,2020-09-11,0,2020,9,4,255,0,False,0,-1.0,-1.8369701987210297e-16,-0.9474042892438845,-0.32003923622313857,2,0.0,0.0,0.0,0.0,0.0,0.0,15.9,13.7,9.1,0.0,0.0
3,12.6,18.6,7.8,5.8,0.0,0.0,0.0,0.0,17.2,38.2,2020-09-12,0,2020,9,5,256,1,False,0,-1.0,-1.8369701987210297e-16,-0.9527692922168511,-0.30369503751065885,2,0.0,0.0,0.0,0.0,0.0,0.0,18.0,15.9,13.7,0.0,0.0
3,10.5,15.9,6.2,2.7,0.0,0.0,0.0,0.0,13.9,33.5,2020-09-13,0,2020,9,6,257,1,False,0,-1.0,-1.8369701987210297e-16,-0.9578523554276669,-0.28726097055059635,2,0.0,0.0,0.0,0.0,0.0,0.0,12.6,18.0,15.9,0.0,0.0
3,8.0,11.7,5.9,3.6,0.0,0.0,0.0,0.0,9.0,23.0,2020-09-14,0,2020,9,0,258,0,False,0,-1.0,-1.8369701987210297e-16,-0.9626519747161487,-0.2707418984477642,2,0.0,0.0,0.0,0.0,0.0,0.0,10.5,12.6,18.0,0.0,0.0
51,8.9,12.3,6.4,5.0,0.4,0.4,0.0,2.0,13.6,31.3,2020-09-15,1,2020,9,1,259,0,False,0,-1.0,-1.8369701987210297e-16,-0.9671667297977312,-0.2541427094613622,2,0.0,0.0,0.0,0.0,0.0,0.0,8.0,10.5,12.6,0.0,0.4
3,12.0,19.8,7.8,5.0,0.0,0.0,0.0,0.0,12.7,30.2,2020-09-16,0,2020,9,2,260,0,False,0,-1.0,-1.8369701987210297e-16,-0.97139528468375,-0.23746831555846842,2,0.0,0.0,0.0,0.4,0.0,0.0,8.9,8.0,10.5,0.0,0.4
0,13.0,22.3,4.8,2.8,0.0,0.0,0.0,0.0,16.3,37.4,2020-09-17,0,2020,9,3,261,0,False,0,-1.0,-1.8369701987210297e-16,-0.9753363880767837,-0.2207236509605022,2,0.0,0.0,0.0,0.0,0.4,0.0,12.0,8.9,8.0,0.0,0.4
3,12.6,21.6,5.6,3.7,0.0,0.0,0.0,0.0,11.2,26.3,2020-09-18,0,2020,9,4,262,0,False,0,-1.0,-1.8369701987210297e-16,-0.9789888737409319,-0.20391367068311472,2,0.0,0.0,0.0,0.0,0.0,0.4,13.0,12.0,8.9,0.0,0.0
3,14.9,20.7,8.8,7.4,0.0,0.0,0.0,0.0,13.6,41.4,2020-09-19,0,2020,9,5,263,1,False,0,-1.0,-1.8369701987210297e-16,-0.9823516608469237,-0.18704334906991657,2,0.0,0.0,0.0,0.0,0.0,0.0,12.6,13.0,12.0,0.0,0.0
53,14.4,19.9,9.2,7.5,2.7,2.7,0.0,7.0,13.6,38.5,2020-09-20,0,2020,9,6,264,1,False,0,-1.0,-1.8369701987210297e-16,-0.9854237542919524,-0.17011767832049052,2,0.0,0.0,0.0,0.0,0.0,0.0,14.9,12.6,13.0,0.0,2.7
3,12.2,20.9,4.2,1.1,0.0,0.0,0.0,0.0,10.0,17.6,2020-09-21,0,2020,9,0,265,0,False,0,-1.0,-1.8369701987210297e-16,-0.9882042449941422,-0.15314166701312007,2,0.0,0.0,0.0,2.7,0.0,0.0,14.4,14.9,12.6,0.0,2.7
3,10.2,16.1,5.2,3.0,0.0,0.0,0.0,0.0,15.8,33.5,2020-09-22,1,2020,9,1,266,0,False,0,-1.0,-1.8369701987210297e-16,-0.9906923101615609,-0.13612033862266704,2,0.0,0.0,0.0,0.0,2.7,0.0,12.2,14.4,14.9,0.0,2.7
3,12.5,22.4,2.9,0.4,0.0,0.0,0.0,0.0,16.7,38.2,2020-09-23,0,2020,9,2,267,0,False,0,-1.0,-1.8369701987210297e-16,-0.9928872135356962,-0.11905873003404988,2,0.0,0.0,0.0,0.0,0.0,2.7,10.2,12.2,14.4,0.0,0.0
3,14.8,19.7,9.0,4.6,0.0,0.0,0.0,0.0,27.6,62.3,2020-09-24,0,2020,9,3,268,0,False,0,-1.0,-1.8369701987210297e-16,-0.994788305609327,-0.10196189005174576,2,0.0,0.0,0.0,0.0,0.0,0.0,12.5,10.2,12.2,0.0,0.0
3,11.1,16.5,5.6,1.9,0.0,0.0,0.0,0.0,19.4,43.6,2020-09-25,1,2020,9,4,269,0,False,0,-1.0,-1.8369701987210297e-16,-0.9963950238187231,-0.08483487790576538,2,0.0,0.0,0.0,0.0,0.0,0.0,14.8,12.5,10.2,0.0,0.0
3,10.4,16.1,5.9,1.0,0.0,0.0,0.0,0.0,21.9,45.4,2020-09-26,0,2020,9,5,270,1,False,0,-1.0,-1.8369701987210297e-16,-0.9977068927101168,-0.06768276175455162,2,0.0,0.0,0.0,0.0,0.0,0.0,11.1,14.8,12.5,0.0,0.0
3,9.5,17.0,2.9,-1.5,0.0,0.0,0.0,0.0,15.5,30.2,2020-09-27,0,2020,9,6,271,1,False,0,-1.0,-1.8369701987210297e-16,-0.9987235240803972,-0.050510617185222886,2,0.0,0.0,0.0,0.0,0.0,0.0,10.4,11.1,14.8,0.0,0.0
3,15.6,25.1,6.6,2.6,0.0,0.0,0.0,0.0,22.7,40.0,2020-09-28,0,2020,9,0,272,0,False,0,-1.0,-1.8369701987210297e-16,-0.9994446170919858,-0.033323525711631344,2,0.0,0.0,0.0,0.0,0.0,0.0,9.5,10.4,11.1,0.0,0.0
3,14.0,17.5,9.2,6.8,0.0,0.0,0.0,0.0,17.3,38.9,2020-09-29,0,2020,9,1,273,0,False,0,-1.0,-1.8369701987210297e-16,-0.9998699583618592,-0.016126573270657762,2,0.0,0.0,0.0,0.0,0.0,0.0,15.6,9.5,10.4,0.0,0.0
3,10.4,15.4,4.1,0.2,0.0,0.0,0.0,0.0,9.7,20.2,2020-09-30,0,2020,9,2,274,0,False,0,-1.0,-1.8369701987210297e-16,-0.9999994220246925,0.001075151282798226,2,0.0,0.0,0.0,0.0,0.0,0.0,14.0,15.6,9.5,0.0,0.0
3,11.5,24.1,2.4,-1.1,0.0,0.0,0.0,0.0,11.0,20.9,2020-10-01,0,2020,10,3,275,0,True,0,-0.8660254037844386,0.5000000000000001,-0.999832969770105,0.018276557681691223,2,0.0,0.0,0.0,0.0,0.0,0.0,10.4,14.0,15.6,0.0,0.0
2,12.6,21.2,6.6,3.7,0.0,0.0,0.0,0.0,11.6,25.6,2020-10-02,0,2020,10,4,276,0,True,0,-0.8660254037844386,0.5000000000000001,-0.9993706508539969,0.03547255575312556,2,0.0,0.0,0.0,0.0,0.0,0.0,11.5,10.4,14.0,0.0,0.0
1,12.4,23.8,3.1,0.3,0.0,0.0,0.0,0.0,12.0,27.4,2020-10-03,0,2020,10,5,277,1,True,0,-0.8660254037844386,0.5000000000000001,-0.9986126020839734,0.052658056924614005,2,0.0,0.0,0.0,0.0,0.0,0.0,12.6,11.5,10.4,0.0,0.0
51,15.0,22.9,9.8,6.9,0.3,0.3,0.0,2.0,14.4,28.1,2020-10-04,0,2020,10,6,278,1,True,0,-0.8660254037844386,0.5000000000000001,-0.9975590477788613,0.06982797572987089,2,0.0,0.0,0.0,0.0,0.0,0.0,12.4,12.6,11.5,0.0,0.3
51,14.0,23.9,5.6,3.4,0.4,0.4,0.0,2.0,19.1,43.9,2020-10-05,0,2020,10,0,279,0,True,0,-0.8660254037844386,0.5000000000000001,-0.9962102997023297,0.0869772313136861,2,0.0,0.0,0.0,0.3,0.0,0.0,15.0,12.4,12.6,0.0,0.7
3,12.5,16.1,6.6,4.3,0.0,0.0,0.0,0.0,19.2,41.4,2020-10-06,0,2020,10,1,280,0,True,0,-0.8660254037844386,0.5000000000000001,-0.9945667569706337,0.1041007489354256,2,0.0,0.0,0.0,0.4,0.3,0.0,14.0,15.0,12.4,0.0,0.7
3,9.5,15.4,5.8,2.7,0.0,0.0,0.0,0.0,13.1,28.8,2020-10-07,1,2020,10,2,281,0,True,0,-0.8660254037844386,0.5000000000000001,-0.9926289059345095,0.121193461470736,2,0.0,0.0,0.0,0.0,0.4,0.3,12.5,14.0,15.0,0.0,0.4
53,9.5,20.2,3.8,0.8,1.8,1.8,0.0,6.0,19.2,40.7,2020-10-08,1,2020,10,3,282,0,True,0,-0.8660254037844386,0.5000000000000001,-0.9903973200352558,0.1382503109109819,2,0.0,0.0,0.0,0.0,0.0,0.4,9.5,12.5,14.0,0.0,1.8
3,8.0,13.4,3.5,-0.3,0.0,0.0,0.0,0.0,14.4,35.3,2020-10-09,0,2020,10,4,283,0,True,0,-0.8660254037844386,0.5000000000000001,-0.9878726596350429,0.15526624985999563,2,0.0,0.0,0.0,1.8,0.0,0.0,9.5,9.5,12.5,0.0,1.8
3,13.6,20.1,8.1,3.1,0.0,0.0,0.0,0.0,21.7,48.6,2020-10-10,0,2020,10,5,284,1,True,0,-0.8660254037844386,0.5000000000000001,-0.9850556718215013,0.172236243027682,2,0.0,0.0,0.0,0.0,1.8,0.0,8.0,9.5,9.5,0.0,1.8
51,7.5,12.2,2.7,-1.0,0.2,0.2,0.0,2.0,23.3,54.4,2020-10-11,0,2020,10,6,285,1,True,0,-0.8660254037844386,0.5000000000000001,-0.981947190186646,0.18915526872004093,2,0.0,0.0,0.0,0.0,0.0,1.8,13.6,8.0,9.5,0.0,0.2
71,2.7,5.0,0.0,-4.4,1.8,1.7,0.07,6.0,11.5,30.2,2020-10-12,0,2020,10,0,286,0,True,0,-0.8660254037844386,0.5000000000000001,-0.9785481345802031,0.20601832032517084,2,0.0,0.0,0.0,0.2,0.0,0.0,7.5,13.6,8.0,0.07,2.0
71,0.6,3.7,-2.8,-6.6,1.0,0.5,0.49,4.0,17.7,38.2,2020-10-13,1,2020,10,1,287,0,True,1,-0.8660254037844386,0.5000000000000001,-0.9748595108374125,0.22282040779479959,2,0.07,0.0,0.0,1.8,0.2,0.0,2.7,7.5,13.6,0.56,3.0
73,1.6,5.5,-0.7,-4.7,3.4,0.2,2.31,8.0,11.5,32.4,2020-10-14,3,2020,10,2,288,0,True,1,-0.8660254037844386,0.5000000000000001,-0.9708824104813836,0.23955655912092708,2,0.49,0.07,0.0,1.0,1.8,0.2,0.6,2.7,7.5,2.87,6.199999999999999
51,1.5,7.1,-2.3,-6.0,0.1,0.1,0.0,1.0,17.9,39.6,2020-10-15,1,2020,10,3,289,0,True,1,-0.8660254037844386,0.5000000000000001,-0.9666180104000972,0.2562218218071163,2,2.31,0.49,0.07,3.4,1.0,1.8,1.6,0.6,2.7,2.8000000000000003,4.5
73,0.1,2.7,-3.8,-8.0,9.1,0.0,6.51,18.0,15.8,36.7,2020-10-16,2,2020,10,4,290,0,True,1,-0.8660254037844386,0.5000000000000001,-0.9620675724981452,0.27281126433401914,2,0.0,2.31,0.49,0.1,3.4,1.0,1.5,1.6,0.6,8.82,12.6
71,-6.2,-3.3,-10.3,-15.0,0.5,0.0,0.49,4.0,17.6,34.2,2020-10-17,22,2020,10,5,291,1,True,0,-0.8660254037844386,0.5000000000000001,-0.957232443323312,0.28931997761869527,2,6.51,0.0,2.31,9.1,0.1,3.4,0.1,1.5,1.6,7.0,9.7
71,-6.1,-5.0,-7.1,-11.7,0.2,0.0,0.56,2.0,12.3,27.4,2020-10-18,14,2020,10,6,292,1,True,0,-0.8660254037844386,0.5000000000000001,-0.9521140536681102,0.3057430764672831,2,0.49,6.51,0.0,0.5,9.1,0.1,-6.2,0.1,1.5,7.56,9.799999999999999
73,-4.9,-1.0,-7.9,-12.8,2.5,0.0,1.89,10.0,14.5,29.2,2020-10-19,22,2020,10,0,293,0,True,0,-0.8660254037844386,0.5000000000000001,-0.9467139181463862,0.3220757010206104,2,0.56,0.49,6.51,0.2,0.5,9.1,-6.1,-6.2,0.1,2.94,3.2
73,-1.6,2.9,-4.1,-8.0,0.6,0.0,0.42,2.0,14.3,27.4,2020-10-20,57,2020,10,1,294,0,True,1,-0.8660254037844386,0.5000000000000001,-0.9410336347451197,0.3383130181923076,2,1.89,0.56,0.49,2.5,0.2,0.5,-4.9,-6.1,-6.2,2.87,3.3000000000000003
71,-3.8,-1.2,-9.5,-14.0,1.7,0.0,1.47,9.0,19.3,38.5,2020-10-21,121,2020,10,2,295,0,True,0,-0.8660254037844386,0.5000000000000001,-0.9350748843515574,0.3544502230989869,2,0.42,1.89,0.56,0.6,2.5,0.2,-1.6,-4.9,-6.1,3.7799999999999994,4.8
71,-8.2,-6.9,-9.6,-14.1,0.0,0.0,0.14,0.0,9.0,19.1,2020-10-22,73,2020,10,3,296,0,True,0,-0.8660254037844386,0.5000000000000001,-0.9288394302558068,0.3704825404820963,2,1.47,0.42,1.89,1.7,0.6,2.5,-3.8,-1.6,-4.9,2.03,2.3
73,-9.5,-8.6,-11.1,-16.4,3.3,0.0,2.45,13.0,13.3,27.0,2020-10-23,75,2020,10,4,297,0,True,0,-0.8660254037844386,0.5000000000000001,-0.9223291176290545,0.3864052261209853,2,0.14,1.47,0.42,0.0,1.7,0.6,-8.2,-3.8,-1.6,4.0600000000000005,5.0
71,-13.3,-10.0,-18.5,-23.2,0.6,0.0,0.7,4.0,12.3,24.8,2020-10-24,52,2020,10,5,298,1,True,0,-0.8660254037844386,0.5000000000000001,-0.9155458729775467,0.40221356823680365,2,2.45,0.14,1.47,3.3,0.0,1.7,-9.5,-8.2,-3.8,3.29,3.9
3,-13.9,-6.2,-22.0,-27.4,0.0,0.0,0.0,0.0,16.3,27.7,2020-10-25,109,2020,10,6,299,1,True,0,-0.8660254037844386,0.5000000000000001,-0.9084917035725082,0.41790288888678667,2,0.7,2.45,0.14,0.6,3.3,0.0,-13.3,-9.5,-8.2,3.1500000000000004,3.9
3,-0.5,2.9,-7.6,-13.2,0.0,0.0,0.0,0.0,17.9,27.4,2020-10-26,251,2020,10,0,300,0,True,1,-0.8660254037844386,0.5000000000000001,-0.9011686968561569,0.4334685453485363,2,0.0,0.7,2.45,0.0,0.6,3.3,-13.9,-13.3,-9.5,0.7,0.6
51,7.2,10.9,2.9,-2.3,0.2,0.2,0.0,1.0,26.4,51.1,2020-10-27,67,2020,10,1,301,0,True,0,-0.8660254037844386,0.5000000000000001,-0.8935790198239952,0.4489059314938798,2,0.0,0.0,0.7,0.0,0.0,0.6,-0.5,-13.9,-13.3,0.0,0.2
73,2.7,4.4,1.5,-1.5,5.9,2.6,2.31,12.0,11.9,29.2,2020-10-28,7,2020,10,2,302,0,True,0,-0.8660254037844386,0.5000000000000001,-0.8857249183835637,0.4642104791518923,2,0.0,0.0,0.0,0.2,0.0,0.0,7.2,-0.5,-13.9,2.31,6.1000000000000005
3,2.4,5.7,0.2,-3.2,0.0,0.0,0.0,0.0,17.0,31.7,2020-10-29,6,2020,10,3,303,0,True,0,-0.8660254037844386,0.5000000000000001,-0.8776087166898392,0.4793776594606945,2,2.31,0.0,0.0,5.9,0.2,0.0,2.7,7.2,-0.5,2.31,6.1000000000000005
3,6.4,12.0,1.7,-2.5,0.0,0.0,0.0,0.0,30.0,63.0,2020-10-30,8,2020,10,4,304,0,True,0,-0.8660254037844386,0.5000000000000001,-0.8692328164574792,0.49440298420761813,2,0.0,2.31,0.0,0.0,5.9,0.2,2.4,2.7,7.2,2.31,5.9
3,2.0,8.9,-3.1,-7.1,0.0,0.0,0.0,0.0,15.5,35.3,2020-10-31,1,2020,10,5,305,1,True,1,-0.8660254037844386,0.5000000000000001,-0.8605996962501181,0.5092820071573356,2,0.0,0.0,2.31,0.0,0.0,5.9,6.4,2.4,2.7,0.0,0.0
3,7.7,19.4,-0.1,-4.2,0.0,0.0,0.0,0.0,17.3,33.5,2020-11-01,3,2020,11,6,306,1,True,1,-0.5000000000000004,0.8660254037844384,-0.8517119107469189,0.5240103253675756,2,0.0,0.0,0.0,0.0,0.0,0.0,2.0,6.4,2.4,0.0,0.0
3,13.1,21.1,6.0,1.4,0.0,0.0,0.0,0.0,18.1,45.7,2020-11-02,1,2020,11,0,307,0,True,0,-0.5000000000000004,0.8660254037844384,-0.8425720899866032,0.5385835804920232,2,0.0,0.0,0.0,0.0,0.0,0.0,7.7,2.0,6.4,0.0,0.0
3,9.8,14.9,4.8,1.5,0.0,0.0,0.0,0.0,15.2,39.2,2020-11-03,0,2020,11,1,308,0,True,0,-0.5000000000000004,0.8660254037844384,-0.8331829385891785,0.5529974600700271,2,0.0,0.0,0.0,0.0,0.0,0.0,13.1,7.7,2.0,0.0,0.0
3,8.6,14.9,3.5,0.4,0.0,0.0,0.0,0.0,18.2,44.3,2020-11-04,3,2020,11,2,309,0,True,0,-0.5000000000000004,0.8660254037844384,-0.8235472349556007,0.5672476988027229,2,0.0,0.0,0.0,0.0,0.0,0.0,9.8,13.1,7.7,0.0,0.0
51,8.6,11.3,1.9,-2.0,1.1,1.1,0.0,5.0,26.7,55.1,2020-11-05,4,2020,11,3,310,0,True,0,-0.5000000000000004,0.8660254037844384,-0.8136678304455991,0.5813300798152042,2,0.0,0.0,0.0,0.0,0.0,0.0,8.6,9.8,13.1,0.0,1.1
71,0.2,3.6,-3.4,-7.1,0.0,0.0,0.07,0.0,11.7,22.7,2020-11-06,0,2020,11,4,311,0,True,1,-0.5000000000000004,0.8660254037844384,-0.8035476485339116,0.5952404359043674,2,0.0,0.0,0.0,1.1,0.0,0.0,8.6,8.6,9.8,0.07,1.1
71,-1.8,0.3,-7.5,-15.1,1.7,0.0,1.82,9.0,30.5,62.6,2020-11-07,12,2020,11,5,312,1,True,1,-0.5000000000000004,0.8660254037844384,-0.7931896839451843,0.6089746507720486,2,0.07,0.0,0.0,0.0,1.1,0.0,0.2,8.6,8.6,1.8900000000000001,2.8
73,-7.9,-6.4,-9.6,-16.9,1.9,0.0,1.61,15.0,31.2,67.7,2020-11-08,9,2020,11,6,313,1,True,0,-0.5000000000000004,0.8660254037844384,-0.7825970017677834,0.6225286602431057,2,1.82,0.07,0.0,1.7,0.0,1.1,-1.8,0.2,8.6,3.5,3.5999999999999996
3,-6.4,0.5,-14.7,-19.3,0.0,0.0,0.0,0.0,13.6,21.6,2020-11-09,20,2020,11,0,314,0,True,1,-0.5000000000000004,0.8660254037844384,-0.7717727365467836,0.6358984534680745,2,1.61,1.82,0.07,1.9,1.7,0.0,-7.9,-1.8,0.2,3.4300000000000006,3.5999999999999996
73,-0.7,0.6,-5.2,-11.0,7.0,0.0,4.97,20.0,21.7,42.1,2020-11-10,123,2020,11,1,315,0,True,1,-0.5000000000000004,0.8660254037844384,-0.7607200913564104,0.6490800741100398,2,0.0,1.61,1.82,0.0,1.9,1.7,-6.4,-7.9,-1.8,6.58,8.9
71,-9.5,-5.4,-15.3,-20.6,0.3,0.0,0.42,2.0,16.8,37.4,2020-11-11,102,2020,11,2,316,0,True,0,-0.5000000000000004,0.8660254037844384,-0.7494423368521954,0.6620696215153815,2,4.97,0.0,1.61,7.0,0.0,1.9,-0.7,-6.4,-7.9,5.39,7.299999999999999
3,-6.8,0.7,-14.7,-20.0,0.0,0.0,0.0,0.0,15.1,27.7,2020-11-12,266,2020,11,3,317,0,True,1,-0.5000000000000004,0.8660254037844384,-0.7379428103031386,0.6748632518680403,2,0.42,4.97,0.0,0.3,7.0,0.0,-9.5,-0.7,-6.4,5.39,7.299999999999999
71,-1.7,1.0,-7.1,-12.3,0.0,0.0,0.21,0.0,13.4,31.7,2020-11-13,171,2020,11,4,318,0,True,1,-0.5000000000000004,0.8660254037844384,-0.7262249146041543,0.6874571793269664,2,0.0,0.42,4.97,0.0,0.3,7.0,-6.8,-9.5,-0.7,0.63,0.2999999999999991
71,-2.6,0.8,-6.4,-11.1,1.2,0.0,1.19,9.0,12.8,22.3,2020-11-14,106,2020,11,5,319,1,True,1,-0.5000000000000004,0.8660254037844384,-0.7142921172691032,0.699847677146407,2,0.21,0.0,0.42,0.0,0.0,0.3,-1.7,-6.8,-9.5,1.4,1.199999999999999
3,-2.6,4.5,-7.0,-12.2,0.0,0.0,0.0,0.0,22.9,49.0,2020-11-15,83,2020,11,6,320,1,True,1,-0.5000000000000004,0.8660254037844384,-0.7021479494046978,0.7120310787787131,2,1.19,0.21,0.0,1.2,0.0,0.0,-2.6,-1.7,-6.8,1.4,1.199999999999999
3,-3.2,2.2,-7.3,-11.8,0.0,0.0,0.0,0.0,10.3,18.0,2020-11-16,152,2020,11,0,321,0,True,1,-0.5000000000000004,0.8660254037844384,-0.6897960046655887,0.7240037789593305,2,0.0,1.19,0.21,0.0,1.2,0.0,-2.6,-2.6,-1.7,1.19,1.199999999999999
71,0.1,5.1,-4.5,-8.7,0.7,0.0,0.56,4.0,17.0,32.4,2020-11-17,72,2020,11,1,322,0,True,1,-0.5000000000000004,0.8660254037844384,-0.6772399381909491,0.7357622347736527,2,0.0,0.0,1.19,0.0,0.0,1.2,-3.2,-2.6,-2.6,0.56,0.6999999999999991
73,0.3,7.3,-7.9,-12.2,0.9,0.0,0.7,3.0,14.1,39.6,2020-11-18,115,2020,11,2,323,0,True,1,-0.5000000000000004,0.8660254037844384,-0.6644834655228552,0.7473029667054296,2,0.56,0.0,0.0,0.7,0.0,0.0,0.1,-3.2,-2.6,1.26,1.5999999999999992
73,-10.4,-7.7,-12.7,-17.5,1.9,0.0,1.54,7.0,12.5,27.7,2020-11-19,55,2020,11,3,324,0,True,0,-0.5000000000000004,0.8660254037844384,-0.6515303615068021,0.75862255966641,2,0.7,0.56,0.0,0.9,0.7,0.0,0.3,0.1,-3.2,2.8,3.499999999999999
2,-5.4,2.6,-12.6,-17.3,0.0,0.0,0.0,0.0,11.0,29.2,2020-11-20,133,2020,11,4,325,0,True,1,-0.5000000000000004,0.8660254037844384,-0.6383844591746642,0.7697176640069211,2,1.54,0.7,0.56,1.9,0.9,0.7,-10.4,0.3,0.1,2.24,2.799999999999999
51,-3.1,3.2,-6.5,-11.3,0.1,0.1,0.0,1.0,11.3,25.2,2020-11-21,70,2020,11,5,326,1,True,1,-0.5000000000000004,0.8660254037844384,-0.6250496486104377,0.7805849965070866,2,0.0,1.54,0.7,0.0,1.9,0.9,-5.4,-10.4,0.3,1.54,1.9999999999999991
3,-4.2,0.9,-7.9,-12.7,0.0,0.0,0.0,0.0,14.4,24.5,2020-11-22,86,2020,11,6,327,1,True,1,-0.5000000000000004,0.8660254037844384,-0.6115298757991053,0.7912213413483807,2,0.0,0.0,1.54,0.1,0.0,1.9,-3.1,-5.4,-10.4,0.0,0.09999999999999912
3,-3.4,1.5,-7.6,-12.0,0.0,0.0,0.0,0.0,14.4,27.4,2020-11-23,116,2020,11,0,328,0,True,1,-0.5000000000000004,0.8660254037844384,-0.5978291414589552,0.801623551065242,2,0.0,0.0,0.0,0.0,0.1,0.0,-4.2,-3.1,-5.4,0.0,0.09999999999999912
3,-1.9,5.1,-9.2,-14.1,0.0,0.0,0.0,0.0,15.8,32.4,2020-11-24,116,2020,11,1,329,0,True,1,-0.5000000000000004,0.8660254037844384,-0.5839514998576998,0.8117885474764613,2,0.0,0.0,0.0,0.0,0.0,0.1,-3.4,-4.2,-3.1,0.0,0.0
3,-1.7,1.3,-4.5,-9.4,0.0,0.0,0.0,0.0,19.1,39.2,2020-11-25,97,2020,11,2,330,0,True,1,-0.5000000000000004,0.8660254037844384,-0.5699010576127624,0.8217133225960589,2,0.0,0.0,0.0,0.0,0.0,0.0,-1.9,-3.4,-4.2,0.0,0.0
3,-0.5,3.6,-4.8,-8.7,0.0,0.0,0.0,0.0,19.3,36.7,2020-11-26,66,2020,11,3,331,0,True,1,-0.5000000000000004,0.8660254037844384,-0.5556819724760489,0.8313949395234058,2,0.0,0.0,0.0,0.0,0.0,0.0,-1.7,-1.9,-3.4,0.0,0.0
3,3.6,7.8,-0.3,-4.8,0.0,0.0,0.0,0.0,22.3,45.0,2020-11-27,46,2020,11,4,332,0,True,1,-0.5000000000000004,0.8660254037844384,-0.5412984521036173,0.8408305333122887,2,0.0,0.0,0.0,0.0,0.0,0.0,-0.5,-1.7,-1.9,0.0,0.0
3,-0.9,3.7,-6.6,-11.2,0.0,0.0,0.0,0.0,29.6,57.6,2020-11-28,33,2020,11,5,333,1,True,1,-0.5000000000000004,0.8660254037844384,-0.5267547528105542,0.8500173118187018,2,0.0,0.0,0.0,0.0,0.0,0.0,3.6,-0.5,-1.7,0.0,0.0
3,-0.3,5.3,-6.3,-11.1,0.0,0.0,0.0,0.0,21.3,34.2,2020-11-29,51,2020,11,6,334,1,True,1,-0.5000000000000004,0.8660254037844384,-0.5120551783114646,0.8589525565270845,2,0.0,0.0,0.0,0.0,0.0,0.0,-0.9,3.6,-0.5,0.0,0.0
71,3.4,5.4,0.6,-4.6,0.0,0.0,0.07,0.0,22.8,43.6,2020-11-30,88,2020,11,0,335,0,True,0,-0.5000000000000004,0.8660254037844384,-0.4972040784469378,0.8676336233547726,2,0.0,0.0,0.0,0.0,0.0,0.0,-0.3,-0.9,3.6,0.07,0.0
0,-1.4,3.5,-5.4,-10.3,0.0,0.0,0.0,0.0,19.4,37.8,2020-12-01,87,2020,12,1,336,0,True,1,-2.4492935982947064e-16,1.0,-0.4822058478963526,0.8760579434344281,2,0.07,0.0,0.0,0.0,0.0,0.0,3.4,-0.3,-0.9,0.07,0.0
1,0.6,8.5,-2.2,-7.0,0.0,0.0,0.0,0.0,13.0,23.0,2020-12-02,55,2020,12,2,337,0,True,1,-2.4492935982947064e-16,1.0,-0.46706492487743034,0.8842230238742036,2,0.0,0.07,0.0,0.0,0.0,0.0,-1.4,3.4,-0.3,0.07,0.0
3,3.8,13.3,-2.1,-6.9,0.0,0.0,0.0,0.0,16.9,29.9,2020-12-03,34,2020,12,3,338,0,True,1,-2.4492935982947064e-16,1.0,-0.451785789832884,0.8921264484954345,2,0.0,0.0,0.07,0.0,0.0,0.0,0.6,-1.4,3.4,0.0,0.0
3,4.2,11.0,0.6,-4.0,0.0,0.0,0.0,0.0,14.1,26.3,2020-12-04,15,2020,12,4,339,0,True,0,-2.4492935982947064e-16,1.0,-0.4363729641045924,0.8997658785476209,2,0.0,0.0,0.0,0.0,0.0,0.0,3.8,0.6,-1.4,0.0,0.0
3,4.0,11.0,0.2,-4.9,0.0,0.0,0.0,0.0,17.1,30.2,2020-12-05,11,2020,12,5,340,1,True,0,-2.4492935982947064e-16,1.0,-0.42083100859565564,0.9071390534005044,2,0.0,0.0,0.0,0.0,0.0,0.0,4.2,3.8,0.6,0.0,0.0
2,4.0,11.6,0.2,-4.9,0.0,0.0,0.0,0.0,15.8,29.2,2020-12-06,17,2020,12,6,341,1,True,0,-2.4492935982947064e-16,1.0,-0.4051645224207563,0.9142437912130223,2,0.0,0.0,0.0,0.0,0.0,0.0,4.0,4.2,3.8,0.0,0.0
51,5.1,9.9,-0.3,-4.3,0.4,0.4,0.0,2.0,21.0,43.2,2020-12-07,20,2020,12,0,342,0,True,1,-2.4492935982947064e-16,1.0,-0.3893781415452015,0.9210779895789526,2,0.0,0.0,0.0,0.0,0.0,0.0,4.0,4.0,4.2,0.0,0.39999999999999913
3,4.4,9.8,1.3,-2.4,0.0,0.0,0.0,0.0,15.7,33.1,2020-12-08,16,2020,12,1,343,0,True,0,-2.4492935982947064e-16,1.0,-0.37347653741307074,0.9276396261490467,2,0.0,0.0,0.0,0.4,0.0,0.0,5.1,4.0,4.0,0.0,0.39999999999999913
73,-0.5,3.3,-4.9,-8.8,7.5,0.5,4.97,12.0,11.0,20.9,2020-12-09,60,2020,12,2,344,0,True,1,-2.4492935982947064e-16,1.0,-0.3574644155648614,0.9339267592294762,2,0.0,0.0,0.0,0.0,0.4,0.0,4.4,5.1,4.0,4.97,7.8999999999999995
3,-5.3,-0.0,-8.9,-13.4,0.0,0.0,0.0,0.0,10.9,21.2,2020-12-10,317,2020,12,3,345,0,True,0,-2.4492935982947064e-16,1.0,-0.34134651424503615,0.9399375283564133,2,4.97,0.0,0.0,7.5,0.0,0.4,-0.5,4.4,5.1,4.97,7.499999999999999
3,-6.7,-5.3,-9.5,-13.6,0.0,0.0,0.0,0.0,13.2,27.4,2020-12-11,288,2020,12,4,346,0,True,0,-2.4492935982947064e-16,1.0,-0.3251276029999093,0.9456701548465688,2,0.0,4.97,0.0,0.0,7.5,0.0,-5.3,-0.5,4.4,4.97,7.499999999999999
71,-7.5,-4.3,-11.9,-16.9,0.0,0.0,0.14,0.0,17.1,35.6,2020-12-12,186,2020,12,5,347,1,True,0,-2.4492935982947064e-16,1.0,-0.30881248126625377,0.9511229423235357,2,0.0,0.0,4.97,0.0,0.0,7.5,-6.7,-5.3,-0.5,0.14,0.0
3,-13.9,-11.9,-15.4,-20.2,0.0,0.0,0.0,0.0,13.9,32.0,2020-12-13,77,2020,12,6,348,1,True,0,-2.4492935982947064e-16,1.0,-0.29240597695107734,0.9562942772197719,2,0.14,0.0,0.0,0.0,0.0,0.0,-7.5,-6.7,-5.3,0.14,0.0
3,-7.2,-1.0,-12.6,-17.5,0.0,0.0,0.0,0.0,12.1,19.8,2020-12-14,209,2020,12,0,349,0,True,0,-2.4492935982947064e-16,1.0,-0.27591294500296043,0.9611826292540837,2,0.0,0.14,0.0,0.0,0.0,0.0,-13.9,-7.5,-6.7,0.14,0.0
3,-4.0,0.3,-6.9,-11.9,0.0,0.0,0.0,0.0,12.2,21.6,2020-12-15,339,2020,12,1,350,0,True,1,-2.4492935982947064e-16,1.0,-0.2593382659754056,0.9657865518844574,2,0.0,0.0,0.14,0.0,0.0,0.0,-7.2,-13.9,-7.5,0.0,0.0
3,-0.0,4.9,-4.7,-9.3,0.0,0.0,0.0,0.0,19.1,41.0,2020-12-16,382,2020,12,2,351,0,True,1,-2.4492935982947064e-16,1.0,-0.2426868445825954,0.9701046827361175,2,0.0,0.0,0.0,0.0,0.0,0.0,-4.0,-7.2,-13.9,0.0,0.0
71,-1.5,3.5,-7.6,-12.2,0.1,0.0,0.21,1.0,18.9,40.7,2020-12-17,382,2020,12,3,352,0,True,1,-2.4492935982947064e-16,1.0,-0.22596360824801906,0.974135744004672,2,0.0,0.0,0.0,0.0,0.0,0.0,-0.0,-4.0,-7.2,0.21,0.09999999999999912
3,-3.6,3.5,-9.7,-14.2,0.0,0.0,0.0,0.0,16.3,33.5,2020-12-18,221,2020,12,4,353,0,True,1,-2.4492935982947064e-16,1.0,-0.20917350564635637,0.9778785428342386,2,0.21,0.0,0.0,0.1,0.0,0.0,-1.5,-0.0,-4.0,0.21,0.09999999999999912
3,2.7,5.6,0.9,-5.7,0.0,0.0,0.0,0.0,27.0,53.3,2020-12-19,180,2020,12,5,354,1,True,0,-2.4492935982947064e-16,1.0,-0.19232150523909483,0.9813319716704275,2,0.0,0.21,0.0,0.0,0.1,0.0,-3.6,-1.5,-0.0,0.21,0.09999999999999912
3,3.1,6.0,0.2,-5.7,0.0,0.0,0.0,0.0,33.0,70.9,2020-12-20,110,2020,12,6,355,1,True,0,-2.4492935982947064e-16,1.0,-0.17541259380427843,0.9844950085880858,2,0.0,0.0,0.21,0.0,0.0,0.1,2.7,-3.6,-1.5,0.0,0.0
75,-1.3,0.9,-2.8,-7.4,6.2,0.0,4.41,7.0,18.9,36.4,2020-12-21,93,2020,12,0,356,0,True,1,-2.4492935982947064e-16,1.0,-0.15845177496083632,0.9873667175937016,2,0.0,0.0,0.0,0.0,0.0,0.0,3.1,2.7,-3.6,4.41,6.199999999999999
75,-6.8,-3.1,-15.9,-20.7,15.0,0.0,10.57,15.0,22.9,46.8,2020-12-22,817,2020,12,1,357,0,True,0,-2.4492935982947064e-16,1.0,-0.14144406768794202,0.9899462489023779,2,4.41,0.0,0.0,6.2,0.0,0.0,-1.3,3.1,2.7,14.98,21.2
3,-9.8,0.8,-18.4,-24.0,0.0,0.0,0.0,0.0,21.1,34.9,2020-12-23,1377,2020,12,2,358,0,True,1,-2.4492935982947064e-16,1.0,-0.12439450483979998,0.9922328391893008,2,10.57,4.41,0.0,15.0,6.2,0.0,-6.8,-1.3,3.1,14.98,21.2
3,2.6,5.4,0.2,-6.6,0.0,0.0,0.0,0.0,28.4,54.7,2020-12-24,971,2020,12,3,359,0,True,0,-2.4492935982947064e-16,1.0,-0.10730813165636247,0.9942258118156161,2,0.0,10.57,4.41,0.0,15.0,6.2,-9.8,-6.8,-1.3,10.57,15.0
3,-3.7,-0.4,-6.6,-10.6,0.0,0.0,0.0,0.0,15.2,28.8,2020-12-25,368,2020,12,4,360,0,True,0,-2.4492935982947064e-16,1.0,-0.09019000427034513,0.9959245770286599,2,0.0,0.0,10.57,0.0,0.0,15.0,2.6,-9.8,-6.8,0.0,0.0
71,-6.2,-4.5,-9.6,-13.6,1.8,0.0,1.96,9.0,9.9,21.6,2020-12-26,645,2020,12,5,361,1,True,0,-2.4492935982947064e-16,1.0,-0.07304518821104743,0.9973286321364752,2,0.0,0.0,0.0,0.0,0.0,0.0,-3.7,2.6,-9.8,1.96,1.8
73,-11.0,-7.8,-15.3,-20.2,1.0,0.0,0.77,5.0,9.8,15.5,2020-12-27,908,2020,12,6,362,1,True,0,-2.4492935982947064e-16,1.0,-0.05587875690537313,0.9984375616565666,2,1.96,0.0,0.0,1.8,0.0,0.0,-6.2,-3.7,2.6,2.73,2.8
3,-9.6,-3.9,-15.2,-20.3,0.0,0.0,0.0,0.0,13.4,24.8,2020-12-28,1306,2020,12,0,363,0,True,0,-2.4492935982947064e-16,1.0,-0.03869579017652689,0.9992510374388481,2,0.77,1.96,0.0,1.0,1.8,0.0,-11.0,-6.2,-3.7,2.73,2.8
3,-12.2,-7.5,-17.5,-22.7,0.0,0.0,0.0,0.0,12.6,21.6,2020-12-29,833,2020,12,1,364,0,True,0,-2.4492935982947064e-16,1.0,-0.021501372740813793,0.999768818762748,2,0.0,0.77,1.96,0.0,1.0,1.8,-9.6,-11.0,-6.2,0.77,1.0
3,-4.8,-1.7,-7.2,-12.3,0.0,0.0,0.0,0.0,13.8,24.8,2020-12-30,619,2020,12,2,365,0,True,0,-2.4492935982947064e-16,1.0,-0.004300592702981974,0.9999907524084426,2,0.0,0.0,0.77,0.0,0.0,1.0,-12.2,-9.6,-11.0,0.0,0.0
3,-6.1,-1.5,-9.2,-14.2,0.0,0.0,0.0,0.0,11.2,18.4,2020-12-31,484,2020,12,3,366,0,True,0,-2.4492935982947064e-16,1.0,0.012901459949419653,0.9999167727021953,2,0.0,0.0,0.0,0.0,0.0,0.0,-4.8,-12.2,-9.6,0.0,0.0
3,-2.6,1.1,-7.1,-12.1,0.0,0.0,0.0,0.0,15.8,26.3,2021-01-01,265,2021,1,4,1,0,True,1,0.49999999999999994,0.8660254037844387,0.017201575418260506,0.9998520419557735,3,0.0,0.0,0.0,0.0,0.0,0.0,-6.1,-4.8,-12.2,0.0,0.0
3,2.2,5.0,-0.7,-5.2,0.0,0.0,0.0,0.0,35.6,69.5,2021-01-02,425,2021,1,5,2,1,True,1,0.49999999999999994,0.8660254037844387,0.03439806061360801,0.9994082116062598,3,0.0,0.0,0.0,0.0,0.0,0.0,-2.6,-6.1,-4.8,0.0,0.0
3,1.3,4.7,-1.5,-7.4,0.0,0.0,0.0,0.0,35.1,72.4,2021-01-03,523,2021,1,6,3,1,True,1,0.49999999999999994,0.8660254037844387,0.051584366869408364,0.9986686402879997,3,0.0,0.0,0.0,0.0,0.0,0.0,2.2,-2.6,-6.1,0.0,0.0
3,-1.8,1.0,-8.1,-13.1,0.0,0.0,0.0,0.0,23.8,46.1,2021-01-04,728,2021,1,0,4,0,True,1,0.49999999999999994,0.8660254037844387,0.06875540848113941,0.9976335468520451,3,0.0,0.0,0.0,0.0,0.0,0.0,1.3,2.2,-2.6,0.0,0.0
71,-0.5,2.0,-5.0,-9.3,0.7,0.3,0.28,3.0,15.6,29.9,2021-01-05,740,2021,1,1,5,0,True,1,0.49999999999999994,0.8660254037844387,0.08590610426133272,0.9963032375991965,3,0.0,0.0,0.0,0.0,0.0,0.0,-1.8,1.3,2.2,0.28,0.7
3,2.5,5.3,-1.1,-5.6,0.0,0.0,0.0,0.0,14.1,37.8,2021-01-06,630,2021,1,2,6,0,True,1,0.49999999999999994,0.8660254037844387,0.10303137904317879,0.9946781061893646,3,0.28,0.0,0.0,0.7,0.0,0.0,-0.5,-1.8,1.3,0.28,0.7
3,-2.8,2.6,-7.4,-12.1,0.0,0.0,0.0,0.0,10.5,20.2,2021-01-07,612,2021,1,3,7,0,True,1,0.49999999999999994,0.8660254037844387,0.1201261651823505,0.9927586335250793,3,0.0,0.28,0.0,0.0,0.7,0.0,2.5,-0.5,-1.8,0.28,0.7
3,-9.5,-1.2,-14.2,-19.6,0.0,0.0,0.0,0.0,12.1,20.2,2021-01-08,392,2021,1,4,8,0,True,0,0.49999999999999994,0.8660254037844387,0.13718540405660057,0.9905453876091833,3,0.0,0.0,0.28,0.0,0.0,0.7,-2.8,2.5,-0.5,0.0,0.0
3,-7.5,1.4,-12.6,-17.8,0.0,0.0,0.0,0.0,12.1,22.3,2021-01-09,198,2021,1,5,9,1,True,1,0.49999999999999994,0.8660254037844387,0.1542040475626894,0.988039023376751,3,0.0,0.0,0.0,0.0,0.0,0.0,-9.5,-2.8,2.5,0.0,0.0
3,-2.4,4.5,-9.6,-14.5,0.0,0.0,0.0,0.0,15.9,30.6,2021-01-10,253,2021,1,6,10,1,True,1,0.49999999999999994,0.8660254037844387,0.17117705961019986,0.985240282501282,3,0.0,0.0,0.0,0.0,0.0,0.0,-7.5,-9.5,-2.8,0.0,0.0
3,-0.2,5.2,-6.3,-11.2,0.0,0.0,0.0,0.0,19.4,29.9,2021-01-11,477,2021,1,0,11,0,True,1,0.49999999999999994,0.8660254037844387,0.18809941761179758,0.9821499931752291,3,0.0,0.0,0.0,0.0,0.0,0.0,-2.4,-7.5,-9.5,0.0,0.0
3,3.4,7.1,-0.0,-5.3,0.0,0.0,0.0,0.0,25.6,47.2,2021-01-12,423,2021,1,1,12,0,True,0,0.49999999999999994,0.8660254037844387,0.20496611396949532,0.9787690698649216,3,0.0,0.0,0.0,0.0,0.0,0.0,-0.2,-2.4,-7.5,0.0,0.0
73,2.9,5.4,-1.1,-8.0,0.7,0.0,0.56,2.0,32.4,65.9,2021-01-13,267,2021,1,2,13,0,True,1,0.49999999999999994,0.8660254037844387,0.22177215755648186,0.975098513039961,3,0.0,0.0,0.0,0.0,0.0,0.0,3.4,-0.2,-2.4,0.56,0.7
3,-2.4,1.9,-6.3,-10.8,0.0,0.0,0.0,0.0,22.7,44.6,2021-01-14,407,2021,1,3,14,0,True,1,0.49999999999999994,0.8660254037844387,0.23851257519407648,0.9711394088771653,3,0.56,0.0,0.0,0.7,0.0,0.0,2.9,3.4,-0.2,0.56,0.7
3,-0.1,6.7,-5.4,-10.1,0.0,0.0,0.0,0.0,20.9,38.9,2021-01-15,318,2021,1,4,15,0,True,1,0.49999999999999994,0.8660254037844387,0.2551824131233728,0.9668929289391521,3,0.0,0.56,0.0,0.0,0.7,0.0,-2.4,2.9,3.4,0.56,0.7
3,-0.8,4.6,-3.8,-9.5,0.0,0.0,0.0,0.0,19.1,36.4,2021-01-16,170,2021,1,5,16,1,True,1,0.49999999999999994,0.8660254037844387,0.2717767384711357,0.9623603298276545,3,0.0,0.0,0.56,0.0,0.0,0.7,-0.1,-2.4,2.9,0.0,0.0
71,0.5,5.5,-2.1,-6.8,0.4,0.1,0.21,3.0,20.4,46.8,2021-01-17,169,2021,1,6,17,1,True,1,0.49999999999999994,0.8660254037844387,0.2882906407095177,0.9575429528116719,3,0.0,0.0,0.0,0.0,0.0,0.0,-0.8,-0.1,-2.4,0.21,0.4
71,-0.1,3.2,-4.7,-9.3,0.0,0.0,0.14,0.0,19.1,41.4,2021-01-18,264,2021,1,0,18,0,True,1,0.49999999999999994,0.8660254037844387,0.3047192331091634,0.9524422234305676,3,0.21,0.0,0.0,0.4,0.0,0.0,0.5,-0.8,-0.1,0.35,0.4
3,-0.2,6.4,-6.2,-10.8,0.0,0.0,0.0,0.0,27.3,68.4,2021-01-19,245,2021,1,1,19,0,True,1,0.49999999999999994,0.8660254037844387,0.321057654185271,0.9470596510722283,3,0.14,0.21,0.0,0.0,0.4,0.0,-0.1,0.5,-0.8,0.35,0.4
0,-0.9,4.1,-5.4,-10.3,0.0,0.0,0.0,0.0,20.4,43.6,2021-01-20,212,2021,1,2,20,0,True,1,0.49999999999999994,0.8660254037844387,0.3373010691361842,0.9413968285264122,3,0.0,0.14,0.21,0.0,0.0,0.4,-0.2,-0.1,0.5,0.14,0.0
3,-5.3,-0.8,-8.6,-13.0,0.0,0.0,0.0,0.0,10.0,22.3,2021-01-21,164,2021,1,3,21,0,True,0,0.49999999999999994,0.8660254037844387,0.3534446712740877,0.9354554315134164,3,0.0,0.0,0.14,0.0,0.0,0.0,-0.9,-0.2,-0.1,0.0,0.0
3,-7.2,-2.0,-11.0,-15.4,0.0,0.0,0.0,0.0,10.3,25.9,2021-01-22,134,2021,1,4,22,0,True,0,0.49999999999999994,0.8660254037844387,0.3694836834473831,0.9292372181882051,3,0.0,0.0,0.0,0.0,0.0,0.0,-5.3,-0.9,-0.2,0.0,0.0
3,-9.1,-3.4,-13.7,-18.6,0.0,0.0,0.0,0.0,12.6,30.2,2021-01-23,86,2021,1,5,23,1,True,0,0.49999999999999994,0.8660254037844387,0.38541335945432564,0.9227440286201427,3,0.0,0.0,0.0,0.0,0.0,0.0,-7.2,-5.3,-0.9,0.0,0.0
3,-12.9,-10.3,-14.4,-19.4,0.0,0.0,0.0,0.0,10.3,23.4,2021-01-24,40,2021,1,6,24,1,True,0,0.49999999999999994,0.8660254037844387,0.4012289854475009,0.9159777842484877,3,0.0,0.0,0.0,0.0,0.0,0.0,-9.1,-7.2,-5.3,0.0,0.0
3,-13.9,-12.3,-15.6,-21.0,0.0,0.0,0.0,0.0,12.3,29.5,2021-01-25,101,2021,1,0,25,0,True,0,0.49999999999999994,0.8660254037844387,0.4169258813287287,0.908940487313808,3,0.0,0.0,0.0,0.0,0.0,0.0,-12.9,-9.1,-7.2,0.0,0.0
3,-14.1,-10.3,-16.4,-21.4,0.0,0.0,0.0,0.0,12.1,27.0,2021-01-26,71,2021,1,1,26,0,True,0,0.49999999999999994,0.8660254037844387,0.4324994021339788,0.901634220265486,3,0.0,0.0,0.0,0.0,0.0,0.0,-13.9,-12.9,-9.1,0.0,0.0
71,-13.9,-12.6,-15.7,-20.1,0.1,0.0,0.14,1.0,8.9,17.3,2021-01-27,57,2021,1,2,27,0,True,0,0.49999999999999994,0.8660254037844387,0.44794493940789115,0.8940611451454876,3,0.0,0.0,0.0,0.0,0.0,0.0,-14.1,-13.9,-12.9,0.14,0.1
71,-15.3,-12.7,-17.6,-22.4,0.0,0.0,0.21,0.0,9.2,20.2,2021-01-28,54,2021,1,3,28,0,True,0,0.49999999999999994,0.8660254037844387,0.4632579225674917,0.88622350294858,3,0.14,0.0,0.0,0.1,0.0,0.0,-13.9,-14.1,-13.9,0.35,0.1
3,-13.7,-8.0,-16.6,-21.1,0.0,0.0,0.0,0.0,10.6,15.1,2021-01-29,64,2021,1,4,29,0,True,0,0.49999999999999994,0.8660254037844387,0.4784338202547012,0.8781236129591848,3,0.21,0.14,0.0,0.0,0.1,0.0,-15.3,-13.9,-14.1,0.35,0.1
2,-11.5,-2.1,-18.8,-23.9,0.0,0.0,0.0,0.0,11.0,20.5,2021-01-30,70,2021,1,5,30,1,True,0,0.49999999999999994,0.8660254037844387,0.49346814167723735,0.8697638720650646,3,0.0,0.21,0.14,0.0,0.0,0.1,-13.7,-15.3,-13.9,0.21,0.0
3,-3.9,3.1,-10.1,-15.0,0.0,0.0,0.0,0.0,12.5,28.1,2021-01-31,44,2021,1,6,31,1,True,1,0.49999999999999994,0.8660254037844387,0.5083564379375122,0.8611467540480452,3,0.0,0.0,0.21,0.0,0.0,0.0,-11.5,-13.7,-15.3,0.0,0.0
3,1.2,7.5,-6.0,-9.8,0.0,0.0,0.0,0.0,13.8,29.5,2021-02-01,82,2021,2,0,32,0,True,1,0.8660254037844386,0.5000000000000001,0.5230943033491326,0.8522748088519838,3,0.0,0.0,0.0,0.0,0.0,0.0,-3.9,-11.5,-13.7,0.0,0.0
73,-5.4,3.1,-13.0,-17.9,0.7,0.0,0.49,3.0,17.6,38.5,2021-02-02,95,2021,2,1,33,0,True,1,0.8660254037844386,0.5000000000000001,0.5376773767406141,0.8431506618282,3,0.0,0.0,0.0,0.0,0.0,0.0,1.2,-3.9,-11.5,0.49,0.7
75,-16.6,-12.8,-22.8,-27.9,4.8,0.0,3.71,7.0,9.5,20.9,2021-02-03,159,2021,2,2,34,0,True,0,0.8660254037844386,0.5000000000000001,0.5521013427459208,0.8337770129585915,3,0.49,0.0,0.0,0.7,0.0,0.0,-5.4,1.2,-3.9,4.2,5.5
71,-9.3,-0.9,-22.3,-27.3,0.0,0.0,0.42,0.0,12.6,24.1,2021-02-04,241,2021,2,3,35,0,True,0,0.8660254037844386,0.5000000000000001,0.5663619330814524,0.8241566360566663,3,3.71,0.49,0.0,4.8,0.7,0.0,-16.6,-5.4,1.2,4.62,5.5
73,-16.4,-7.4,-22.9,-27.9,3.6,0.0,2.94,15.0,18.7,42.5,2021-02-05,99,2021,2,4,36,0,True,0,0.8660254037844386,0.5000000000000001,0.580454927809098,0.8142923779467267,3,0.42,3.71,0.49,0.0,4.8,0.7,-9.3,-16.6,-5.4,7.07,8.4
71,-22.8,-21.0,-25.0,-29.9,2.2,0.0,1.82,14.0,10.4,19.8,2021-02-06,80,2021,2,5,37,1,True,0,0.8660254037844386,0.5000000000000001,0.5943761565849831,0.804187157621448,3,2.94,0.42,3.71,3.6,0.0,4.8,-16.4,-9.3,-16.6,5.18,5.800000000000001
71,-26.9,-24.1,-30.1,-35.2,0.0,0.0,0.28,0.0,10.2,22.3,2021-02-07,78,2021,2,6,38,1,True,0,0.8660254037844386,0.5000000000000001,0.6081214998935418,0.7938439653781019,3,1.82,2.94,0.42,2.2,3.6,0.0,-22.8,-16.4,-9.3,5.04,5.800000000000001
3,-27.3,-23.4,-34.8,-40.0,0.0,0.0,0.0,0.0,10.6,20.9,2021-02-08,196,2021,2,0,39,0,True,0,0.8660254037844386,0.5000000000000001,0.6216868902665479,0.7832658619336791,3,0.28,1.82,2.94,0.0,2.2,3.6,-26.9,-22.8,-16.4,2.1,2.2
3,-30.3,-23.8,-34.7,-39.8,0.0,0.0,0.0,0.0,11.0,16.6,2021-02-09,209,2021,2,1,40,0,True,0,0.8660254037844386,0.5000000000000001,0.6350683134867438,0.7724559775191742,3,0.0,0.28,1.82,0.0,0.0,2.2,-27.3,-26.9,-22.8,0.28,0.0
3,-29.8,-26.0,-33.0,-38.1,0.0,0.0,0.0,0.0,9.9,22.0,2021-02-10,228,2021,2,2,41,0,True,0,0.8660254037844386,0.5000000000000001,0.6482618097757122,0.7614175109532997,3,0.0,0.0,0.28,0.0,0.0,0.0,-30.3,-27.3,-26.9,0.0,0.0
3,-30.8,-25.1,-34.5,-40.0,0.0,0.0,0.0,0.0,14.2,29.5,2021-02-11,149,2021,2,3,42,0,True,0,0.8660254037844386,0.5000000000000001,0.6612634749656386,0.7501537286959042,3,0.0,0.0,0.0,0.0,0.0,0.0,-29.8,-30.3,-27.3,0.0,0.0
3,-22.4,-17.4,-30.5,-36.0,0.0,0.0,0.0,0.0,10.2,21.6,2021-02-12,127,2021,2,4,43,0,True,0,0.8660254037844386,0.5000000000000001,0.6740694616546161,0.7386679638813748,3,0.0,0.0,0.0,0.0,0.0,0.0,-30.8,-29.8,-30.3,0.0,0.0
3,-23.1,-20.3,-28.5,-34.3,0.0,0.0,0.0,0.0,11.8,22.3,2021-02-13,83,2021,2,5,44,1,True,0,0.8660254037844386,0.5000000000000001,0.6866759803451553,0.726963615332308,3,0.0,0.0,0.0,0.0,0.0,0.0,-22.4,-30.8,-29.8,0.0,0.0
3,-25.7,-22.0,-29.1,-35.6,0.0,0.0,0.0,0.0,17.6,35.6,2021-02-14,62,2021,2,6,45,1,True,0,0.8660254037844386,0.5000000000000001,0.6990793005655562,0.7150441465537444,3,0.0,0.0,0.0,0.0,0.0,0.0,-23.1,-22.4,-30.8,0.0,0.0
3,-23.8,-18.2,-28.5,-33.5,0.0,0.0,0.0,0.0,10.1,20.9,2021-02-15,85,2021,2,0,46,0,True,0,0.8660254037844386,0.5000000000000001,0.7112757519738152,0.7029130847082615,3,0.0,0.0,0.0,0.0,0.0,0.0,-25.7,-23.1,-22.4,0.0,0.0
71,-15.2,-6.7,-25.1,-30.1,0.3,0.0,0.28,2.0,9.0,18.0,2021-02-16,260,2021,2,1,47,0,True,0,0.8660254037844386,0.5000000000000001,0.7232617254437388,0.6905740195722293,3,0.0,0.0,0.0,0.0,0.0,0.0,-23.8,-25.7,-23.1,0.28,0.3
71,-10.5,-6.7,-13.7,-18.7,1.0,0.0,0.84,6.0,11.7,23.4,2021-02-17,120,2021,2,2,48,0,True,0,0.8660254037844386,0.5000000000000001,0.7350336741329413,0.6780306024735382,3,0.28,0.0,0.0,0.3,0.0,0.0,-15.2,-23.8,-25.7,1.12,1.3
3,-12.6,-5.1,-20.9,-26.5,0.0,0.0,0.0,0.0,12.4,21.6,2021-02-18,303,2021,2,3,49,0,True,0,0.8660254037844386,0.5000000000000001,0.746588114532413,0.6652865452111116,3,0.84,0.28,0.0,1.0,0.3,0.0,-10.5,-15.2,-23.8,1.12,1.3
3,-4.4,1.7,-9.1,-14.4,0.0,0.0,0.0,0.0,16.0,28.1,2021-02-19,317,2021,2,4,50,0,True,1,0.8660254037844386,0.5000000000000001,0.7579216274973472,0.6523456189565257,3,0.0,0.84,0.28,0.0,1.0,0.3,-12.6,-10.5,-15.2,0.84,1.0
3,-3.7,1.1,-6.5,-12.5,0.0,0.0,0.0,0.0,20.7,41.0,2021-02-20,257,2021,2,5,51,1,True,1,0.8660254037844386,0.5000000000000001,0.7690308592589181,0.6392116531380588,3,0.0,0.0,0.84,0.0,0.0,1.0,-4.4,-12.6,-10.5,0.0,0.0
3,1.7,4.6,-3.0,-9.1,0.0,0.0,0.0,0.0,26.3,50.8,2021-02-21,242,2021,2,6,52,1,True,1,0.8660254037844386,0.5000000000000001,0.7799125224167177,0.6258885343075018,3,0.0,0.0,0.0,0.0,0.0,0.0,-3.7,-4.4,-12.6,0.0,0.0
71,2.9,5.3,-2.3,-7.4,0.2,0.1,0.07,2.0,31.7,63.0,2021-02-22,236,2021,2,0,53,0,True,1,0.8660254037844386,0.5000000000000001,0.7905633969115482,0.612380204990065,3,0.0,0.0,0.0,0.0,0.0,0.0,1.7,-3.7,-4.4,0.07,0.2
73,-3.4,-0.7,-7.4,-12.1,1.6,0.1,1.33,6.0,19.2,37.1,2021-02-23,110,2021,2,1,54,0,True,0,0.8660254037844386,0.5000000000000001,0.8009803309782905,0.5986906625177214,3,0.07,0.0,0.0,0.2,0.0,0.0,2.9,1.7,-3.7,1.4000000000000001,1.8
3,-7.6,-0.5,-14.8,-20.0,0.0,0.0,0.0,0.0,15.2,25.2,2021-02-24,318,2021,2,2,55,0,True,0,0.8660254037844386,0.5000000000000001,0.8111602420785621,0.5848239578463322,3,1.33,0.07,0.0,1.6,0.2,0.0,-3.4,2.9,1.7,1.4000000000000001,1.8
3,-0.7,3.4,-5.9,-11.5,0.0,0.0,0.0,0.0,23.5,48.2,2021-02-25,314,2021,2,3,56,0,True,1,0.8660254037844386,0.5000000000000001,0.8211001178128892,0.5707841943569036,3,0.0,1.33,0.07,0.0,1.6,0.2,-7.6,-3.4,2.9,1.33,1.6
73,-7.2,-2.5,-14.9,-19.5,2.2,0.0,1.75,13.0,17.0,32.8,2021-02-26,192,2021,2,4,57,0,True,0,0.8660254037844386,0.5000000000000001,0.8307970168121247,0.5565755266413303,3,0.0,0.0,1.33,0.0,0.0,1.6,-0.7,-7.6,-3.4,1.75,2.2
73,-12.1,-5.9,-16.7,-21.3,1.7,0.0,1.26,8.0,11.5,21.6,2021-02-27,83,2021,2,5,58,1,True,0,0.8660254037844386,0.5000000000000001,0.8402480696078469,0.5422021592729844,3,1.75,0.0,0.0,2.2,0.0,0.0,-7.2,-0.7,-7.6,3.01,3.9000000000000004
3,-3.3,5.4,-10.7,-15.3,0.0,0.0,0.0,0.0,16.8,24.1,2021-02-28,131,2021,2,6,59,1,True,1,0.8660254037844386,0.5000000000000001,0.8494504794814806,0.527668345562516,3,1.26,1.75,0.0,1.7,2.2,0.0,-12.1,-7.2,-0.7,3.01,3.9000000000000004
3,3.8,9.9,-1.0,-5.9,0.0,0.0,0.0,0.0,20.6,42.8,2021-03-01,186,2021,3,0,60,0,True,1,1.0,6.123233995736766e-17,0.8584015232918917,0.512978386299228,3,0.0,1.26,1.75,0.0,1.7,2.2,-3.3,-12.1,-7.2,1.26,1.7
3,1.3,7.1,-3.5,-7.4,0.0,0.0,0.0,0.0,15.4,28.1,2021-03-02,142,2021,3,1,61,0,True,1,1.0,6.123233995736766e-17,0.8670985522812081,0.4981366284784055,3,0.0,0.0,1.26,0.0,0.0,1.7,3.8,-3.3,-12.1,0.0,0.0
3,2.9,10.3,-2.4,-6.8,0.0,0.0,0.0,0.0,9.6,23.0,2021-03-03,117,2021,3,2,62,0,True,1,1.0,6.123233995736766e-17,0.8755389928586302,0.4831474640149687,3,0.0,0.0,0.0,0.0,0.0,0.0,1.3,3.8,-3.3,0.0,0.0
3,3.1,12.1,-3.2,-7.4,0.0,0.0,0.0,0.0,11.0,23.8,2021-03-04,130,2021,3,3,63,0,True,1,1.0,6.123233995736766e-17,0.8837203473619977,0.4680153284438345,3,0.0,0.0,0.0,0.0,0.0,0.0,2.9,1.3,3.8,0.0,0.0
3,5.2,11.8,-0.4,-4.8,0.0,0.0,0.0,0.0,19.6,40.0,2021-03-05,103,2021,3,4,64,0,True,1,1.0,6.123233995736766e-17,0.8916401947968874,0.45274469960737107,3,0.0,0.0,0.0,0.0,0.0,0.0,3.1,2.9,1.3,0.0,0.0
3,2.6,6.6,-2.5,-6.6,0.0,0.0,0.0,0.0,21.1,46.1,2021-03-06,37,2021,3,5,65,1,True,1,1.0,6.123233995736766e-17,0.8992961915530253,0.4373400963303323,3,0.0,0.0,0.0,0.0,0.0,0.0,5.2,3.1,2.9,0.0,0.0
3,1.0,7.7,-4.2,-8.9,0.0,0.0,0.0,0.0,18.7,40.7,2021-03-07,44,2021,3,6,66,1,True,1,1.0,6.123233995736766e-17,0.9066860720977985,0.4218060770826634,3,0.0,0.0,0.0,0.0,0.0,0.0,2.6,5.2,3.1,0.0,0.0
3,0.8,5.8,-3.1,-7.2,0.0,0.0,0.0,0.0,13.7,29.5,2021-03-08,65,2021,3,0,67,0,True,1,1.0,6.123233995736766e-17,0.9138076496466615,0.4061472386305789,3,0.0,0.0,0.0,0.0,0.0,0.0,1.0,2.6,5.2,0.0,0.0
3,-0.4,6.5,-5.4,-9.3,0.0,0.0,0.0,0.0,11.9,29.9,2021-03-09,82,2021,3,1,68,0,True,1,1.0,6.123233995736766e-17,0.9206588168102428,0.3903682146763026,3,0.0,0.0,0.0,0.0,0.0,0.0,0.8,1.0,2.6,0.0,0.0
71,-4.7,-2.0,-8.5,-12.9,0.0,0.0,0.14,0.0,21.3,50.0,2021-03-10,45,2021,3,2,69,0,True,0,1.0,6.123233995736766e-17,0.9272375462179537,0.374473674486883,3,0.0,0.0,0.0,0.0,0.0,0.0,-0.4,0.8,1.0,0.14,0.0
3,-3.3,6.7,-11.5,-15.9,0.0,0.0,0.0,0.0,10.4,21.6,2021-03-11,44,2021,3,3,70,0,True,1,1.0,6.123233995736766e-17,0.9335418911179212,0.35846832151248087,3,0.14,0.0,0.0,0.0,0.0,0.0,-4.7,-0.4,0.8,0.14,0.0
3,5.2,13.4,-1.1,-5.9,0.0,0.0,0.0,0.0,12.2,24.5,2021-03-12,59,2021,3,4,71,0,True,1,1.0,6.123233995736766e-17,0.9395699859530622,0.342356891994542,3,0.0,0.14,0.0,0.0,0.0,0.0,-3.3,-4.7,-0.4,0.14,0.0
3,6.0,15.6,-1.4,-5.3,0.0,0.0,0.0,0.0,19.5,42.8,2021-03-13,33,2021,3,5,72,1,True,1,1.0,6.123233995736766e-17,0.945320046913132,0.3261441535642696,3,0.0,0.0,0.14,0.0,0.0,0.0,5.2,-3.3,-4.7,0.0,0.0
3,7.1,17.9,-0.6,-4.8,0.0,0.0,0.0,0.0,15.4,36.4,2021-03-14,34,2021,3,6,73,1,True,1,1.0,6.123233995736766e-17,0.9507903724625832,0.3098349038318025,3,0.0,0.0,0.0,0.0,0.0,0.0,6.0,5.2,-3.3,0.0,0.0
71,1.5,4.4,-4.3,-8.3,0.0,0.0,0.14,0.0,22.8,51.8,2021-03-15,20,2021,3,0,74,0,True,1,1.0,6.123233995736766e-17,0.9559793438440766,0.2934339689665273,3,0.0,0.0,0.0,0.0,0.0,0.0,7.1,6.0,5.2,0.14,0.0
1,0.2,9.1,-6.6,-10.7,0.0,0.0,0.0,0.0,10.5,24.1,2021-03-16,18,2021,3,1,75,0,True,1,1.0,6.123233995736766e-17,0.9608854255574977,0.27694620226893646,3,0.14,0.0,0.0,0.0,0.0,0.0,1.5,7.1,6.0,0.14,0.0
3,2.7,13.0,-5.4,-9.4,0.0,0.0,0.0,0.0,13.3,37.4,2021-03-17,31,2021,3,2,76,0,True,1,1.0,6.123233995736766e-17,0.9655071658143364,0.2603764827344581,3,0.0,0.14,0.0,0.0,0.0,0.0,0.2,1.5,7.1,0.14,0.0
3,6.2,16.2,-2.4,-6.8,0.0,0.0,0.0,0.0,12.6,33.5,2021-03-18,12,2021,3,3,77,0,True,1,1.0,6.123233995736766e-17,0.969843196967294,0.24372971360968387,3,0.0,0.0,0.14,0.0,0.0,0.0,2.7,0.2,1.5,0.0,0.0
2,7.3,14.1,1.4,-3.5,0.0,0.0,0.0,0.0,19.6,43.6,2021-03-19,16,2021,3,4,78,0,True,0,1.0,6.123233995736766e-17,0.9738922359149924,0.22701082094141847,3,0.0,0.0,0.0,0.0,0.0,0.0,6.2,2.7,0.2,0.0,0.0
3,3.8,11.1,-1.5,-6.0,0.0,0.0,0.0,0.0,21.2,47.5,2021-03-20,3,2021,3,5,79,1,True,1,1.0,6.123233995736766e-17,0.9776530844816641,0.2102247521189836,3,0.0,0.0,0.0,0.0,0.0,0.0,7.3,6.2,2.7,0.0,0.0
3,1.0,8.0,-3.6,-7.8,0.0,0.0,0.0,0.0,16.3,36.0,2021-03-21,3,2021,3,6,80,1,True,1,1.0,6.123233995736766e-17,0.981124629771712,0.19337647441020586,3,0.0,0.0,0.0,0.0,0.0,0.0,3.8,7.3,6.2,0.0,0.0
73,1.2,5.8,-2.4,-6.5,1.8,1.0,0.91,5.0,17.5,37.4,2021-03-22,6,2021,3,0,81,0,True,1,1.0,6.123233995736766e-17,0.984305844499033,0.17647097349152166,3,0.0,0.0,0.0,0.0,0.0,0.0,1.0,3.8,7.3,0.91,1.8
3,0.4,7.1,-4.9,-8.1,0.0,0.0,0.0,0.0,11.8,30.6,2021-03-23,16,2021,3,1,82,0,True,1,1.0,6.123233995736766e-17,0.9871957872910085,0.15951325197263655,3,0.91,0.0,0.0,1.8,0.0,0.0,1.2,1.0,3.8,0.91,1.8
73,3.0,9.0,-1.1,-5.6,3.3,1.1,1.54,8.0,16.0,36.4,2021-03-24,7,2021,3,2,83,0,True,1,1.0,6.123233995736766e-17,0.9897936029670716,0.14250832791617088,3,0.0,0.91,0.0,0.0,1.8,0.0,0.4,1.2,1.0,2.45,5.1
73,-3.2,0.1,-6.0,-10.1,2.5,0.0,2.03,7.0,17.6,35.3,2021-03-25,34,2021,3,3,84,0,True,1,1.0,6.123233995736766e-17,0.992098522791769,0.12546123335273648,3,1.54,0.0,0.91,3.3,0.0,1.8,3.0,0.4,1.2,3.57,5.8
71,-2.7,3.6,-8.1,-12.6,0.0,0.0,0.14,0.0,10.2,18.4,2021-03-26,4,2021,3,4,85,0,True,1,1.0,6.123233995736766e-17,0.9941098647022418,0.10837701279187609,3,2.03,1.54,0.0,2.5,3.3,0.0,-3.2,3.0,0.4,3.71,5.8
3,3.7,11.8,-3.4,-7.3,0.0,0.0,0.0,0.0,14.1,34.6,2021-03-27,8,2021,3,5,86,1,True,1,1.0,6.123233995736766e-17,0.9958270335100595,0.09126072172931188,3,0.14,2.03,1.54,0.0,2.5,3.3,-2.7,-3.2,3.0,2.17,2.5
73,7.1,13.9,-3.2,-9.7,1.2,0.3,0.63,2.0,31.5,68.0,2021-03-28,1,2021,3,6,87,1,True,1,1.0,6.123233995736766e-17,0.9972495210773451,0.07411742515094437,3,0.0,0.14,2.03,0.0,0.0,2.5,3.7,-2.7,-3.2,0.77,1.2
73,-5.5,-1.5,-9.0,-17.4,2.3,0.0,1.68,6.0,36.3,74.5,2021-03-29,8,2021,3,0,88,0,True,0,1.0,6.123233995736766e-17,0.998376906467142,0.056952196034039754,3,0.63,0.0,0.14,1.2,0.0,0.0,7.1,3.7,-2.7,2.31,3.5
3,-3.4,4.5,-12.1,-16.8,0.0,0.0,0.0,0.0,18.6,42.1,2021-03-30,12,2021,3,1,89,0,True,1,1.0,6.123233995736766e-17,0.9992088560679753,0.03977011384605572,3,1.68,0.63,0.0,2.3,1.2,0.0,-5.5,7.1,3.7,2.3099999999999996,3.5
3,4.9,12.9,-2.0,-7.2,0.0,0.0,0.0,0.0,17.7,37.8,2021-03-31,10,2021,3,2,90,0,True,1,1.0,6.123233995736766e-17,0.9997451236925734,0.022576263041545485,3,0.0,1.68,0.63,0.0,2.3,1.2,-3.4,-5.5,7.1,1.68,2.3
3,8.6,16.5,2.4,-2.4,0.0,0.0,0.0,0.0,36.5,67.7,2021-04-01,1,2021,4,3,91,0,True,0,0.8660254037844387,-0.4999999999999998,0.9999855506507186,0.005375731557583884,3,0.0,0.0,1.68,0.0,0.0,2.3,4.9,-3.4,-5.5,0.0,0.0
3,5.2,13.6,-0.9,-5.4,0.0,0.0,0.0,0.0,14.0,35.3,2021-04-02,0,2021,4,4,92,0,True,1,0.8660254037844387,-0.4999999999999998,0.9999300657962057,-0.011826390691832589,3,0.0,0.0,0.0,0.0,0.0,0.0,8.6,4.9,-3.4,0.0,0.0
3,6.0,15.9,-1.4,-5.8,0.0,0.0,0.0,0.0,13.4,26.6,2021-04-03,1,2021,4,5,93,1,True,1,0.8660254037844387,-0.4999999999999998,0.9995786855478958,-0.029025013321975237,3,0.0,0.0,0.0,0.0,0.0,0.0,5.2,8.6,4.9,0.0,0.0
51,3.6,9.5,-1.0,-5.4,0.7,0.7,0.0,5.0,17.7,40.7,2021-04-04,0,2021,4,6,94,1,True,1,0.8660254037844387,-0.4999999999999998,0.9989315138848577,-0.046215046983708354,3,0.0,0.0,0.0,0.0,0.0,0.0,6.0,5.2,8.6,0.0,0.7
0,3.7,13.8,-5.7,-9.5,0.0,0.0,0.0,0.0,13.1,32.8,2021-04-05,0,2021,4,0,95,0,True,1,0.8660254037844387,-0.4999999999999998,0.9979887423155984,-0.06339140486951038,3,0.0,0.0,0.0,0.7,0.0,0.0,3.6,6.0,5.2,0.0,0.7
1,7.1,16.7,-0.4,-5.5,0.0,0.0,0.0,0.0,13.6,29.5,2021-04-06,2,2021,4,1,96,0,True,1,0.8660254037844387,-0.4999999999999998,0.9967506498213929,-0.08054900421874167,3,0.0,0.0,0.0,0.0,0.7,0.0,3.7,3.6,6.0,0.0,0.7
3,7.6,16.5,0.8,-3.7,0.0,0.0,0.0,0.0,24.0,51.1,2021-04-07,1,2021,4,2,97,0,True,0,0.8660254037844387,-0.4999999999999998,0.9952176027737294,-0.09768276782171598,3,0.0,0.0,0.0,0.0,0.0,0.7,7.1,3.7,3.6,0.0,0.0
73,1.2,4.8,-3.0,-7.9,1.1,0.2,0.77,6.0,24.6,52.2,2021-04-08,0,2021,4,3,98,0,True,1,0.8660254037844387,-0.4999999999999998,0.9933900548258936,-0.11478762552212701,3,0.0,0.0,0.0,0.0,0.0,0.0,7.6,7.1,3.7,0.7699999999999998,1.1
3,2.9,11.5,-4.5,-8.5,0.0,0.0,0.0,0.0,19.9,40.3,2021-04-09,0,2021,4,4,99,0,True,1,0.8660254037844387,-0.4999999999999998,0.9912685467787256,-0.13185851571739118,3,0.77,0.0,0.0,1.1,0.0,0.0,1.2,7.6,7.1,0.7699999999999998,1.1
71,1.6,6.7,-2.8,-9.2,0.6,0.3,0.21,5.0,28.8,56.2,2021-04-10,0,2021,4,5,100,1,True,1,0.8660254037844387,-0.4999999999999998,0.9888537064205885,-0.1488903868564548,3,0.0,0.77,0.0,0.0,1.1,0.0,2.9,1.2,7.6,0.9799999999999998,1.7000000000000002
3,-0.7,4.8,-5.1,-10.6,0.0,0.0,0.0,0.0,20.9,47.2,2021-04-11,0,2021,4,6,101,1,True,1,0.8660254037844387,-0.4999999999999998,0.986146248341595,-0.16587819893463143,3,0.21,0.0,0.77,0.6,0.0,1.1,1.6,2.9,1.2,0.20999999999999977,0.6
71,-1.3,3.2,-5.6,-9.5,0.2,0.1,0.21,2.0,13.6,39.2,2021-04-12,1,2021,4,0,102,0,True,1,0.8660254037844387,-0.4999999999999998,0.9831469737221499,-0.1828169249850199,3,0.0,0.21,0.0,0.0,0.6,0.0,-0.7,1.6,2.9,0.41999999999999976,0.8
3,0.2,7.9,-6.3,-9.9,0.0,0.0,0.0,0.0,9.6,27.0,2021-04-13,0,2021,4,1,103,0,True,1,0.8660254037844387,-0.4999999999999998,0.9798567700958665,-0.1997015525660636,3,0.21,0.0,0.21,0.2,0.0,0.6,-1.3,-0.7,1.6,0.20999999999999977,0.2
3,3.8,13.5,-5.1,-9.6,0.0,0.0,0.0,0.0,9.7,27.0,2021-04-14,3,2021,4,2,104,0,True,1,0.8660254037844387,-0.4999999999999998,0.9762766110869321,-0.21652708524481437,3,0.0,0.21,0.0,0.0,0.2,0.0,0.2,-1.3,-0.7,0.20999999999999977,0.2
0,5.7,14.9,-4.5,-8.5,0.0,0.0,0.0,0.0,13.6,34.2,2021-04-15,1,2021,4,3,105,0,True,1,0.8660254037844387,-0.4999999999999998,0.9724075561219968,-0.23328854407545518,3,0.0,0.0,0.21,0.0,0.0,0.2,3.8,0.2,-1.3,0.0,0.0
1,8.0,18.8,-2.2,-6.6,0.0,0.0,0.0,0.0,11.7,19.4,2021-04-16,1,2021,4,4,106,0,True,1,0.8660254037844387,-0.4999999999999998,0.9682507501166718,-0.2499809690726521,3,0.0,0.0,0.0,0.0,0.0,0.0,5.7,3.8,0.2,0.0,0.0
3,10.4,20.9,-0.1,-4.9,0.0,0.0,0.0,0.0,15.5,32.8,2021-04-17,0,2021,4,5,107,1,True,1,0.8660254037844387,-0.4999999999999998,0.9638074231367307,-0.26659942067929354,3,0.0,0.0,0.0,0.0,0.0,0.0,8.0,5.7,3.8,0.0,0.0
75,0.2,7.6,-6.4,-11.0,8.6,0.7,5.6,14.0,18.3,36.7,2021-04-18,2,2021,4,6,108,1,True,1,0.8660254037844387,-0.4999999999999998,0.9590788900341131,-0.28313898122818354,3,0.0,0.0,0.0,0.0,0.0,0.0,10.4,8.0,5.7,5.6,8.6
3,-0.8,4.4,-6.2,-10.9,0.0,0.0,0.0,0.0,20.2,42.5,2021-04-19,2,2021,4,0,109,0,True,1,0.8660254037844387,-0.4999999999999998,0.9540665500578387,-0.2995947563972602,3,5.6,0.0,0.0,8.6,0.0,0.0,0.2,10.4,8.0,5.6,8.6
3,3.3,11.4,-4.8,-8.9,0.0,0.0,0.0,0.0,13.1,25.9,2021-04-20,2,2021,4,1,110,0,True,1,0.8660254037844387,-0.4999999999999998,0.9487718864399473,-0.31596187665790293,3,0.0,5.6,0.0,0.0,8.6,0.0,-0.8,0.2,10.4,5.6,8.6
3,8.8,19.1,-2.8,-7.0,0.0,0.0,0.0,0.0,26.7,43.2,2021-04-21,1,2021,4,2,111,0,True,1,0.8660254037844387,-0.4999999999999998,0.9431964659565866,-0.33223549871590435,3,0.0,0.0,5.6,0.0,0.0,8.6,3.3,-0.8,0.2,0.0,0.0
71,0.1,8.2,-4.3,-8.8,0.7,0.2,0.84,4.0,24.1,47.5,2021-04-22,1,2021,4,3,112,0,True,1,0.8660254037844387,-0.4999999999999998,0.9373419384643772,-0.3484108069446808,3,0.0,0.0,0.0,0.0,0.0,0.0,8.8,3.3,-0.8,0.84,0.7
3,-1.3,3.1,-6.9,-10.9,0.0,0.0,0.0,0.0,10.1,28.8,2021-04-23,0,2021,4,4,113,0,True,1,0.8660254037844387,-0.4999999999999998,0.9312100364121947,-0.3644830148102912,3,0.84,0.0,0.0,0.7,0.0,0.0,0.1,8.8,3.3,0.84,0.7
71,0.3,4.0,-4.4,-8.0,0.0,0.0,0.07,0.0,14.5,34.6,2021-04-24,0,2021,4,5,114,1,True,1,0.8660254037844387,-0.4999999999999998,0.9248025743285089,-0.38044736628785164,3,0.0,0.84,0.0,0.0,0.7,0.0,-1.3,0.1,8.8,0.9099999999999999,0.7
73,1.2,4.9,-1.5,-4.6,4.9,0.3,3.29,15.0,12.3,31.0,2021-04-25,1,2021,4,6,115,1,True,1,0.8660254037844387,-0.4999999999999998,0.9181214482844364,-0.39629913726891813,3,0.07,0.0,0.84,0.0,0.0,0.7,0.3,-1.3,0.1,3.36,4.9
3,6.0,14.4,-3.0,-6.6,0.0,0.0,0.0,0.0,15.7,39.6,2021-04-26,0,2021,4,0,116,0,True,1,0.8660254037844387,-0.4999999999999998,0.9111686353326631,-0.41203363695942635,3,3.29,0.07,0.0,4.9,0.0,0.0,1.2,0.3,-1.3,3.36,4.9
3,7.8,15.8,0.0,-4.8,0.0,0.0,0.0,0.0,13.9,38.9,2021-04-27,0,2021,4,1,117,0,True,0,0.8660254037844387,-0.4999999999999998,0.9039461929224011,-0.42764620926777464,3,0.0,3.29,0.07,0.0,4.9,0.0,6.0,1.2,0.3,3.29,4.9
3,8.7,17.8,-2.5,-6.2,0.0,0.0,0.0,0.0,22.1,44.6,2021-04-28,0,2021,4,2,118,0,True,1,0.8660254037844387,-0.4999999999999998,0.8964562582905575,-0.44313223418263453,3,0.0,0.0,3.29,0.0,0.0,4.9,7.8,6.0,1.2,0.0,0.0
3,12.2,21.7,2.4,-0.4,0.0,0.0,0.0,0.0,17.7,38.5,2021-04-29,0,2021,4,3,119,0,True,0,0.8660254037844387,-0.4999999999999998,0.8887010478292915,-0.45848712914008766,3,0.0,0.0,0.0,0.0,0.0,0.0,8.7,7.8,6.0,0.0,0.0
51,14.7,23.2,6.6,3.0,0.1,0.1,0.0,1.0,27.3,54.0,2021-04-30,1,2021,4,4,120,0,True,0,0.8660254037844387,-0.4999999999999998,0.8806828564301475,-0.47370635037968,3,0.0,0.0,0.0,0.0,0.0,0.0,12.2,8.7,7.8,0.0,0.1
61,7.5,13.0,2.2,-1.4,3.1,3.1,0.0,11.0,20.2,40.3,2021-05-01,0,2021,5,5,121,1,False,0,0.49999999999999994,-0.8660254037844387,0.8724040568049612,-0.48878539428899265,3,0.0,0.0,0.0,0.1,0.0,0.0,14.7,12.2,8.7,0.0,3.2
51,5.3,9.5,1.1,-3.1,0.1,0.1,0.0,1.0,16.4,47.9,2021-05-02,0,2021,5,6,122,1,False,0,0.49999999999999994,-0.8660254037844387,0.8638670987837349,-0.503719798736334,3,0.0,0.0,0.0,3.1,0.1,0.0,7.5,14.7,12.2,0.0,3.3000000000000003
51,6.1,12.3,-2.1,-5.5,0.5,0.5,0.0,2.0,13.1,29.9,2021-05-03,0,2021,5,0,123,0,False,1,0.49999999999999994,-0.8660254037844387,0.8550745085896932,-0.518505144391157,3,0.0,0.0,0.0,0.1,3.1,0.1,5.3,7.5,14.7,0.0,3.7
71,6.6,12.1,1.0,-2.1,7.4,7.2,0.14,8.0,15.5,31.3,2021-05-04,1,2021,5,1,124,0,False,0,0.49999999999999994,-0.8660254037844387,0.8460288880917339,-0.533137056031809,3,0.0,0.0,0.0,0.5,0.1,3.1,6.1,5.3,7.5,0.14,8.0
51,7.9,15.2,0.8,-3.0,0.1,0.1,0.0,1.0,12.7,32.0,2021-05-05,0,2021,5,2,125,0,False,0,0.49999999999999994,-0.8660254037844387,0.8367329140344921,-0.5476112038402312,3,0.14,0.0,0.0,7.4,0.5,0.1,6.6,6.1,5.3,0.14,8.0
3,11.5,19.1,1.9,-2.3,0.0,0.0,0.0,0.0,24.2,52.9,2021-05-06,0,2021,5,3,126,0,False,0,0.49999999999999994,-0.8660254037844387,0.8271893372462497,-0.5619233046832195,3,0.0,0.14,0.0,0.1,7.4,0.5,7.9,6.6,6.1,0.14,7.5
3,11.5,16.9,7.2,2.3,0.0,0.0,0.0,0.0,18.8,34.6,2021-05-07,1,2021,5,4,127,0,False,0,0.49999999999999994,-0.8660254037844387,0.8174009818249189,-0.5760691233798758,3,0.0,0.0,0.14,0.0,0.1,7.4,11.5,7.9,6.6,0.0,0.1
71,3.4,8.2,0.8,-3.3,7.4,6.9,0.35,23.0,30.6,63.7,2021-05-08,0,2021,5,5,128,1,False,0,0.49999999999999994,-0.8660254037844387,0.8073707443023492,-0.5900444739548627,3,0.0,0.0,0.0,0.0,0.0,0.1,11.5,11.5,7.9,0.35,7.4
73,2.1,4.1,0.0,-3.3,5.1,1.4,2.59,17.0,15.5,28.8,2021-05-09,0,2021,5,6,129,1,False,0,0.49999999999999994,-0.8660254037844387,0.7971015927871943,-0.6038452208771035,3,0.35,0.0,0.0,7.4,0.0,0.0,3.4,11.5,11.5,2.94,12.5
3,6.3,14.2,-2.0,-5.5,0.0,0.0,0.0,0.0,9.6,26.3,2021-05-10,5,2021,5,0,130,0,False,1,0.49999999999999994,-0.8660254037844387,0.7865965660866021,-0.6174672802835514,3,2.59,0.35,0.0,5.1,7.4,0.0,2.1,3.4,11.5,2.94,12.5
61,6.7,12.4,1.5,-1.3,2.9,2.9,0.0,7.0,13.8,26.3,2021-05-11,1,2021,5,1,131,0,False,0,0.49999999999999994,-0.8660254037844387,0.7758587728069828,-0.6309066211876704,3,0.0,2.59,0.35,0.0,5.1,7.4,6.3,2.1,3.4,2.59,8.0
3,9.9,18.7,-0.5,-4.3,0.0,0.0,0.0,0.0,8.9,25.6,2021-05-12,2,2021,5,2,132,0,False,1,0.49999999999999994,-0.8660254037844387,0.7648913904341225,-0.6441592666722685,3,0.0,0.0,2.59,2.9,0.0,5.1,6.7,6.3,2.1,0.0,2.9
51,11.9,15.6,7.7,3.9,0.5,0.5,0.0,3.0,15.3,41.8,2021-05-13,0,2021,5,3,133,0,False,0,0.49999999999999994,-0.8660254037844387,0.753697664392914,-0.6572212950663319,3,0.0,0.0,0.0,0.0,2.9,0.0,9.9,6.7,6.3,0.0,3.4
51,11.9,19.5,2.5,-0.8,0.1,0.1,0.0,1.0,8.6,19.8,2021-05-14,0,2021,5,4,134,0,False,0,0.49999999999999994,-0.8660254037844387,0.742280907086982,-0.6700888411055113,3,0.0,0.0,0.0,0.5,0.0,2.9,11.9,9.9,6.7,0.0,0.6
3,14.8,23.6,4.2,1.1,0.0,0.0,0.0,0.0,12.8,27.7,2021-05-15,0,2021,5,5,135,1,False,0,0.49999999999999994,-0.8660254037844387,0.7306444969184916,-0.6827580970759147,3,0.0,0.0,0.0,0.1,0.5,0.0,11.9,11.9,9.9,0.0,0.6
3,17.2,26.3,7.6,3.8,0.0,0.0,0.0,0.0,13.0,30.2,2021-05-16,0,2021,5,6,136,1,False,0,0.49999999999999994,-0.8660254037844387,0.7187918772884232,-0.6952253139408722,3,0.0,0.0,0.0,0.0,0.1,0.5,14.8,11.9,11.9,0.0,0.1
3,18.2,27.7,9.9,6.6,0.0,0.0,0.0,0.0,18.2,44.6,2021-05-17,0,2021,5,0,137,0,False,0,0.49999999999999994,-0.8660254037844387,0.7067265555776158,-0.7074868024503348,3,0.0,0.0,0.0,0.0,0.0,0.1,17.2,14.8,11.9,0.0,0.0
53,11.0,15.5,4.5,-1.2,1.7,1.7,0.0,4.0,33.5,73.8,2021-05-18,0,2021,5,1,138,0,False,0,0.49999999999999994,-0.8660254037844387,0.6944521021088763,-0.719538934232584,3,0.0,0.0,0.0,0.0,0.0,0.0,18.2,17.2,14.8,0.0,1.7
51,4.8,8.9,0.4,-3.4,0.4,0.4,0.0,4.0,17.5,39.6,2021-05-19,0,2021,5,2,139,0,False,0,0.49999999999999994,-0.8660254037844387,0.6819721490904629,-0.7313781428679254,3,0.0,0.0,0.0,1.7,0.0,0.0,11.0,18.2,17.2,0.0,2.1
73,1.1,3.0,-0.5,-4.6,3.7,0.3,2.52,16.0,14.9,37.4,2021-05-20,0,2021,5,3,140,0,False,1,0.49999999999999994,-0.8660254037844387,0.6692903895412567,-0.7430009249440493,3,0.0,0.0,0.0,0.4,1.7,0.0,4.8,11.0,18.2,2.52,5.800000000000001
71,4.3,10.1,-0.9,-3.8,0.4,0.0,0.35,2.0,9.6,28.1,2021-05-21,0,2021,5,4,141,0,False,1,0.49999999999999994,-0.8660254037844387,0.6564105761979381,-0.7544038410927472,3,2.52,0.0,0.0,3.7,0.4,1.7,1.1,4.8,11.0,2.87,4.5
3,7.3,13.2,-0.2,-3.4,0.0,0.0,0.0,0.0,16.6,37.4,2021-05-22,0,2021,5,5,142,1,False,1,0.49999999999999994,-0.8660254037844387,0.6433365204044917,-0.765583517007675,3,0.35,2.52,0.0,0.4,3.7,0.4,4.3,1.1,4.8,2.87,4.1000000000000005
61,5.2,11.0,0.9,-2.1,9.0,9.0,0.0,8.0,15.4,39.6,2021-05-23,0,2021,5,6,143,1,False,0,0.49999999999999994,-0.8660254037844387,0.6300720909843687,-0.7765366444428655,3,0.0,0.35,2.52,0.0,0.4,3.7,7.3,4.3,1.1,0.35,9.4
61,6.5,9.8,2.1,-0.6,13.4,13.4,0.0,19.0,27.2,61.6,2021-05-24,1,2021,5,0,144,0,False,0,0.49999999999999994,-0.8660254037844387,0.6166212130956382,-0.7872599821916922,3,0.0,0.0,0.35,9.0,0.0,0.4,5.2,7.3,4.3,0.0,22.4
61,8.9,12.1,6.2,3.4,5.5,5.5,0.0,13.0,17.3,39.2,2021-05-25,0,2021,5,1,145,0,False,0,0.49999999999999994,-0.8660254037844387,0.6029878670694714,-0.7977503570459932,3,0.0,0.0,0.0,13.4,9.0,0.0,6.5,5.2,7.3,0.0,27.9
61,11.4,19.3,5.4,2.1,1.7,1.7,0.0,2.0,18.9,40.3,2021-05-26,0,2021,5,2,146,0,False,0,0.49999999999999994,-0.8660254037844387,0.5891760872322963,-0.8080046647350754,3,0.0,0.0,0.0,5.5,13.4,9.0,8.9,6.5,5.2,0.0,20.6
51,14.5,21.6,6.3,3.4,0.2,0.2,0.0,1.0,24.6,53.6,2021-05-27,0,2021,5,3,147,0,False,0,0.49999999999999994,-0.8660254037844387,0.5751899607119775,-0.8180198708443174,3,0.0,0.0,0.0,1.7,5.5,13.4,11.4,8.9,6.5,0.0,7.4
53,11.4,16.5,6.0,2.4,1.0,1.0,0.0,2.0,22.3,52.2,2021-05-28,1,2021,5,4,148,0,False,0,0.49999999999999994,-0.8660254037844387,0.5610336262283677,-0.8277930117131022,3,0.0,0.0,0.0,0.2,1.7,5.5,14.5,11.4,8.9,0.0,2.9
3,12.5,19.2,4.6,0.3,0.0,0.0,0.0,0.0,13.9,27.4,2021-05-29,0,2021,5,5,149,1,False,0,0.49999999999999994,-0.8660254037844387,0.5467112728685939,-0.8373211953118121,3,0.0,0.0,0.0,1.0,0.2,1.7,11.4,14.5,11.4,0.0,1.2
3,14.8,23.7,4.7,0.7,0.0,0.0,0.0,0.0,11.5,25.9,2021-05-30,0,2021,5,6,150,1,False,0,0.49999999999999994,-0.8660254037844387,0.5322271388474397,-0.8466016020976267,3,0.0,0.0,0.0,0.0,1.0,0.2,12.5,11.4,14.5,0.0,1.0
3,18.0,25.8,9.3,5.9,0.0,0.0,0.0,0.0,11.8,26.6,2021-05-31,0,2021,5,0,151,0,False,0,0.49999999999999994,-0.8660254037844387,0.5175855102531889,-0.8556314858488706,3,0.0,0.0,0.0,0.0,0.0,1.0,14.8,12.5,11.4,0.0,0.0
3,20.0,28.1,10.7,8.2,0.0,0.0,0.0,0.0,10.8,23.8,2021-06-01,0,2021,6,1,152,0,False,0,1.2246467991473532e-16,-1.0,0.5027907197793043,-0.8644081744776648,3,0.0,0.0,0.0,0.0,0.0,0.0,18.0,14.8,12.5,0.0,0.0
0,22.4,31.4,12.2,9.6,0.0,0.0,0.0,0.0,12.3,26.6,2021-06-02,1,2021,6,2,153,0,False,0,1.2246467991473532e-16,-1.0,0.4878471454423119,-0.8729290708206411,3,0.0,0.0,0.0,0.0,0.0,0.0,20.0,18.0,14.8,0.0,0.0
51,23.3,32.0,13.1,11.1,0.4,0.4,0.0,2.0,17.2,43.6,2021-06-03,0,2021,6,3,154,0,False,0,1.2246467991473532e-16,-1.0,0.47275920928627757,-0.881191653407483,3,0.0,0.0,0.0,0.0,0.0,0.0,22.4,20.0,18.0,0.0,0.4
51,20.5,28.6,12.7,10.6,0.8,0.8,0.0,5.0,20.6,41.0,2021-06-04,1,2021,6,4,155,0,False,0,1.2246467991473532e-16,-1.0,0.4575313760742512,-0.8891934772070711,3,0.0,0.0,0.0,0.4,0.0,0.0,23.3,22.4,20.0,0.0,1.2000000000000002
63,13.4,17.4,7.4,5.3,7.9,7.9,0.0,7.0,22.0,50.0,2021-06-05,0,2021,6,5,156,1,False,0,1.2246467991473532e-16,-1.0,0.44216815196707204,-0.8969321743510065,3,0.0,0.0,0.0,0.8,0.4,0.0,20.5,23.3,22.4,0.0,9.100000000000001
61,10.5,14.6,7.1,4.3,2.0,2.0,0.0,5.0,13.5,31.0,2021-06-06,0,2021,6,6,157,1,False,0,1.2246467991473532e-16,-1.0,0.42667408318992467,-0.9044054548343001,3,0.0,0.0,0.0,7.9,0.8,0.4,13.4,20.5,23.3,0.0,10.7
51,9.2,14.1,4.3,1.7,1.8,1.8,0.0,6.0,15.2,44.6,2021-06-07,0,2021,6,0,158,0,False,0,1.2246467991473532e-16,-1.0,0.4110537546870351,-0.9116111071930239,3,0.0,0.0,0.0,2.0,7.9,0.8,10.5,13.4,20.5,0.0,11.700000000000001
3,8.8,13.6,2.8,0.4,0.0,0.0,0.0,0.0,15.5,33.5,2021-06-08,0,2021,6,1,159,0,False,0,1.2246467991473532e-16,-1.0,0.3953117887649151,-0.9185469991587165,3,0.0,0.0,0.0,1.8,2.0,7.9,9.2,10.5,13.4,0.0,3.8
61,10.1,14.1,5.0,2.3,3.3,3.3,0.0,4.0,15.9,34.9,2021-06-09,0,2021,6,2,160,0,False,0,1.2246467991473532e-16,-1.0,0.37945284372454435,-0.925211078289358,3,0.0,0.0,0.0,0.0,1.8,2.0,8.8,9.2,10.5,0.0,5.1
55,9.9,12.0,6.3,4.3,8.7,8.7,0.0,17.0,13.8,32.4,2021-06-10,0,2021,6,3,161,0,False,0,1.2246467991473532e-16,-1.0,0.36348161248290634,-0.9316013725767187,3,0.0,0.0,0.0,3.3,0.0,1.8,10.1,8.8,9.2,0.0,12.0
3,12.1,18.4,5.0,1.2,0.0,0.0,0.0,0.0,16.0,32.4,2021-06-11,0,2021,6,4,162,0,False,0,1.2246467991473532e-16,-1.0,0.3474028211842774,-0.9377159910299093,3,0.0,0.0,0.0,8.7,3.3,0.0,9.9,10.1,8.8,0.0,12.0
3,13.6,21.5,4.9,1.9,0.0,0.0,0.0,0.0,17.0,35.6,2021-06-12,0,2021,6,5,163,1,False,0,1.2246467991473532e-16,-1.0,0.3312212278016865,-0.9435531242349544,3,0.0,0.0,0.0,0.0,8.7,3.3,12.1,9.9,10.1,0.0,8.7
51,17.9,29.5,5.7,3.0,0.1,0.1,0.0,1.0,16.0,43.9,2021-06-13,0,2021,6,6,164,1,False,0,1.2246467991473532e-16,-1.0,0.31494162072895193,-0.9491110448902284,3,0.0,0.0,0.0,0.0,0.0,8.7,13.6,12.1,9.9,0.0,0.1
3,22.1,31.7,12.7,11.6,0.0,0.0,0.0,0.0,13.8,33.1,2021-06-14,0,2021,6,0,165,0,False,0,1.2246467991473532e-16,-1.0,0.2985688173637202,-0.9543881083175908,3,0.0,0.0,0.0,0.1,0.0,0.0,17.9,13.6,12.1,0.0,0.1
51,19.7,26.4,13.5,10.2,0.6,0.6,0.0,3.0,20.7,51.5,2021-06-15,0,2021,6,1,166,0,False,0,1.2246467991473532e-16,-1.0,0.2821076626819194,-0.9593827529490743,3,0.0,0.0,0.0,0.0,0.1,0.0,22.1,17.9,13.6,0.0,0.7
55,16.2,21.8,8.3,6.5,2.0,2.0,0.0,3.0,25.2,52.2,2021-06-16,0,2021,6,2,167,0,False,0,1.2246467991473532e-16,-1.0,0.26556302780405594,-0.9640935007889755,3,0.0,0.0,0.0,0.6,0.0,0.1,19.7,22.1,17.9,0.0,2.6
51,16.0,23.2,7.2,3.4,0.2,0.2,0.0,1.0,18.8,45.4,2021-06-17,0,2021,6,3,168,0,False,0,1.2246467991473532e-16,-1.0,0.24893980855376657,-0.9685189578512204,3,0.0,0.0,0.0,2.0,0.6,0.0,16.2,19.7,22.1,0.0,2.8000000000000003
3,16.0,24.2,5.3,2.9,0.0,0.0,0.0,0.0,14.8,33.8,2021-06-18,0,2021,6,4,169,0,False,0,1.2246467991473532e-16,-1.0,0.23224292400907015,-0.9726578145718654,3,0.0,0.0,0.0,0.2,2.0,0.6,16.0,16.2,19.7,0.0,2.2
53,13.4,15.7,11.0,8.3,3.1,3.1,0.0,12.0,16.2,36.7,2021-06-19,0,2021,6,5,170,1,False,0,1.2246467991473532e-16,-1.0,0.21547731504673012,-0.976508846196619,3,0.0,0.0,0.0,0.0,0.2,2.0,16.0,16.0,16.2,0.0,3.3000000000000003
51,15.4,21.9,8.7,6.0,0.9,0.9,0.0,4.0,15.2,37.4,2021-06-20,0,2021,6,6,171,1,False,0,1.2246467991473532e-16,-1.0,0.19864794288017112,-0.9800709131432666,3,0.0,0.0,0.0,3.1,0.0,0.2,13.4,16.0,16.0,0.0,4.0
3,18.3,28.3,6.3,4.2,0.0,0.0,0.0,0.0,9.5,19.8,2021-06-21,0,2021,6,0,172,0,False,0,1.2246467991473532e-16,-1.0,0.18175978759137534,-0.9833429613388902,3,0.0,0.0,0.0,0.9,3.1,0.0,15.4,13.4,16.0,0.0,4.0
2,22.4,31.1,11.4,9.0,0.0,0.0,0.0,0.0,16.2,39.6,2021-06-22,0,2021,6,1,173,0,False,0,1.2246467991473532e-16,-1.0,0.16481784665719793,-0.9863240225317866,3,0.0,0.0,0.0,0.0,0.9,3.1,18.3,15.4,13.4,0.0,0.9
51,18.4,22.9,13.3,10.9,0.5,0.5,0.0,2.0,20.6,38.9,2021-06-23,0,2021,6,2,174,0,False,0,1.2246467991473532e-16,-1.0,0.14782713347053048,-0.9890132145779883,3,0.0,0.0,0.0,0.0,0.0,0.9,22.4,18.3,15.4,0.0,0.5
63,14.9,19.4,11.7,10.9,10.3,10.3,0.0,12.0,10.7,30.2,2021-06-24,0,2021,6,3,175,0,False,0,1.2246467991473532e-16,-1.0,0.13079267585675922,-0.9914097417023038,3,0.0,0.0,0.0,0.5,0.0,0.0,18.4,22.4,18.3,0.0,10.8
3,19.0,27.3,10.0,8.6,0.0,0.0,0.0,0.0,16.9,41.4,2021-06-25,0,2021,6,4,176,0,False,0,1.2246467991473532e-16,-1.0,0.11371951458594969,-0.9935128947338007,3,0.0,0.0,0.0,10.3,0.5,0.0,14.9,18.4,22.4,0.0,10.8
2,23.7,31.3,15.2,13.9,0.0,0.0,0.0,0.0,15.1,40.7,2021-06-26,0,2021,6,5,177,1,False,0,1.2246467991473532e-16,-1.0,0.0966127018812031,-0.9953220513156602,3,0.0,0.0,0.0,0.0,10.3,0.5,19.0,14.9,18.4,0.0,10.3
1,23.9,30.9,15.4,15.5,0.0,0.0,0.0,0.0,11.2,24.1,2021-06-27,0,2021,6,6,178,1,False,0,1.2246467991473532e-16,-1.0,0.07947729992362097,-0.9968366760893436,3,0.0,0.0,0.0,0.0,0.0,10.3,23.7,19.0,14.9,0.0,0.0
3,25.9,35.9,15.4,14.2,0.0,0.0,0.0,0.0,13.4,34.9,2021-06-28,0,2021,6,0,179,0,False,0,1.2246467991473532e-16,-1.0,0.062318379354325076,-0.998056320853012,3,0.0,0.0,0.0,0.0,0.0,0.0,23.9,23.7,19.0,0.0,0.0
3,27.7,37.3,15.9,16.1,0.0,0.0,0.0,0.0,17.7,32.4,2021-06-29,0,2021,6,1,180,0,False,0,1.2246467991473532e-16,-1.0,0.04514101777397193,-0.9989806246941579,3,0.0,0.0,0.0,0.0,0.0,0.0,25.9,23.9,23.7,0.0,0.0
2,27.4,36.6,15.7,14.3,0.0,0.0,0.0,0.0,21.1,46.8,2021-06-30,0,2021,6,2,181,0,False,0,1.2246467991473532e-16,-1.0,0.02795029824021032,-0.999609314096404,3,0.0,0.0,0.0,0.0,0.0,0.0,27.7,25.9,23.9,0.0,0.0
2,27.4,36.7,16.5,14.0,0.0,0.0,0.0,0.0,21.3,48.6,2021-07-01,0,2021,7,3,182,0,False,0,-0.4999999999999997,-0.8660254037844388,0.01075130776352193,-0.9999422030204416,3,0.0,0.0,0.0,0.0,0.0,0.0,27.4,27.7,25.9,0.0,0.0
61,23.5,31.4,15.2,16.1,6.2,6.2,0.0,6.0,14.0,41.0,2021-07-02,0,2021,7,4,183,0,False,0,-0.4999999999999997,-0.8660254037844388,-0.00645086419810515,-0.9999791929590823,3,0.0,0.0,0.0,0.0,0.0,0.0,27.4,27.4,27.7,0.0,6.2
61,20.4,27.7,13.6,13.1,2.5,2.5,0.0,4.0,11.7,30.6,2021-07-03,0,2021,7,5,184,1,False,0,-0.4999999999999997,-0.8660254037844388,-0.023651127245231586,-0.9997202729664083,3,0.0,0.0,0.0,6.2,0.0,0.0,23.5,27.4,27.4,0.0,8.7
63,15.4,18.9,13.0,13.0,35.2,35.2,0.0,24.0,13.1,41.0,2021-07-04,0,2021,7,6,185,1,False,0,-0.4999999999999997,-0.8660254037844388,-0.04084439154329611,-0.9991655196610109,3,0.0,0.0,0.0,2.5,6.2,0.0,20.4,23.5,27.4,0.0,43.900000000000006
55,14.4,17.3,12.4,11.8,6.0,6.0,0.0,15.0,11.6,26.6,2021-07-05,0,2021,7,0,186,0,False,0,-0.4999999999999997,-0.8660254037844388,-0.05802556932878035,-0.9983150972033183,3,0.0,0.0,0.0,35.2,2.5,6.2,15.4,20.4,23.5,0.0,43.7
55,17.8,23.3,13.0,12.3,4.3,4.3,0.0,8.0,13.4,27.7,2021-07-06,0,2021,7,1,187,0,False,0,-0.4999999999999997,-0.8660254037844388,-0.07518957641475855,-0.9971692572470178,3,0.0,0.0,0.0,6.0,35.2,2.5,14.4,15.4,20.4,0.0,45.5
63,18.8,25.4,11.7,11.2,9.1,9.1,0.0,4.0,11.0,26.3,2021-07-07,0,2021,7,2,188,0,False,0,-0.4999999999999997,-0.8660254037844388,-0.09233133369539122,-0.9957283388645872,3,0.0,0.0,0.0,4.3,6.0,35.2,17.8,14.4,15.4,0.0,19.4
63,18.5,25.3,12.0,11.2,7.6,7.6,0.0,10.0,12.2,28.1,2021-07-08,0,2021,7,3,189,0,False,0,-0.4999999999999997,-0.8660254037844388,-0.10944576864891556,-0.993992768446958,3,0.0,0.0,0.0,9.1,4.3,6.0,18.8,17.8,14.4,0.0,21.0
2,20.0,27.5,11.0,10.4,0.0,0.0,0.0,0.0,8.3,19.4,2021-07-09,0,2021,7,4,190,0,False,0,-0.4999999999999997,-0.8660254037844388,-0.12652781683868314,-0.9919630595773397,3,0.0,0.0,0.0,7.6,9.1,4.3,18.5,18.8,17.8,0.0,16.699999999999996
1,22.0,31.1,12.6,11.5,0.0,0.0,0.0,0.0,17.6,29.2,2021-07-10,0,2021,7,5,191,1,False,0,-0.4999999999999997,-0.8660254037844388,-0.1435724234118113,-0.9896398128792412,3,0.0,0.0,0.0,0.0,7.6,9.1,20.0,18.5,18.8,0.0,7.6
61,17.8,23.5,13.9,12.9,5.8,5.8,0.0,7.0,15.9,30.2,2021-07-11,0,2021,7,6,192,1,False,0,-0.4999999999999997,-0.8660254037844388,-0.16057454459499376,-0.9870237158387383,3,0.0,0.0,0.0,0.0,0.0,7.6,22.0,20.0,18.5,0.0,5.8
2,18.5,26.0,9.7,9.1,0.0,0.0,0.0,0.0,8.2,30.6,2021-07-12,0,2021,7,0,193,0,False,0,-0.4999999999999997,-0.8660254037844388,-0.17752914918703497,-0.984115542601034,3,0.0,0.0,0.0,5.8,0.0,0.0,17.8,22.0,20.0,0.0,5.8
2,19.8,27.0,11.7,11.6,0.0,0.0,0.0,0.0,12.9,31.3,2021-07-13,0,2021,7,1,194,0,False,0,-0.4999999999999997,-0.8660254037844388,-0.19443122004766195,-0.9809161537413774,3,0.0,0.0,0.0,0.0,5.8,0.0,18.5,17.8,22.0,0.0,5.8
51,21.3,31.3,11.9,10.6,0.2,0.2,0.0,1.0,11.3,23.4,2021-07-14,0,2021,7,2,195,0,False,0,-0.4999999999999997,-0.8660254037844388,-0.2112757555821793,-0.9774264960104055,3,0.0,0.0,0.0,0.0,0.0,5.8,19.8,18.5,17.8,0.0,0.2
53,21.1,29.3,12.8,11.5,0.6,0.6,0.0,1.0,14.4,32.4,2021-07-15,0,2021,7,3,196,0,False,0,-0.4999999999999997,-0.8660254037844388,-0.2280577712215198,-0.9736476020539838,3,0.0,0.0,0.0,0.2,0.0,0.0,21.3,19.8,18.5,0.0,0.8
3,20.2,26.5,14.5,13.1,0.0,0.0,0.0,0.0,22.1,43.9,2021-07-16,0,2021,7,4,197,0,False,0,-0.4999999999999997,-0.8660254037844388,-0.24477230089725957,-0.9695805901076308,3,0.0,0.0,0.0,0.6,0.2,0.0,21.1,21.3,19.8,0.0,0.7999999999999999
3,17.4,24.7,10.6,8.6,0.0,0.0,0.0,0.0,15.2,34.9,2021-07-17,0,2021,7,5,198,1,False,0,-0.4999999999999997,-0.8660254037844388,-0.2614143985111562,-0.965226663665613,3,0.0,0.0,0.0,0.0,0.6,0.2,20.2,21.1,21.3,0.0,0.5999999999999999
3,15.7,20.8,12.5,12.2,0.0,0.0,0.0,0.0,13.3,33.1,2021-07-18,0,2021,7,6,199,1,False,0,-0.4999999999999997,-0.8660254037844388,-0.2779791393987801,-0.9605871111248129,3,0.0,0.0,0.0,0.0,0.0,0.6,17.4,20.2,21.1,0.0,0.0
51,17.2,23.7,11.3,10.7,0.2,0.2,0.0,2.0,16.0,34.6,2021-07-19,0,2021,7,0,200,0,False,0,-0.4999999999999997,-0.8660254037844388,-0.2944616217868012,-0.9556633054034704,3,0.0,0.0,0.0,0.0,0.0,0.0,15.7,17.4,20.2,0.0,0.2
51,18.0,23.1,14.6,15.3,1.8,1.8,0.0,9.0,13.3,31.3,2021-07-20,0,2021,7,1,201,0,False,0,-0.4999999999999997,-0.8660254037844388,-0.3108569682435036,-0.9504567035349151,3,0.0,0.0,0.0,0.2,0.0,0.0,17.2,15.7,17.4,0.0,2.0
51,19.7,27.4,14.3,14.3,0.6,0.6,0.0,3.0,21.9,49.7,2021-07-21,0,2021,7,2,202,0,False,0,-0.4999999999999997,-0.8660254037844388,-0.3271603271220951,-0.9449688462364056,3,0.0,0.0,0.0,1.8,0.2,0.0,18.0,17.2,15.7,0.0,2.6
3,16.8,24.8,9.0,6.8,0.0,0.0,0.0,0.0,21.2,49.0,2021-07-22,0,2021,7,3,203,0,False,0,-0.4999999999999997,-0.8660254037844388,-0.34336687399638804,-0.939201357453208,3,0.0,0.0,0.0,0.6,1.8,0.2,19.7,18.0,17.2,0.0,2.4
3,17.7,26.5,8.2,4.9,0.0,0.0,0.0,0.0,18.9,39.2,2021-07-23,0,2021,7,4,204,0,False,0,-0.4999999999999997,-0.8660254037844388,-0.3594718130884232,-0.9331559438780432,3,0.0,0.0,0.0,0.0,0.6,1.8,16.8,19.7,18.0,0.0,0.6
3,18.9,29.0,7.5,4.9,0.0,0.0,0.0,0.0,11.9,24.5,2021-07-24,0,2021,7,5,205,1,False,0,-0.4999999999999997,-0.8660254037844388,-0.3754703786876202,-0.9268343944460494,3,0.0,0.0,0.0,0.0,0.0,0.6,17.7,16.8,19.7,0.0,0.0
1,19.1,27.6,9.5,8.1,0.0,0.0,0.0,0.0,13.8,31.0,2021-07-25,0,2021,7,6,206,1,False,0,-0.4999999999999997,-0.8660254037844388,-0.3913578365610259,-0.9202385798054075,3,0.0,0.0,0.0,0.0,0.0,0.0,18.9,17.7,16.8,0.0,0.0
3,18.6,27.0,11.2,9.9,0.0,0.0,0.0,0.0,16.4,38.2,2021-07-26,0,2021,7,0,207,0,False,0,-0.4999999999999997,-0.8660254037844388,-0.4071294853542516,-0.9133704517637858,3,0.0,0.0,0.0,0.0,0.0,0.0,19.1,18.9,17.7,0.0,0.0
3,18.1,24.7,10.8,9.7,0.0,0.0,0.0,0.0,19.4,41.8,2021-07-27,0,2021,7,1,208,0,False,0,-0.4999999999999997,-0.8660254037844388,-0.4227806579826773,-0.9062320427107697,3,0.0,0.0,0.0,0.0,0.0,0.0,18.6,19.1,18.9,0.0,0.0
3,20.8,28.5,13.7,13.4,0.0,0.0,0.0,0.0,11.5,31.3,2021-07-28,0,2021,7,2,209,0,False,0,-0.4999999999999997,-0.8660254037844388,-0.4383067230125192,-0.898825465016444,3,0.0,0.0,0.0,0.0,0.0,0.0,18.1,18.6,19.1,0.0,0.0
3,21.8,29.5,14.5,14.5,0.0,0.0,0.0,0.0,13.7,32.0,2021-07-29,0,2021,7,3,210,0,False,0,-0.4999999999999997,-0.8660254037844388,-0.45370308603134424,-0.8911529104063088,3,0.0,0.0,0.0,0.0,0.0,0.0,20.8,18.1,18.6,0.0,0.0
51,21.1,29.6,12.4,12.4,0.3,0.3,0.0,1.0,13.7,34.6,2021-07-30,0,2021,7,4,211,0,False,0,-0.4999999999999997,-0.8660254037844388,-0.46896519100763184,-0.8832166493127127,3,0.0,0.0,0.0,0.0,0.0,0.0,21.8,20.8,18.1,0.0,0.3
1,23.0,31.7,13.9,12.7,0.0,0.0,0.0,0.0,15.0,35.6,2021-07-31,0,2021,7,5,212,1,False,0,-0.4999999999999997,-0.8660254037844388,-0.48408852163897587,-0.8750190302029955,3,0.0,0.0,0.0,0.3,0.0,0.0,21.1,21.8,20.8,0.0,0.3
3,24.2,33.0,14.8,14.0,0.0,0.0,0.0,0.0,19.0,43.6,2021-08-01,0,2021,8,6,213,1,False,0,-0.8660254037844385,-0.5000000000000004,-0.4990686026885319,-0.8665624788845385,3,0.0,0.0,0.0,0.0,0.3,0.0,23.0,21.1,21.8,0.0,0.3
61,20.7,24.1,17.3,17.4,8.6,8.6,0.0,10.0,13.0,24.8,2021-08-02,0,2021,8,0,214,0,False,0,-0.8660254037844385,-0.5000000000000004,-0.5139010013093103,-0.8578494977869301,3,0.0,0.0,0.0,0.0,0.0,0.3,24.2,23.0,21.1,0.0,8.6
53,22.6,31.2,15.0,14.2,0.8,0.8,0.0,1.0,13.3,31.3,2021-08-03,0,2021,8,1,215,0,False,0,-0.8660254037844385,-0.5000000000000004,-0.5285813283559292,-0.8488826652214553,3,0.0,0.0,0.0,8.6,0.0,0.0,20.7,24.2,23.0,0.0,9.4
53,19.7,28.2,11.7,11.4,0.5,0.5,0.0,1.0,12.0,34.2,2021-08-04,0,2021,8,2,216,0,False,0,-0.8660254037844385,-0.5000000000000004,-0.5431052396834317,-0.8396646346181327,3,0.0,0.0,0.0,0.8,8.6,0.0,22.6,20.7,24.2,0.0,9.9
3,20.9,30.5,10.6,9.4,0.0,0.0,0.0,0.0,13.9,27.4,2021-08-05,0,2021,8,3,217,0,False,0,-0.8660254037844385,-0.5000000000000004,-0.5574684374327892,-0.8301981337405212,3,0.0,0.0,0.0,0.5,0.8,8.6,19.7,22.6,20.7,0.0,1.3
53,20.5,29.1,12.4,10.9,0.8,0.8,0.0,2.0,19.5,36.4,2021-08-06,0,2021,8,4,218,0,False,0,-0.8660254037844385,-0.5000000000000004,-0.5716666713027052,-0.8204859638785327,3,0.0,0.0,0.0,0.0,0.5,0.8,20.9,19.7,22.6,0.0,1.3
55,19.2,26.7,12.4,11.6,2.1,2.1,0.0,4.0,20.3,43.9,2021-08-07,0,2021,8,5,219,1,False,0,-0.8660254037844385,-0.5000000000000004,-0.5856957398073508,-0.8105309990194823,3,0.0,0.0,0.0,0.8,0.0,0.5,20.5,20.9,19.7,0.0,2.9000000000000004
51,13.8,17.6,10.5,8.7,1.6,1.6,0.0,9.0,13.2,31.7,2021-08-08,0,2021,8,6,220,1,False,0,-0.8660254037844385,-0.5000000000000004,-0.5995514915196489,-0.8003361849976323,3,0.0,0.0,0.0,2.1,0.8,0.0,19.2,20.5,20.9,0.0,4.5
3,17.3,27.4,8.1,6.5,0.0,0.0,0.0,0.0,20.5,41.4,2021-08-09,0,2021,8,0,221,0,False,0,-0.8660254037844385,-0.5000000000000004,-0.6132298262997502,-0.7899045386224707,3,0.0,0.0,0.0,1.6,2.1,0.8,13.8,19.2,20.5,0.0,3.7
3,18.0,21.7,15.1,13.0,0.0,0.0,0.0,0.0,19.1,37.1,2021-08-10,0,2021,8,1,222,0,False,0,-0.8660254037844385,-0.5000000000000004,-0.6267266965083301,-0.7792391467859886,3,0.0,0.0,0.0,0.0,1.6,2.1,17.3,13.8,19.2,0.0,1.5999999999999996
3,19.3,22.8,16.6,14.5,0.0,0.0,0.0,0.0,17.3,44.6,2021-08-11,0,2021,8,2,223,0,False,0,-0.8660254037844385,-0.5000000000000004,-0.6400381082043503,-0.7683431655492202,3,0.0,0.0,0.0,0.0,0.0,1.6,18.0,17.3,13.8,0.0,0.0
3,19.7,26.9,13.7,12.0,0.0,0.0,0.0,0.0,9.2,27.0,2021-08-12,0,2021,8,3,224,0,False,0,-0.8660254037844385,-0.5000000000000004,-0.65316012232693,-0.7572198192083127,3,0.0,0.0,0.0,0.0,0.0,0.0,19.3,18.0,17.3,0.0,0.0
0,21.6,33.7,9.3,7.1,0.0,0.0,0.0,0.0,13.7,34.6,2021-08-13,0,2021,8,4,225,0,False,0,-0.8660254037844385,-0.5000000000000004,-0.666088855860977,-0.7458723993404063,3,0.0,0.0,0.0,0.0,0.0,0.0,19.7,19.3,18.0,0.0,0.0
3,24.9,35.0,14.5,11.2,0.0,0.0,0.0,0.0,18.0,38.5,2021-08-14,0,2021,8,5,226,1,False,0,-0.8660254037844385,-0.5000000000000004,-0.6788204829862355,-0.734304263829602,3,0.0,0.0,0.0,0.0,0.0,0.0,21.6,19.7,19.3,0.0,0.0
3,23.4,32.2,15.2,14.1,0.0,0.0,0.0,0.0,17.4,40.7,2021-08-15,0,2021,8,6,227,1,False,0,-0.8660254037844385,-0.5000000000000004,-0.6913512362094071,-0.722518835873311,3,0.0,0.0,0.0,0.0,0.0,0.0,24.9,21.6,19.7,0.0,0.0
61,17.0,21.2,10.8,9.0,9.9,9.9,0.0,10.0,16.5,41.0,2021-08-16,0,2021,8,0,228,0,False,0,-0.8660254037844385,-0.5000000000000004,-0.7036774074790128,-0.7105196029692745,3,0.0,0.0,0.0,0.0,0.0,0.0,23.4,24.9,21.6,0.0,9.9
63,10.0,11.6,8.5,6.8,36.1,36.1,0.0,22.0,14.8,42.5,2021-08-17,0,2021,8,1,229,0,False,0,-0.8660254037844385,-0.5000000000000004,-0.7157953492826642,-0.6983101158835584,3,0.0,0.0,0.0,9.9,0.0,0.0,17.0,23.4,24.9,0.0,46.0
3,12.1,19.5,5.0,2.8,0.0,0.0,0.0,0.0,15.6,35.6,2021-08-18,0,2021,8,2,230,0,False,0,-0.8660254037844385,-0.5000000000000004,-0.7277014757264236,-0.6858939875998223,3,0.0,0.0,0.0,36.1,9.9,0.0,10.0,17.0,23.4,0.0,46.0
53,11.2,14.4,6.8,5.2,3.9,3.9,0.0,9.0,17.7,36.7,2021-08-19,1,2021,8,3,231,0,False,0,-0.8660254037844385,-0.5000000000000004,-0.7393922635959241,-0.673274892250183,3,0.0,0.0,0.0,0.0,36.1,9.9,12.1,10.0,17.0,0.0,40.0
51,13.0,17.6,9.4,6.9,1.5,1.5,0.0,7.0,14.2,26.3,2021-08-20,0,2021,8,4,232,0,False,0,-0.8660254037844385,-0.5000000000000004,-0.7508642533989489,-0.6604565640279754,3,0.0,0.0,0.0,3.9,0.0,36.1,11.2,12.1,10.0,0.0,5.4
51,12.1,17.1,8.2,6.7,1.3,1.3,0.0,6.0,17.7,38.9,2021-08-21,0,2021,8,5,233,1,False,0,-0.8660254037844385,-0.5000000000000004,-0.7621140503891487,-0.6474427960827475,3,0.0,0.0,0.0,1.5,3.9,0.0,13.0,11.2,12.1,0.0,6.7
63,12.4,20.3,8.0,6.5,13.4,13.4,0.0,9.0,12.3,29.2,2021-08-22,0,2021,8,6,234,1,False,0,-0.8660254037844385,-0.5000000000000004,-0.7731383255706026,-0.6342374393978054,3,0.0,0.0,0.0,1.3,1.5,3.9,12.1,13.0,11.2,0.0,16.2
53,8.9,12.5,5.6,0.9,6.7,6.7,0.0,20.0,24.7,51.1,2021-08-23,0,2021,8,0,235,0,False,0,-0.8660254037844385,-0.5000000000000004,-0.7839338166829201,-0.620844401650647,3,0.0,0.0,0.0,13.4,1.3,1.5,12.4,12.1,13.0,0.0,21.400000000000002
51,10.6,16.9,5.7,1.0,0.3,0.3,0.0,1.0,23.5,49.7,2021-08-24,0,2021,8,1,236,0,False,0,-0.8660254037844385,-0.5000000000000004,-0.7944973291665992,-0.6072676460566135,3,0.0,0.0,0.0,6.7,13.4,1.3,8.9,12.4,12.1,0.0,20.400000000000002
2,12.0,20.4,3.4,1.0,0.0,0.0,0.0,0.0,15.4,35.3,2021-08-25,0,2021,8,2,237,0,False,0,-0.8660254037844385,-0.5000000000000004,-0.8048257371083452,-0.593511190196115,3,0.0,0.0,0.0,0.3,6.7,13.4,10.6,8.9,12.4,0.0,7.0
51,14.1,22.6,4.5,2.0,0.1,0.1,0.0,1.0,8.6,17.3,2021-08-26,0,2021,8,3,238,0,False,0,-0.8660254037844385,-0.5000000000000004,-0.8149159841660791,-0.5795791048257612,3,0.0,0.0,0.0,0.0,0.3,6.7,12.0,10.6,8.9,0.0,0.4
53,14.2,18.5,9.9,8.2,2.1,2.1,0.0,6.0,16.1,33.5,2021-08-27,0,2021,8,4,239,0,False,0,-0.8660254037844385,-0.5000000000000004,-0.8247650844733614,-0.5654755126737576,3,0.0,0.0,0.0,0.1,0.0,0.3,14.1,12.0,10.6,0.0,2.2
3,14.3,22.4,7.0,4.7,0.0,0.0,0.0,0.0,10.8,22.7,2021-08-28,0,2021,8,5,240,1,False,0,-0.8660254037844385,-0.5000000000000004,-0.8343701235229538,-0.5512045872199277,3,0.0,0.0,0.0,2.1,0.1,0.0,14.2,14.1,12.0,0.0,2.2
3,16.1,25.0,7.6,4.8,0.0,0.0,0.0,0.0,10.6,22.3,2021-08-29,0,2021,8,6,241,1,False,0,-0.8660254037844385,-0.5000000000000004,-0.8437282590292712,-0.5367705514607103,3,0.0,0.0,0.0,0.0,2.1,0.1,14.3,14.2,14.1,0.0,2.1
3,15.7,23.7,8.4,6.2,0.0,0.0,0.0,0.0,14.3,29.2,2021-08-30,1,2021,8,0,242,0,False,0,-0.8660254037844385,-0.5000000000000004,-0.8528367217694595,-0.522177676659508,3,0.0,0.0,0.0,0.0,0.0,2.1,16.1,14.3,14.2,0.0,0.0
61,12.0,19.2,6.3,3.7,4.0,4.0,0.0,4.0,16.2,32.8,2021-08-31,0,2021,8,1,243,0,False,0,-0.8660254037844385,-0.5000000000000004,-0.8616928164028522,-0.5074302810827518,3,0.0,0.0,0.0,0.0,0.0,0.0,15.7,16.1,14.3,0.0,4.0
51,9.4,14.4,3.5,1.2,0.4,0.4,0.0,3.0,22.2,46.1,2021-09-01,1,2021,9,2,244,0,False,0,-1.0,-1.8369701987210297e-16,-0.8702939222685674,-0.49253272872205434,3,0.0,0.0,0.0,4.0,0.0,0.0,12.0,15.7,16.1,0.0,4.4
3,10.2,15.7,2.9,0.5,0.0,0.0,0.0,0.0,17.9,37.4,2021-09-02,0,2021,9,3,245,0,False,0,-1.0,-1.8369701987210297e-16,-0.8786374941610001,-0.4774894280028391,3,0.0,0.0,0.0,0.4,4.0,0.0,9.4,12.0,15.7,0.0,4.4
1,12.7,21.7,4.0,1.3,0.0,0.0,0.0,0.0,9.7,19.1,2021-09-03,0,2021,9,4,246,0,False,0,-1.0,-1.8369701987210297e-16,-0.886721063082993,-0.46230483047981086,3,0.0,0.0,0.0,0.0,0.4,4.0,10.2,9.4,12.0,0.0,0.4
3,15.0,24.7,4.1,1.6,0.0,0.0,0.0,0.0,10.0,22.7,2021-09-04,0,2021,9,5,247,1,False,0,-1.0,-1.8369701987210297e-16,-0.8945422369764496,-0.4469834295196741,3,0.0,0.0,0.0,0.0,0.0,0.4,12.7,10.2,9.4,0.0,0.0
3,18.0,26.2,10.0,7.6,0.0,0.0,0.0,0.0,13.1,22.3,2021-09-05,0,2021,9,6,248,1,False,0,-1.0,-1.8369701987210297e-16,-0.9020987014301837,-0.43152975897147144,3,0.0,0.0,0.0,0.0,0.0,0.0,15.0,12.7,10.2,0.0,0.0
3,16.0,22.9,9.6,6.9,0.0,0.0,0.0,0.0,13.2,36.0,2021-09-06,1,2021,9,0,249,0,False,0,-1.0,-1.8369701987210297e-16,-0.9093882203647925,-0.4159483918249421,3,0.0,0.0,0.0,0.0,0.0,0.0,18.0,15.0,12.7,0.0,0.0
3,15.1,24.3,6.6,3.9,0.0,0.0,0.0,0.0,11.8,25.6,2021-09-07,0,2021,9,1,250,0,False,0,-1.0,-1.8369701987210297e-16,-0.9164086366943458,-0.4002439388573056,3,0.0,0.0,0.0,0.0,0.0,0.0,16.0,18.0,15.0,0.0,0.0
51,15.1,24.2,8.3,5.6,0.2,0.2,0.0,1.0,12.1,31.7,2021-09-08,0,2021,9,2,251,0,False,0,-1.0,-1.8369701987210297e-16,-0.9231578729647039,-0.38442104726885545,3,0.0,0.0,0.0,0.0,0.0,0.0,15.1,16.0,18.0,0.0,0.2
3,17.2,27.2,8.3,6.8,0.0,0.0,0.0,0.0,13.0,31.7,2021-09-09,0,2021,9,3,252,0,False,0,-1.0,-1.8369701987210297e-16,-0.9296339319682695,-0.3684843993077793,3,0.0,0.0,0.0,0.2,0.0,0.0,15.1,15.1,16.0,0.0,0.2
3,14.0,19.6,7.7,6.2,0.0,0.0,0.0,0.0,15.8,33.8,2021-09-10,0,2021,9,4,253,0,False,0,-1.0,-1.8369701987210297e-16,-0.9358348973349941,-0.35243871088460327,3,0.0,0.0,0.0,0.0,0.2,0.0,17.2,15.1,15.1,0.0,0.2
61,11.7,14.5,9.5,7.7,10.4,10.4,0.0,13.0,10.5,22.0,2021-09-11,0,2021,9,5,254,1,False,0,-1.0,-1.8369701987210297e-16,-0.9417589340994617,-0.33628873017668287,3,0.0,0.0,0.0,0.0,0.0,0.2,14.0,17.2,15.1,0.0,10.4
61,11.5,17.0,8.8,7.4,4.5,4.5,0.0,9.0,10.5,31.3,2021-09-12,0,2021,9,6,255,1,False,0,-1.0,-1.8369701987210297e-16,-0.9474042892438845,-0.32003923622313857,3,0.0,0.0,0.0,10.4,0.0,0.0,11.7,14.0,17.2,0.0,14.9
51,11.5,18.1,6.1,3.8,0.2,0.2,0.0,1.0,10.1,16.6,2021-09-13,0,2021,9,0,256,0,False,0,-1.0,-1.8369701987210297e-16,-0.9527692922168511,-0.30369503751065885,3,0.0,0.0,0.0,4.5,10.4,0.0,11.5,11.7,14.0,0.0,15.1
3,12.8,21.1,5.3,1.2,0.0,0.0,0.0,0.0,12.5,30.6,2021-09-14,0,2021,9,1,257,0,False,0,-1.0,-1.8369701987210297e-16,-0.9578523554276669,-0.28726097055059635,3,0.0,0.0,0.0,0.2,4.5,10.4,11.5,11.5,11.7,0.0,4.7
71,7.9,11.6,4.2,-0.8,4.6,4.3,0.21,6.0,18.4,40.0,2021-09-15,0,2021,9,2,258,0,False,0,-1.0,-1.8369701987210297e-16,-0.9626519747161487,-0.2707418984477642,3,0.0,0.0,0.0,0.0,0.2,4.5,12.8,11.5,11.5,0.21,4.8
3,7.2,14.3,1.2,-3.4,0.0,0.0,0.0,0.0,16.2,40.7,2021-09-16,0,2021,9,3,259,0,False,0,-1.0,-1.8369701987210297e-16,-0.9671667297977312,-0.2541427094613622,3,0.21,0.0,0.0,4.6,0.0,0.2,7.9,12.8,11.5,0.21,4.6
3,7.9,16.8,-1.0,-4.5,0.0,0.0,0.0,0.0,16.3,34.2,2021-09-17,0,2021,9,4,260,0,False,1,-1.0,-1.8369701987210297e-16,-0.97139528468375,-0.23746831555846842,3,0.0,0.21,0.0,0.0,4.6,0.0,7.2,7.9,12.8,0.21,4.6
3,15.2,21.2,7.9,5.3,0.0,0.0,0.0,0.0,22.4,45.7,2021-09-18,0,2021,9,5,261,1,False,0,-1.0,-1.8369701987210297e-16,-0.9753363880767837,-0.2207236509605022,3,0.0,0.0,0.21,0.0,0.0,4.6,7.9,7.2,7.9,0.0,0.0
3,10.2,16.6,4.0,0.9,0.0,0.0,0.0,0.0,14.1,27.4,2021-09-19,0,2021,9,6,262,1,False,0,-1.0,-1.8369701987210297e-16,-0.9789888737409319,-0.20391367068311472,3,0.0,0.0,0.0,0.0,0.0,0.0,15.2,7.9,7.2,0.0,0.0
3,8.8,16.9,0.9,-2.1,0.0,0.0,0.0,0.0,11.6,26.3,2021-09-20,0,2021,9,0,263,0,False,0,-1.0,-1.8369701987210297e-16,-0.9823516608469237,-0.18704334906991657,3,0.0,0.0,0.0,0.0,0.0,0.0,10.2,15.2,7.9,0.0,0.0
3,13.3,23.4,2.9,-0.5,0.0,0.0,0.0,0.0,15.9,28.8,2021-09-21,1,2021,9,1,264,0,False,0,-1.0,-1.8369701987210297e-16,-0.9854237542919524,-0.17011767832049052,3,0.0,0.0,0.0,0.0,0.0,0.0,8.8,10.2,15.2,0.0,0.0
51,15.9,18.9,9.4,5.7,0.1,0.1,0.0,1.0,18.5,36.7,2021-09-22,0,2021,9,2,265,0,False,0,-1.0,-1.8369701987210297e-16,-0.9882042449941422,-0.15314166701312007,3,0.0,0.0,0.0,0.0,0.0,0.0,13.3,8.8,10.2,0.0,0.1
3,9.7,16.1,4.1,1.0,0.0,0.0,0.0,0.0,13.4,25.2,2021-09-23,0,2021,9,3,266,0,False,0,-1.0,-1.8369701987210297e-16,-0.9906923101615609,-0.13612033862266704,3,0.0,0.0,0.0,0.1,0.0,0.0,15.9,13.3,8.8,0.0,0.1
3,13.4,25.0,2.0,-1.1,0.0,0.0,0.0,0.0,12.3,27.0,2021-09-24,0,2021,9,4,267,0,False,0,-1.0,-1.8369701987210297e-16,-0.9928872135356962,-0.11905873003404988,3,0.0,0.0,0.0,0.0,0.1,0.0,9.7,15.9,13.3,0.0,0.1
3,17.7,22.7,9.8,7.5,0.0,0.0,0.0,0.0,11.9,26.3,2021-09-25,0,2021,9,5,268,1,False,0,-1.0,-1.8369701987210297e-16,-0.994788305609327,-0.10196189005174576,3,0.0,0.0,0.0,0.0,0.0,0.1,13.4,9.7,15.9,0.0,0.0
3,16.0,26.0,9.4,7.4,0.0,0.0,0.0,0.0,10.0,27.0,2021-09-26,0,2021,9,6,269,1,False,0,-1.0,-1.8369701987210297e-16,-0.9963950238187231,-0.08483487790576538,3,0.0,0.0,0.0,0.0,0.0,0.0,17.7,13.4,9.7,0.0,0.0
2,15.9,24.1,9.5,6.3,0.0,0.0,0.0,0.0,19.5,44.3,2021-09-27,0,2021,9,0,270,0,False,0,-1.0,-1.8369701987210297e-16,-0.9977068927101168,-0.06768276175455162,3,0.0,0.0,0.0,0.0,0.0,0.0,16.0,17.7,13.4,0.0,0.0
3,11.4,17.1,6.8,2.6,0.0,0.0,0.0,0.0,15.9,33.5,2021-09-28,0,2021,9,1,271,0,False,0,-1.0,-1.8369701987210297e-16,-0.9987235240803972,-0.050510617185222886,3,0.0,0.0,0.0,0.0,0.0,0.0,15.9,16.0,17.7,0.0,0.0
1,9.5,17.5,3.6,-0.4,0.0,0.0,0.0,0.0,16.0,34.6,2021-09-29,1,2021,9,2,272,0,False,0,-1.0,-1.8369701987210297e-16,-0.9994446170919858,-0.033323525711631344,3,0.0,0.0,0.0,0.0,0.0,0.0,11.4,15.9,16.0,0.0,0.0
3,13.4,23.1,5.1,1.6,0.0,0.0,0.0,0.0,16.3,35.6,2021-09-30,0,2021,9,3,273,0,False,0,-1.0,-1.8369701987210297e-16,-0.9998699583618592,-0.016126573270657762,3,0.0,0.0,0.0,0.0,0.0,0.0,9.5,11.4,15.9,0.0,0.0
3,10.8,16.6,3.2,-0.6,0.0,0.0,0.0,0.0,10.6,28.4,2021-10-01,0,2021,10,4,274,0,True,0,-0.8660254037844386,0.5000000000000001,-0.9999994220246925,0.001075151282798226,3,0.0,0.0,0.0,0.0,0.0,0.0,13.4,9.5,11.4,0.0,0.0
3,9.3,17.7,0.8,-2.8,0.0,0.0,0.0,0.0,13.2,21.6,2021-10-02,0,2021,10,5,275,1,True,0,-0.8660254037844386,0.5000000000000001,-0.999832969770105,0.018276557681691223,3,0.0,0.0,0.0,0.0,0.0,0.0,10.8,13.4,9.5,0.0,0.0
3,12.2,20.6,5.1,0.9,0.0,0.0,0.0,0.0,19.7,43.2,2021-10-03,0,2021,10,6,276,1,True,0,-0.8660254037844386,0.5000000000000001,-0.9993706508539969,0.03547255575312556,3,0.0,0.0,0.0,0.0,0.0,0.0,9.3,10.8,13.4,0.0,0.0
3,6.7,15.0,-1.6,-4.9,0.0,0.0,0.0,0.0,12.6,28.1,2021-10-04,0,2021,10,0,277,0,True,1,-0.8660254037844386,0.5000000000000001,-0.9986126020839734,0.052658056924614005,3,0.0,0.0,0.0,0.0,0.0,0.0,12.2,9.3,10.8,0.0,0.0
3,11.7,21.7,1.7,-1.2,0.0,0.0,0.0,0.0,21.7,46.1,2021-10-05,0,2021,10,1,278,0,True,0,-0.8660254037844386,0.5000000000000001,-0.9975590477788613,0.06982797572987089,3,0.0,0.0,0.0,0.0,0.0,0.0,6.7,12.2,9.3,0.0,0.0
3,9.9,15.4,2.4,-0.5,0.0,0.0,0.0,0.0,18.4,40.3,2021-10-06,0,2021,10,2,279,0,True,0,-0.8660254037844386,0.5000000000000001,-0.9962102997023297,0.0869772313136861,3,0.0,0.0,0.0,0.0,0.0,0.0,11.7,6.7,12.2,0.0,0.0
2,4.6,13.0,-1.8,-5.5,0.0,0.0,0.0,0.0,13.5,33.1,2021-10-07,2,2021,10,3,280,0,True,1,-0.8660254037844386,0.5000000000000001,-0.9945667569706337,0.1041007489354256,3,0.0,0.0,0.0,0.0,0.0,0.0,9.9,11.7,6.7,0.0,0.0
0,3.7,12.9,-3.9,-7.9,0.0,0.0,0.0,0.0,9.7,20.9,2021-10-08,1,2021,10,4,281,0,True,1,-0.8660254037844386,0.5000000000000001,-0.9926289059345095,0.121193461470736,3,0.0,0.0,0.0,0.0,0.0,0.0,4.6,9.9,11.7,0.0,0.0
3,6.7,17.3,-1.4,-5.9,0.0,0.0,0.0,0.0,12.0,29.5,2021-10-09,0,2021,10,5,282,1,True,1,-0.8660254037844386,0.5000000000000001,-0.9903973200352558,0.1382503109109819,3,0.0,0.0,0.0,0.0,0.0,0.0,3.7,4.6,9.9,0.0,0.0
71,5.8,13.3,-1.0,-5.1,0.9,0.9,0.21,3.0,32.9,66.6,2021-10-10,0,2021,10,6,283,1,True,1,-0.8660254037844386,0.5000000000000001,-0.9878726596350429,0.15526624985999563,3,0.0,0.0,0.0,0.0,0.0,0.0,6.7,3.7,4.6,0.21,0.9
2,-0.1,6.1,-4.6,-8.6,0.0,0.0,0.0,0.0,14.4,38.9,2021-10-11,0,2021,10,0,284,0,True,1,-0.8660254037844386,0.5000000000000001,-0.9850556718215013,0.172236243027682,3,0.21,0.0,0.0,0.9,0.0,0.0,5.8,6.7,3.7,0.21,0.9
3,0.6,9.5,-7.1,-11.0,0.0,0.0,0.0,0.0,17.9,40.7,2021-10-12,0,2021,10,1,285,0,True,1,-0.8660254037844386,0.5000000000000001,-0.981947190186646,0.18915526872004093,3,0.0,0.21,0.0,0.0,0.9,0.0,-0.1,5.8,6.7,0.21,0.9
71,-0.1,5.7,-6.1,-10.0,0.2,0.2,0.14,2.0,14.0,30.6,2021-10-13,2,2021,10,2,286,0,True,1,-0.8660254037844386,0.5000000000000001,-0.9785481345802031,0.20601832032517084,3,0.0,0.0,0.21,0.0,0.0,0.9,0.6,-0.1,5.8,0.14,0.2
3,2.6,10.4,-3.2,-7.4,0.0,0.0,0.0,0.0,15.2,28.4,2021-10-14,0,2021,10,3,287,0,True,1,-0.8660254037844386,0.5000000000000001,-0.9748595108374125,0.22282040779479959,3,0.14,0.0,0.0,0.2,0.0,0.0,-0.1,0.6,-0.1,0.14,0.2
3,5.0,15.0,-3.3,-7.5,0.0,0.0,0.0,0.0,16.2,35.3,2021-10-15,1,2021,10,4,288,0,True,1,-0.8660254037844386,0.5000000000000001,-0.9708824104813836,0.23955655912092708,3,0.0,0.14,0.0,0.0,0.2,0.0,2.6,-0.1,0.6,0.14,0.2
3,9.7,17.6,3.2,-0.8,0.0,0.0,0.0,0.0,18.6,41.0,2021-10-16,0,2021,10,5,289,1,True,0,-0.8660254037844386,0.5000000000000001,-0.9666180104000972,0.2562218218071163,3,0.0,0.0,0.14,0.0,0.0,0.2,5.0,2.6,-0.1,0.0,0.0
3,11.3,21.2,5.9,1.7,0.0,0.0,0.0,0.0,14.4,26.3,2021-10-17,1,2021,10,6,290,1,True,0,-0.8660254037844386,0.5000000000000001,-0.9620675724981452,0.27281126433401914,3,0.0,0.0,0.0,0.0,0.0,0.0,9.7,5.0,2.6,0.0,0.0
3,3.8,6.3,1.0,-2.7,0.0,0.0,0.0,0.0,13.0,29.9,2021-10-18,0,2021,10,0,291,0,True,0,-0.8660254037844386,0.5000000000000001,-0.957232443323312,0.28931997761869527,3,0.0,0.0,0.0,0.0,0.0,0.0,11.3,9.7,5.0,0.0,0.0
3,4.2,9.4,0.5,-4.0,0.0,0.0,0.0,0.0,20.4,43.6,2021-10-19,0,2021,10,1,292,0,True,0,-0.8660254037844386,0.5000000000000001,-0.9521140536681102,0.3057430764672831,3,0.0,0.0,0.0,0.0,0.0,0.0,3.8,11.3,9.7,0.0,0.0
3,2.9,9.4,-2.3,-6.7,0.0,0.0,0.0,0.0,16.2,37.1,2021-10-20,1,2021,10,2,293,0,True,1,-0.8660254037844386,0.5000000000000001,-0.9467139181463862,0.3220757010206104,3,0.0,0.0,0.0,0.0,0.0,0.0,4.2,3.8,11.3,0.0,0.0
3,8.3,16.6,2.8,-1.0,0.0,0.0,0.0,0.0,17.0,34.6,2021-10-21,0,2021,10,3,294,0,True,0,-0.8660254037844386,0.5000000000000001,-0.9410336347451197,0.3383130181923076,3,0.0,0.0,0.0,0.0,0.0,0.0,2.9,4.2,3.8,0.0,0.0
53,6.7,13.5,0.6,-2.9,0.9,0.9,0.0,2.0,15.5,33.1,2021-10-22,0,2021,10,4,295,0,True,0,-0.8660254037844386,0.5000000000000001,-0.9350748843515574,0.3544502230989869,3,0.0,0.0,0.0,0.0,0.0,0.0,8.3,2.9,4.2,0.0,0.9
71,5.4,9.2,2.4,-0.8,22.9,22.7,0.14,18.0,16.1,28.4,2021-10-23,0,2021,10,5,296,1,True,0,-0.8660254037844386,0.5000000000000001,-0.9288394302558068,0.3704825404820963,3,0.0,0.0,0.0,0.9,0.0,0.0,6.7,8.3,2.9,0.14,23.799999999999997
3,4.8,10.8,-0.1,-3.8,0.0,0.0,0.0,0.0,18.9,41.0,2021-10-24,5,2021,10,6,297,1,True,1,-0.8660254037844386,0.5000000000000001,-0.9223291176290545,0.3864052261209853,3,0.14,0.0,0.0,22.9,0.9,0.0,5.4,6.7,8.3,0.14,23.799999999999997
51,6.4,12.8,0.8,-2.8,0.2,0.2,0.0,2.0,21.4,43.9,2021-10-25,7,2021,10,0,298,0,True,0,-0.8660254037844386,0.5000000000000001,-0.9155458729775467,0.40221356823680365,3,0.0,0.14,0.0,0.0,22.9,0.9,4.8,5.4,6.7,0.14,23.099999999999998
2,5.4,13.8,0.2,-3.6,0.0,0.0,0.0,0.0,15.0,33.8,2021-10-26,0,2021,10,1,299,0,True,0,-0.8660254037844386,0.5000000000000001,-0.9084917035725082,0.41790288888678667,3,0.0,0.0,0.14,0.2,0.0,22.9,6.4,4.8,5.4,0.0,0.2
3,5.6,12.0,0.8,-2.9,0.0,0.0,0.0,0.0,23.8,50.0,2021-10-27,0,2021,10,2,300,0,True,0,-0.8660254037844386,0.5000000000000001,-0.9011686968561569,0.4334685453485363,3,0.0,0.0,0.0,0.0,0.2,0.0,5.4,6.4,4.8,0.0,0.2
51,3.4,7.7,-1.2,-5.4,0.5,0.5,0.0,3.0,13.3,25.6,2021-10-28,2,2021,10,3,301,0,True,1,-0.8660254037844386,0.5000000000000001,-0.8935790198239952,0.4489059314938798,3,0.0,0.0,0.0,0.0,0.0,0.2,5.6,5.4,6.4,0.0,0.5
73,1.5,3.9,-0.9,-5.4,8.8,1.9,4.83,20.0,14.6,27.0,2021-10-29,2,2021,10,4,302,0,True,1,-0.8660254037844386,0.5000000000000001,-0.8857249183835637,0.4642104791518923,3,0.0,0.0,0.0,0.5,0.0,0.0,3.4,5.6,5.4,4.83,9.3
71,-2.4,2.2,-6.5,-11.3,0.3,0.0,0.21,2.0,14.0,29.9,2021-10-30,18,2021,10,5,303,1,True,1,-0.8660254037844386,0.5000000000000001,-0.8776087166898392,0.4793776594606945,3,4.83,0.0,0.0,8.8,0.5,0.0,1.5,3.4,5.6,5.04,9.600000000000001
0,-5.3,1.9,-9.3,-13.8,0.0,0.0,0.0,0.0,9.5,24.8,2021-10-31,7,2021,10,6,304,1,True,1,-0.8660254037844386,0.5000000000000001,-0.8692328164574792,0.49440298420761813,3,0.21,4.83,0.0,0.3,8.8,0.5,-2.4,1.5,3.4,5.04,9.100000000000001
2,-5.9,1.3,-10.2,-14.9,0.0,0.0,0.0,0.0,18.3,39.2,2021-11-01,26,2021,11,0,305,0,True,1,-0.5000000000000004,0.8660254037844384,-0.8605996962501181,0.5092820071573356,3,0.0,0.21,4.83,0.0,0.3,8.8,-5.3,-2.4,1.5,0.21,0.3
3,0.9,12.9,-7.5,-11.6,0.0,0.0,0.0,0.0,13.0,24.8,2021-11-02,14,2021,11,1,306,0,True,1,-0.5000000000000004,0.8660254037844384,-0.8517119107469189,0.5240103253675756,3,0.0,0.0,0.21,0.0,0.0,0.3,-5.9,-5.3,-2.4,0.0,0.0
3,4.8,13.9,-0.2,-4.5,0.0,0.0,0.0,0.0,10.9,20.5,2021-11-03,8,2021,11,2,307,0,True,1,-0.5000000000000004,0.8660254037844384,-0.8425720899866032,0.5385835804920232,3,0.0,0.0,0.0,0.0,0.0,0.0,0.9,-5.9,-5.3,0.0,0.0
3,6.6,15.5,1.5,-2.1,0.0,0.0,0.0,0.0,16.0,32.4,2021-11-04,2,2021,11,3,308,0,True,0,-0.5000000000000004,0.8660254037844384,-0.8331829385891785,0.5529974600700271,3,0.0,0.0,0.0,0.0,0.0,0.0,4.8,0.9,-5.9,0.0,0.0
3,6.7,13.5,2.3,-2.4,0.0,0.0,0.0,0.0,17.0,37.4,2021-11-05,0,2021,11,4,309,0,True,0,-0.5000000000000004,0.8660254037844384,-0.8235472349556007,0.5672476988027229,3,0.0,0.0,0.0,0.0,0.0,0.0,6.6,4.8,0.9,0.0,0.0
3,0.9,7.1,-3.9,-8.1,0.0,0.0,0.0,0.0,15.5,28.8,2021-11-06,2,2021,11,5,310,1,True,1,-0.5000000000000004,0.8660254037844384,-0.8136678304455991,0.5813300798152042,3,0.0,0.0,0.0,0.0,0.0,0.0,6.7,6.6,4.8,0.0,0.0
3,0.4,6.4,-3.7,-7.9,0.0,0.0,0.0,0.0,20.3,42.5,2021-11-07,0,2021,11,6,311,1,True,1,-0.5000000000000004,0.8660254037844384,-0.8035476485339116,0.5952404359043674,3,0.0,0.0,0.0,0.0,0.0,0.0,0.9,6.7,6.6,0.0,0.0
3,0.2,6.1,-3.2,-7.7,0.0,0.0,0.0,0.0,21.0,42.1,2021-11-08,4,2021,11,0,312,0,True,1,-0.5000000000000004,0.8660254037844384,-0.7931896839451843,0.6089746507720486,3,0.0,0.0,0.0,0.0,0.0,0.0,0.4,0.9,6.7,0.0,0.0
3,-1.0,4.5,-5.5,-10.0,0.0,0.0,0.0,0.0,20.8,31.0,2021-11-09,1,2021,11,1,313,0,True,1,-0.5000000000000004,0.8660254037844384,-0.7825970017677834,0.6225286602431057,3,0.0,0.0,0.0,0.0,0.0,0.0,0.2,0.4,0.9,0.0,0.0
3,1.5,6.7,-3.0,-8.0,0.0,0.0,0.0,0.0,21.3,45.4,2021-11-10,1,2021,11,2,314,0,True,1,-0.5000000000000004,0.8660254037844384,-0.7717727365467836,0.6358984534680745,3,0.0,0.0,0.0,0.0,0.0,0.0,-1.0,0.2,0.4,0.0,0.0
3,-1.8,4.8,-4.8,-9.3,0.0,0.0,0.0,0.0,11.3,21.6,2021-11-11,0,2021,11,3,315,0,True,1,-0.5000000000000004,0.8660254037844384,-0.7607200913564104,0.6490800741100398,3,0.0,0.0,0.0,0.0,0.0,0.0,1.5,-1.0,0.2,0.0,0.0
3,1.9,9.0,-3.7,-8.6,0.0,0.0,0.0,0.0,14.5,30.6,2021-11-12,2,2021,11,4,316,0,True,1,-0.5000000000000004,0.8660254037844384,-0.7494423368521954,0.6620696215153815,3,0.0,0.0,0.0,0.0,0.0,0.0,-1.8,1.5,-1.0,0.0,0.0
3,2.9,8.5,-0.4,-4.4,0.0,0.0,0.0,0.0,21.3,45.4,2021-11-13,2,2021,11,5,317,1,True,1,-0.5000000000000004,0.8660254037844384,-0.7379428103031386,0.6748632518680403,3,0.0,0.0,0.0,0.0,0.0,0.0,1.9,-1.8,1.5,0.0,0.0
71,2.5,7.9,-0.8,-4.6,0.4,0.1,0.7,3.0,10.3,22.0,2021-11-14,0,2021,11,6,318,1,True,1,-0.5000000000000004,0.8660254037844384,-0.7262249146041543,0.6874571793269664,3,0.0,0.0,0.0,0.0,0.0,0.0,2.9,1.9,-1.8,0.7,0.4
75,2.2,6.1,-0.5,-4.3,11.1,1.4,6.79,18.0,32.2,69.5,2021-11-15,2,2021,11,0,319,0,True,1,-0.5000000000000004,0.8660254037844384,-0.7142921172691032,0.699847677146407,3,0.7,0.0,0.0,0.4,0.0,0.0,2.5,2.9,1.9,7.49,11.5
73,-1.5,4.5,-6.8,-11.3,0.9,0.1,0.84,4.0,32.6,64.8,2021-11-16,11,2021,11,1,320,0,True,1,-0.5000000000000004,0.8660254037844384,-0.7021479494046978,0.7120310787787131,3,6.79,0.7,0.0,11.1,0.4,0.0,2.2,2.5,2.9,8.33,12.4
3,-5.1,1.2,-9.0,-14.0,0.0,0.0,0.0,0.0,10.9,21.2,2021-11-17,3,2021,11,2,321,0,True,1,-0.5000000000000004,0.8660254037844384,-0.6897960046655887,0.7240037789593305,3,0.84,6.79,0.7,0.9,11.1,0.4,-1.5,2.2,2.5,7.63,12.0
3,-1.2,3.3,-4.7,-8.8,0.0,0.0,0.0,0.0,11.4,24.5,2021-11-18,3,2021,11,3,322,0,True,1,-0.5000000000000004,0.8660254037844384,-0.6772399381909491,0.7357622347736527,3,0.0,0.84,6.79,0.0,0.9,11.1,-5.1,-1.5,2.2,0.84,0.9
3,-2.6,3.7,-5.7,-10.1,0.0,0.0,0.0,0.0,8.6,15.8,2021-11-19,2,2021,11,4,323,0,True,1,-0.5000000000000004,0.8660254037844384,-0.6644834655228552,0.7473029667054296,3,0.0,0.0,0.84,0.0,0.0,0.9,-1.2,-5.1,-1.5,0.0,0.0
3,-2.5,5.7,-9.9,-14.7,0.0,0.0,0.0,0.0,23.5,48.2,2021-11-20,1,2021,11,5,324,1,True,1,-0.5000000000000004,0.8660254037844384,-0.6515303615068021,0.75862255966641,3,0.0,0.0,0.0,0.0,0.0,0.0,-2.6,-1.2,-5.1,0.0,0.0
3,-2.6,5.1,-9.8,-15.1,0.0,0.0,0.0,0.0,14.2,27.4,2021-11-21,3,2021,11,6,325,1,True,1,-0.5000000000000004,0.8660254037844384,-0.6383844591746642,0.7697176640069211,3,0.0,0.0,0.0,0.0,0.0,0.0,-2.5,-2.6,-1.2,0.0,0.0
3,4.2,11.4,-0.1,-4.1,0.0,0.0,0.0,0.0,17.9,32.8,2021-11-22,7,2021,11,0,326,0,True,1,-0.5000000000000004,0.8660254037844384,-0.6250496486104377,0.7805849965070866,3,0.0,0.0,0.0,0.0,0.0,0.0,-2.6,-2.5,-2.6,0.0,0.0
71,-1.3,1.5,-6.9,-11.1,0.1,0.0,0.28,1.0,20.5,41.8,2021-11-23,18,2021,11,1,327,0,True,1,-0.5000000000000004,0.8660254037844384,-0.6115298757991053,0.7912213413483807,3,0.0,0.0,0.0,0.0,0.0,0.0,4.2,-2.6,-2.5,0.28,0.1
73,-4.8,0.6,-9.1,-13.7,1.0,0.0,0.77,5.0,9.7,22.3,2021-11-24,20,2021,11,2,328,0,True,1,-0.5000000000000004,0.8660254037844384,-0.5978291414589552,0.801623551065242,3,0.28,0.0,0.0,0.1,0.0,0.0,-1.3,4.2,-2.6,1.05,1.1
3,4.4,10.9,-2.2,-6.3,0.0,0.0,0.0,0.0,21.2,37.1,2021-11-25,5,2021,11,3,329,0,True,1,-0.5000000000000004,0.8660254037844384,-0.5839514998576998,0.8117885474764613,3,0.77,0.28,0.0,1.0,0.1,0.0,-4.8,-1.3,4.2,1.05,1.1
3,3.9,10.5,-1.2,-5.0,0.0,0.0,0.0,0.0,18.0,34.6,2021-11-26,1,2021,11,4,330,0,True,1,-0.5000000000000004,0.8660254037844384,-0.5699010576127624,0.8217133225960589,3,0.0,0.77,0.28,0.0,1.0,0.1,4.4,-4.8,-1.3,0.77,1.0
3,-0.6,1.9,-2.7,-6.5,0.0,0.0,0.0,0.0,14.0,31.0,2021-11-27,19,2021,11,5,331,1,True,1,-0.5000000000000004,0.8660254037844384,-0.5556819724760489,0.8313949395234058,3,0.0,0.0,0.77,0.0,0.0,1.0,3.9,4.4,-4.8,0.0,0.0
3,4.5,12.2,-0.1,-4.0,0.0,0.0,0.0,0.0,19.4,31.0,2021-11-28,4,2021,11,6,332,1,True,1,-0.5000000000000004,0.8660254037844384,-0.5412984521036173,0.8408305333122887,3,0.0,0.0,0.0,0.0,0.0,0.0,-0.6,3.9,4.4,0.0,0.0
3,3.3,9.9,-0.5,-4.3,0.0,0.0,0.0,0.0,17.2,31.3,2021-11-29,1,2021,11,0,333,0,True,1,-0.5000000000000004,0.8660254037844384,-0.5267547528105542,0.8500173118187018,3,0.0,0.0,0.0,0.0,0.0,0.0,4.5,-0.6,3.9,0.0,0.0
3,5.2,9.8,1.1,-3.2,0.0,0.0,0.0,0.0,16.0,30.6,2021-11-30,2,2021,11,1,334,0,True,0,-0.5000000000000004,0.8660254037844384,-0.5120551783114646,0.8589525565270845,3,0.0,0.0,0.0,0.0,0.0,0.0,3.3,4.5,-0.6,0.0,0.0
73,3.4,10.0,-0.6,-4.1,5.0,1.3,2.59,14.0,24.1,45.7,2021-12-01,5,2021,12,2,335,0,True,1,-2.4492935982947064e-16,1.0,-0.4972040784469378,0.8676336233547726,3,0.0,0.0,0.0,0.0,0.0,0.0,5.2,3.3,4.5,2.59,5.0
73,-1.0,2.4,-2.4,-6.4,3.5,0.1,2.45,11.0,18.8,41.4,2021-12-02,28,2021,12,3,336,0,True,1,-2.4492935982947064e-16,1.0,-0.4822058478963526,0.8760579434344281,3,2.59,0.0,0.0,5.0,0.0,0.0,3.4,5.2,3.3,5.04,8.5
73,-3.8,-0.6,-5.8,-10.2,0.8,0.0,0.56,3.0,10.8,19.1,2021-12-03,71,2021,12,4,337,0,True,0,-2.4492935982947064e-16,1.0,-0.46706492487743034,0.8842230238742036,3,2.45,2.59,0.0,3.5,5.0,0.0,-1.0,3.4,5.2,5.6,9.3
71,-5.4,-4.2,-7.0,-12.8,0.5,0.0,0.63,3.0,15.3,32.0,2021-12-04,72,2021,12,5,338,1,True,0,-2.4492935982947064e-16,1.0,-0.451785789832884,0.8921264484954345,3,0.56,2.45,2.59,0.8,3.5,5.0,-3.8,-1.0,3.4,3.64,4.8
71,-13.0,-7.2,-15.8,-20.7,0.4,0.0,0.49,3.0,17.8,35.6,2021-12-05,26,2021,12,6,339,1,True,0,-2.4492935982947064e-16,1.0,-0.4363729641045924,0.8997658785476209,3,0.63,0.56,2.45,0.5,0.8,3.5,-5.4,-3.8,-1.0,1.6800000000000002,1.7000000000000002
71,-11.3,-6.4,-15.0,-19.9,0.0,0.0,0.35,0.0,9.9,24.1,2021-12-06,61,2021,12,0,340,0,True,0,-2.4492935982947064e-16,1.0,-0.42083100859565564,0.9071390534005044,3,0.49,0.63,0.56,0.4,0.5,0.8,-13.0,-5.4,-3.8,1.47,0.9
3,-5.5,-0.4,-12.8,-17.5,0.0,0.0,0.0,0.0,11.9,20.5,2021-12-07,115,2021,12,1,341,0,True,0,-2.4492935982947064e-16,1.0,-0.4051645224207563,0.9142437912130223,3,0.35,0.49,0.63,0.0,0.4,0.5,-11.3,-13.0,-5.4,0.84,0.4
71,-0.9,5.1,-6.0,-11.6,0.1,0.0,0.14,1.0,24.2,45.4,2021-12-08,139,2021,12,2,342,0,True,1,-2.4492935982947064e-16,1.0,-0.3893781415452015,0.9210779895789526,3,0.0,0.35,0.49,0.0,0.0,0.4,-5.5,-11.3,-13.0,0.49,0.1
3,-6.0,-1.4,-8.7,-13.5,0.0,0.0,0.0,0.0,17.0,37.1,2021-12-09,67,2021,12,3,343,0,True,0,-2.4492935982947064e-16,1.0,-0.37347653741307074,0.9276396261490467,3,0.14,0.0,0.35,0.1,0.0,0.0,-0.9,-5.5,-11.3,0.14,0.1
3,-5.8,-1.3,-9.5,-15.0,0.0,0.0,0.0,0.0,21.1,43.2,2021-12-10,109,2021,12,4,344,0,True,0,-2.4492935982947064e-16,1.0,-0.3574644155648614,0.9339267592294762,3,0.0,0.14,0.0,0.0,0.1,0.0,-6.0,-0.9,-5.5,0.14,0.1
3,0.4,3.3,-4.0,-7.9,0.0,0.0,0.0,0.0,37.1,82.8,2021-12-11,82,2021,12,5,345,1,True,1,-2.4492935982947064e-16,1.0,-0.34134651424503615,0.9399375283564133,3,0.0,0.0,0.14,0.0,0.0,0.1,-5.8,-6.0,-0.9,0.0,0.0
71,-4.8,-0.4,-7.7,-12.7,0.0,0.0,0.28,0.0,13.0,33.5,2021-12-12,44,2021,12,6,346,1,True,0,-2.4492935982947064e-16,1.0,-0.3251276029999093,0.9456701548465688,3,0.0,0.0,0.0,0.0,0.0,0.0,0.4,-5.8,-6.0,0.28,0.0
73,-8.2,-3.3,-12.2,-18.3,0.5,0.0,0.42,2.0,17.3,38.9,2021-12-13,114,2021,12,0,347,0,True,0,-2.4492935982947064e-16,1.0,-0.30881248126625377,0.9511229423235357,3,0.28,0.0,0.0,0.0,0.0,0.0,-4.8,0.4,-5.8,0.7,0.5
73,-16.0,-12.5,-20.3,-25.2,2.1,0.0,1.54,7.0,17.7,38.5,2021-12-14,40,2021,12,1,348,0,True,0,-2.4492935982947064e-16,1.0,-0.29240597695107734,0.9562942772197719,3,0.42,0.28,0.0,0.5,0.0,0.0,-8.2,-4.8,0.4,2.24,2.6
3,-19.6,-14.3,-22.8,-27.6,0.0,0.0,0.0,0.0,10.1,15.5,2021-12-15,125,2021,12,2,349,0,True,0,-2.4492935982947064e-16,1.0,-0.27591294500296043,0.9611826292540837,3,1.54,0.42,0.28,2.1,0.5,0.0,-16.0,-8.2,-4.8,1.96,2.6
73,-18.6,-15.7,-20.7,-27.4,1.6,0.0,1.26,8.0,21.4,43.6,2021-12-16,67,2021,12,3,350,0,True,0,-2.4492935982947064e-16,1.0,-0.2593382659754056,0.9657865518844574,3,0.0,1.54,0.42,0.0,2.1,0.5,-19.6,-16.0,-8.2,2.8,3.7
3,-22.2,-16.5,-28.8,-34.3,0.0,0.0,0.0,0.0,17.1,37.8,2021-12-17,162,2021,12,4,351,0,True,0,-2.4492935982947064e-16,1.0,-0.2426868445825954,0.9701046827361175,3,1.26,0.0,1.54,1.6,0.0,2.1,-18.6,-19.6,-16.0,1.26,1.6
3,-9.4,-4.6,-18.2,-23.3,0.0,0.0,0.0,0.0,17.5,27.7,2021-12-18,210,2021,12,5,352,1,True,0,-2.4492935982947064e-16,1.0,-0.22596360824801906,0.974135744004672,3,0.0,1.26,0.0,0.0,1.6,0.0,-22.2,-18.6,-19.6,1.26,1.6
71,-12.1,-9.8,-17.2,-22.2,0.0,0.0,0.56,0.0,17.9,34.2,2021-12-19,96,2021,12,6,353,1,True,0,-2.4492935982947064e-16,1.0,-0.20917350564635637,0.9778785428342386,3,0.0,0.0,1.26,0.0,0.0,1.6,-9.4,-22.2,-18.6,0.56,0.0
2,-17.6,-13.6,-21.1,-25.9,0.0,0.0,0.0,0.0,10.1,18.7,2021-12-20,173,2021,12,0,354,0,True,0,-2.4492935982947064e-16,1.0,-0.19232150523909483,0.9813319716704275,3,0.56,0.0,0.0,0.0,0.0,0.0,-12.1,-9.4,-22.2,0.56,0.0
3,-8.6,-1.1,-19.4,-24.8,0.0,0.0,0.0,0.0,12.0,24.8,2021-12-21,183,2021,12,1,355,0,True,0,-2.4492935982947064e-16,1.0,-0.17541259380427843,0.9844950085880858,3,0.0,0.56,0.0,0.0,0.0,0.0,-17.6,-12.1,-9.4,0.56,0.0
3,-4.5,-0.8,-7.4,-12.0,0.0,0.0,0.0,0.0,14.8,23.4,2021-12-22,164,2021,12,2,356,0,True,0,-2.4492935982947064e-16,1.0,-0.15845177496083632,0.9873667175937016,3,0.0,0.0,0.56,0.0,0.0,0.0,-8.6,-17.6,-12.1,0.0,0.0
73,-9.2,-1.5,-17.1,-22.4,1.5,0.0,1.19,5.0,23.0,49.7,2021-12-23,77,2021,12,3,357,0,True,0,-2.4492935982947064e-16,1.0,-0.14144406768794202,0.9899462489023779,3,0.0,0.0,0.0,0.0,0.0,0.0,-4.5,-8.6,-17.6,1.19,1.5
71,-20.9,-16.7,-24.6,-29.5,0.0,0.0,0.28,0.0,9.8,19.8,2021-12-24,193,2021,12,4,358,0,True,0,-2.4492935982947064e-16,1.0,-0.12439450483979998,0.9922328391893008,3,1.19,0.0,0.0,1.5,0.0,0.0,-9.2,-4.5,-8.6,1.47,1.5
71,-26.6,-24.4,-28.9,-33.4,0.5,0.0,0.63,3.0,7.9,13.7,2021-12-25,27,2021,12,5,359,1,True,0,-2.4492935982947064e-16,1.0,-0.10730813165636247,0.9942258118156161,3,0.28,1.19,0.0,0.0,1.5,0.0,-20.9,-9.2,-4.5,2.1,2.0
71,-28.5,-26.7,-32.1,-37.5,0.2,0.0,0.28,2.0,10.4,22.3,2021-12-26,45,2021,12,6,360,1,True,0,-2.4492935982947064e-16,1.0,-0.09019000427034513,0.9959245770286599,3,0.63,0.28,1.19,0.5,0.0,1.5,-26.6,-20.9,-9.2,1.19,0.7
3,-32.6,-29.3,-34.9,-40.4,0.0,0.0,0.0,0.0,9.1,17.3,2021-12-27,149,2021,12,0,361,0,True,0,-2.4492935982947064e-16,1.0,-0.07304518821104743,0.9973286321364752,3,0.28,0.63,0.28,0.2,0.5,0.0,-28.5,-26.6,-20.9,0.91,0.7
71,-24.0,-16.5,-33.5,-38.9,0.0,0.0,0.07,0.0,15.5,32.8,2021-12-28,147,2021,12,1,362,0,True,0,-2.4492935982947064e-16,1.0,-0.05587875690537313,0.9984375616565666,3,0.0,0.28,0.63,0.0,0.2,0.5,-32.6,-28.5,-26.6,0.35000000000000003,0.2
3,-25.4,-20.9,-30.8,-36.1,0.0,0.0,0.0,0.0,12.2,29.5,2021-12-29,163,2021,12,2,363,0,True,0,-2.4492935982947064e-16,1.0,-0.03869579017652689,0.9992510374388481,3,0.07,0.0,0.28,0.0,0.0,0.2,-24.0,-32.6,-28.5,0.07,0.0
71,-19.7,-16.3,-24.9,-29.7,0.2,0.0,0.42,2.0,15.1,30.6,2021-12-30,190,2021,12,3,364,0,True,0,-2.4492935982947064e-16,1.0,-0.021501372740813793,0.999768818762748,3,0.0,0.07,0.0,0.0,0.0,0.0,-25.4,-24.0,-32.6,0.49,0.2
3,-27.3,-21.0,-32.0,-37.5,0.0,0.0,0.0,0.0,9.9,16.9,2021-12-31,120,2021,12,4,365,0,True,0,-2.4492935982947064e-16,1.0,-0.004300592702981974,0.9999907524084426,3,0.42,0.0,0.07,0.2,0.0,0.0,-19.7,-25.4,-24.0,0.42,0.2
3,-17.1,-5.1,-29.3,-35.1,0.0,0.0,0.0,0.0,21.7,32.0,2022-01-01,123,2022,1,5,1,1,True,0,0.49999999999999994,0.8660254037844387,0.017201575418260506,0.9998520419557735,4,0.0,0.42,0.0,0.0,0.2,0.0,-27.3,-19.7,-25.4,0.42,0.2
3,-4.2,-1.5,-12.5,-17.6,0.0,0.0,0.0,0.0,32.5,65.9,2022-01-02,313,2022,1,6,2,1,True,0,0.49999999999999994,0.8660254037844387,0.03439806061360801,0.9994082116062598,4,0.0,0.0,0.42,0.0,0.0,0.2,-17.1,-27.3,-19.7,0.0,0.0
71,-20.2,-12.3,-26.4,-32.8,2.5,0.0,1.75,22.0,16.9,32.4,2022-01-03,133,2022,1,0,3,0,True,0,0.49999999999999994,0.8660254037844387,0.051584366869408364,0.9986686402879997,4,0.0,0.0,0.0,0.0,0.0,0.0,-4.2,-17.1,-27.3,1.75,2.5
71,-27.4,-25.9,-30.4,-35.2,1.1,0.0,0.77,11.0,18.7,37.1,2022-01-04,126,2022,1,1,4,0,True,0,0.49999999999999994,0.8660254037844387,0.06875540848113941,0.9976335468520451,4,1.75,0.0,0.0,2.5,0.0,0.0,-20.2,-4.2,-17.1,2.52,3.6
3,-28.6,-24.9,-33.1,-38.8,0.0,0.0,0.0,0.0,10.9,15.5,2022-01-05,184,2022,1,2,5,0,True,0,0.49999999999999994,0.8660254037844387,0.08590610426133272,0.9963032375991965,4,0.77,1.75,0.0,1.1,2.5,0.0,-27.4,-20.2,-4.2,2.52,3.6
71,-28.6,-25.2,-33.8,-39.8,0.3,0.0,0.21,3.0,12.8,19.1,2022-01-06,180,2022,1,3,6,0,True,0,0.49999999999999994,0.8660254037844387,0.10303137904317879,0.9946781061893646,4,0.0,0.77,1.75,0.0,1.1,2.5,-28.6,-27.4,-20.2,0.98,1.4000000000000001
3,-24.2,-22.1,-25.7,-31.1,0.0,0.0,0.0,0.0,13.7,25.9,2022-01-07,153,2022,1,4,7,0,True,0,0.49999999999999994,0.8660254037844387,0.1201261651823505,0.9927586335250793,4,0.21,0.0,0.77,0.3,0.0,1.1,-28.6,-28.6,-27.4,0.21,0.3
3,-22.2,-16.9,-25.9,-31.1,0.0,0.0,0.0,0.0,12.8,22.7,2022-01-08,139,2022,1,5,8,1,True,0,0.49999999999999994,0.8660254037844387,0.13718540405660057,0.9905453876091833,4,0.0,0.21,0.0,0.0,0.3,0.0,-24.2,-28.6,-28.6,0.21,0.3
3,-15.4,-4.2,-22.3,-27.1,0.0,0.0,0.0,0.0,14.2,29.5,2022-01-09,177,2022,1,6,9,1,True,0,0.49999999999999994,0.8660254037844387,0.1542040475626894,0.988039023376751,4,0.0,0.0,0.21,0.0,0.0,0.3,-22.2,-24.2,-28.6,0.0,0.0
3,2.3,7.8,-3.4,-8.9,0.0,0.0,0.0,0.0,27.2,55.4,2022-01-10,312,2022,1,0,10,0,True,1,0.49999999999999994,0.8660254037844387,0.17117705961019986,0.985240282501282,4,0.0,0.0,0.0,0.0,0.0,0.0,-15.4,-22.2,-24.2,0.0,0.0
3,3.7,9.2,0.0,-4.5,0.0,0.0,0.0,0.0,31.6,62.3,2022-01-11,316,2022,1,1,11,0,True,0,0.49999999999999994,0.8660254037844387,0.18809941761179758,0.9821499931752291,4,0.0,0.0,0.0,0.0,0.0,0.0,2.3,-15.4,-22.2,0.0,0.0
51,2.5,6.8,-0.1,-4.4,0.4,0.4,0.0,4.0,11.5,29.2,2022-01-12,318,2022,1,2,12,0,True,1,0.49999999999999994,0.8660254037844387,0.20496611396949532,0.9787690698649216,4,0.0,0.0,0.0,0.0,0.0,0.0,3.7,2.3,-15.4,0.0,0.4
71,0.8,4.8,-4.1,-8.0,0.2,0.1,0.07,2.0,18.9,38.9,2022-01-13,369,2022,1,3,13,0,True,1,0.49999999999999994,0.8660254037844387,0.22177215755648186,0.975098513039961,4,0.0,0.0,0.0,0.4,0.0,0.0,2.5,3.7,2.3,0.07,0.6000000000000001
3,-0.0,3.8,-2.6,-6.4,0.0,0.0,0.0,0.0,15.1,32.4,2022-01-14,314,2022,1,4,14,0,True,1,0.49999999999999994,0.8660254037844387,0.23851257519407648,0.9711394088771653,4,0.07,0.0,0.0,0.2,0.4,0.0,0.8,2.5,3.7,0.07,0.6000000000000001
3,3.9,6.8,-0.9,-5.8,0.0,0.0,0.0,0.0,20.0,40.0,2022-01-15,263,2022,1,5,15,1,True,1,0.49999999999999994,0.8660254037844387,0.2551824131233728,0.9668929289391521,4,0.0,0.07,0.0,0.0,0.2,0.4,-0.0,0.8,2.5,0.07,0.2
3,-0.7,4.3,-4.4,-8.7,0.0,0.0,0.0,0.0,13.7,25.2,2022-01-16,176,2022,1,6,16,1,True,1,0.49999999999999994,0.8660254037844387,0.2717767384711357,0.9623603298276545,4,0.0,0.0,0.07,0.0,0.0,0.2,3.9,-0.0,0.8,0.0,0.0
71,3.3,9.6,-7.7,-15.0,0.2,0.0,0.14,2.0,27.9,52.6,2022-01-17,222,2022,1,0,17,0,True,1,0.49999999999999994,0.8660254037844387,0.2882906407095177,0.9575429528116719,4,0.0,0.0,0.0,0.0,0.0,0.0,-0.7,3.9,-0.0,0.14,0.2
73,-15.7,-9.4,-18.7,-23.4,2.4,0.0,1.68,9.0,26.9,54.4,2022-01-18,119,2022,1,1,18,0,True,0,0.49999999999999994,0.8660254037844387,0.3047192331091634,0.9524422234305676,4,0.14,0.0,0.0,0.2,0.0,0.0,3.3,-0.7,3.9,1.8199999999999998,2.6
3,-14.9,-9.2,-19.2,-24.2,0.0,0.0,0.0,0.0,10.1,25.2,2022-01-19,84,2022,1,2,19,0,True,0,0.49999999999999994,0.8660254037844387,0.321057654185271,0.9470596510722283,4,1.68,0.14,0.0,2.4,0.2,0.0,-15.7,3.3,-0.7,1.82,2.6
3,0.0,7.3,-12.0,-16.6,0.0,0.0,0.0,0.0,22.9,45.4,2022-01-20,137,2022,1,3,20,0,True,1,0.49999999999999994,0.8660254037844387,0.3373010691361842,0.9413968285264122,4,0.0,1.68,0.14,0.0,2.4,0.2,-14.9,-15.7,3.3,1.6800000000000002,2.4
3,1.1,4.7,-3.6,-7.9,0.0,0.0,0.0,0.0,17.0,32.8,2022-01-21,126,2022,1,4,21,0,True,1,0.49999999999999994,0.8660254037844387,0.3534446712740877,0.9354554315134164,4,0.0,0.0,1.68,0.0,0.0,2.4,0.0,-14.9,-15.7,0.0,0.0
3,6.3,10.7,1.7,-2.7,0.0,0.0,0.0,0.0,22.8,39.6,2022-01-22,76,2022,1,5,22,1,True,0,0.49999999999999994,0.8660254037844387,0.3694836834473831,0.9292372181882051,4,0.0,0.0,0.0,0.0,0.0,0.0,1.1,0.0,-14.9,0.0,0.0
3,6.2,10.4,-0.3,-4.6,0.0,0.0,0.0,0.0,24.8,52.9,2022-01-23,104,2022,1,6,23,1,True,1,0.49999999999999994,0.8660254037844387,0.38541335945432564,0.9227440286201427,4,0.0,0.0,0.0,0.0,0.0,0.0,6.3,1.1,0.0,0.0,0.0
73,0.6,2.4,-1.1,-4.9,1.4,0.3,0.77,10.0,27.9,55.1,2022-01-24,109,2022,1,0,24,0,True,1,0.49999999999999994,0.8660254037844387,0.4012289854475009,0.9159777842484877,4,0.0,0.0,0.0,0.0,0.0,0.0,6.2,6.3,1.1,0.77,1.4
3,0.5,5.7,-4.7,-9.1,0.0,0.0,0.0,0.0,24.2,47.2,2022-01-25,121,2022,1,1,25,0,True,1,0.49999999999999994,0.8660254037844387,0.4169258813287287,0.908940487313808,4,0.77,0.0,0.0,1.4,0.0,0.0,0.6,6.2,6.3,0.77,1.4
2,0.5,4.2,-3.3,-8.8,0.0,0.0,0.0,0.0,22.8,49.0,2022-01-26,117,2022,1,2,26,0,True,1,0.49999999999999994,0.8660254037844387,0.4324994021339788,0.901634220265486,4,0.0,0.77,0.0,0.0,1.4,0.0,0.5,0.6,6.2,0.77,1.4
3,-1.8,5.9,-7.4,-11.8,0.0,0.0,0.0,0.0,17.5,31.3,2022-01-27,99,2022,1,3,27,0,True,1,0.49999999999999994,0.8660254037844387,0.44794493940789115,0.8940611451454876,4,0.0,0.0,0.77,0.0,0.0,1.4,0.5,0.5,0.6,0.0,0.0
3,3.2,8.1,-1.1,-6.9,0.0,0.0,0.0,0.0,20.2,36.4,2022-01-28,96,2022,1,4,28,0,True,1,0.49999999999999994,0.8660254037844387,0.4632579225674917,0.88622350294858,4,0.0,0.0,0.0,0.0,0.0,0.0,-1.8,0.5,0.5,0.0,0.0
3,2.6,6.7,-1.1,-5.7,0.0,0.0,0.0,0.0,14.7,23.8,2022-01-29,72,2022,1,5,29,1,True,1,0.49999999999999994,0.8660254037844387,0.4784338202547012,0.8781236129591848,4,0.0,0.0,0.0,0.0,0.0,0.0,3.2,-1.8,0.5,0.0,0.0
3,3.0,6.8,0.7,-3.3,0.0,0.0,0.0,0.0,10.0,24.1,2022-01-30,41,2022,1,6,30,1,True,0,0.49999999999999994,0.8660254037844387,0.49346814167723735,0.8697638720650646,4,0.0,0.0,0.0,0.0,0.0,0.0,2.6,3.2,-1.8,0.0,0.0
73,-6.4,1.8,-15.4,-19.8,0.7,0.0,0.49,4.0,34.2,65.9,2022-01-31,54,2022,1,0,31,0,True,1,0.49999999999999994,0.8660254037844387,0.5083564379375122,0.8611467540480452,4,0.0,0.0,0.0,0.0,0.0,0.0,3.0,2.6,3.2,0.49,0.7
71,-17.7,-15.5,-21.4,-27.2,1.5,0.0,1.05,14.0,14.1,30.2,2022-02-01,57,2022,2,1,32,0,True,0,0.8660254037844386,0.5000000000000001,0.5230943033491326,0.8522748088519838,4,0.49,0.0,0.0,0.7,0.0,0.0,-6.4,3.0,2.6,1.54,2.2
3,-20.4,-16.1,-24.6,-29.6,0.0,0.0,0.0,0.0,19.9,43.2,2022-02-02,79,2022,2,2,33,0,True,0,0.8660254037844386,0.5000000000000001,0.5376773767406141,0.8431506618282,4,1.05,0.49,0.0,1.5,0.7,0.0,-17.7,-6.4,3.0,1.54,2.2
3,-13.8,-11.5,-17.3,-23.0,0.0,0.0,0.0,0.0,14.9,30.2,2022-02-03,95,2022,2,3,34,0,True,0,0.8660254037844386,0.5000000000000001,0.5521013427459208,0.8337770129585915,4,0.0,1.05,0.49,0.0,1.5,0.7,-20.4,-17.7,-6.4,1.05,1.5
3,-6.2,4.2,-18.1,-23.7,0.0,0.0,0.0,0.0,21.1,42.8,2022-02-04,69,2022,2,4,35,0,True,1,0.8660254037844386,0.5000000000000001,0.5663619330814524,0.8241566360566663,4,0.0,0.0,1.05,0.0,0.0,1.5,-13.8,-20.4,-17.7,0.0,0.0
51,3.4,6.0,-1.5,-6.9,0.1,0.1,0.0,1.0,24.7,55.4,2022-02-05,59,2022,2,5,36,1,True,1,0.8660254037844386,0.5000000000000001,0.580454927809098,0.8142923779467267,4,0.0,0.0,0.0,0.0,0.0,0.0,-6.2,-13.8,-20.4,0.0,0.1
3,4.9,12.4,-1.5,-6.8,0.0,0.0,0.0,0.0,22.7,48.2,2022-02-06,24,2022,2,6,37,1,True,1,0.8660254037844386,0.5000000000000001,0.5943761565849831,0.804187157621448,4,0.0,0.0,0.0,0.1,0.0,0.0,3.4,-6.2,-13.8,0.0,0.1
3,6.4,10.6,3.7,-2.5,0.0,0.0,0.0,0.0,29.4,66.2,2022-02-07,51,2022,2,0,38,0,True,0,0.8660254037844386,0.5000000000000001,0.6081214998935418,0.7938439653781019,4,0.0,0.0,0.0,0.0,0.1,0.0,4.9,3.4,-6.2,0.0,0.1
3,3.7,8.5,-0.1,-5.1,0.0,0.0,0.0,0.0,23.1,45.7,2022-02-08,34,2022,2,1,39,0,True,1,0.8660254037844386,0.5000000000000001,0.6216868902665479,0.7832658619336791,4,0.0,0.0,0.0,0.0,0.0,0.1,6.4,4.9,3.4,0.0,0.0
3,7.1,13.5,1.3,-3.7,0.0,0.0,0.0,0.0,28.3,53.3,2022-02-09,36,2022,2,2,40,0,True,0,0.8660254037844386,0.5000000000000001,0.6350683134867438,0.7724559775191742,4,0.0,0.0,0.0,0.0,0.0,0.0,3.7,6.4,4.9,0.0,0.0
51,8.0,11.6,-0.9,-5.5,0.4,0.4,0.0,3.0,33.8,62.3,2022-02-10,25,2022,2,3,41,0,True,1,0.8660254037844386,0.5000000000000001,0.6482618097757122,0.7614175109532997,4,0.0,0.0,0.0,0.0,0.0,0.0,7.1,3.7,6.4,0.0,0.4
3,-0.9,1.6,-3.6,-9.4,0.0,0.0,0.0,0.0,23.6,55.8,2022-02-11,9,2022,2,4,42,0,True,1,0.8660254037844386,0.5000000000000001,0.6612634749656386,0.7501537286959042,4,0.0,0.0,0.0,0.4,0.0,0.0,8.0,7.1,3.7,0.0,0.4
3,2.3,8.1,-2.9,-8.0,0.0,0.0,0.0,0.0,20.2,32.8,2022-02-12,4,2022,2,5,43,1,True,1,0.8660254037844386,0.5000000000000001,0.6740694616546161,0.7386679638813748,4,0.0,0.0,0.0,0.0,0.4,0.0,-0.9,8.0,7.1,0.0,0.4
3,3.3,6.6,-0.5,-4.9,0.0,0.0,0.0,0.0,20.8,38.2,2022-02-13,5,2022,2,6,44,1,True,1,0.8660254037844386,0.5000000000000001,0.6866759803451553,0.726963615332308,4,0.0,0.0,0.0,0.0,0.0,0.4,2.3,-0.9,8.0,0.0,0.0
71,-1.1,0.3,-3.5,-6.6,0.8,0.0,0.56,7.0,14.9,29.5,2022-02-14,8,2022,2,0,45,0,True,1,0.8660254037844386,0.5000000000000001,0.6990793005655562,0.7150441465537444,4,0.0,0.0,0.0,0.0,0.0,0.0,3.3,2.3,-0.9,0.56,0.8
73,-2.6,-0.8,-5.5,-9.8,1.5,0.0,1.05,8.0,15.7,36.0,2022-02-15,14,2022,2,1,46,0,True,0,0.8660254037844386,0.5000000000000001,0.7112757519738152,0.7029130847082615,4,0.56,0.0,0.0,0.8,0.0,0.0,-1.1,3.3,2.3,1.61,2.3
73,-8.6,-3.5,-15.3,-20.3,2.1,0.0,1.47,9.0,11.4,23.8,2022-02-16,39,2022,2,2,47,0,True,0,0.8660254037844386,0.5000000000000001,0.7232617254437388,0.6905740195722293,4,1.05,0.56,0.0,1.5,0.8,0.0,-2.6,-1.1,3.3,3.08,4.4
3,-1.1,6.1,-12.6,-17.6,0.0,0.0,0.0,0.0,22.9,49.7,2022-02-17,96,2022,2,3,48,0,True,1,0.8660254037844386,0.5000000000000001,0.7350336741329413,0.6780306024735382,4,1.47,1.05,0.56,2.1,1.5,0.8,-8.6,-2.6,-1.1,2.52,3.6000000000000005
73,-5.1,-0.0,-9.6,-14.8,1.9,0.0,1.33,9.0,18.3,38.5,2022-02-18,31,2022,2,4,49,0,True,0,0.8660254037844386,0.5000000000000001,0.746588114532413,0.6652865452111116,4,0.0,1.47,1.05,0.0,2.1,1.5,-1.1,-8.6,-2.6,2.8,4.0
73,3.4,7.6,-3.2,-7.4,4.1,1.4,1.89,10.0,25.6,49.7,2022-02-19,28,2022,2,5,50,1,True,1,0.8660254037844386,0.5000000000000001,0.7579216274973472,0.6523456189565257,4,1.33,0.0,1.47,1.9,0.0,2.1,-5.1,-1.1,-8.6,3.2199999999999998,5.999999999999999
73,-15.2,-4.4,-19.2,-24.1,7.0,0.0,4.9,21.0,23.1,47.5,2022-02-20,41,2022,2,6,51,1,True,0,0.8660254037844386,0.5000000000000001,0.7690308592589181,0.6392116531380588,4,1.89,1.33,0.0,4.1,1.9,0.0,3.4,-5.1,-1.1,8.120000000000001,13.0
71,-21.3,-19.0,-27.0,-32.2,1.3,0.0,0.91,13.0,12.3,26.3,2022-02-21,67,2022,2,0,52,0,True,0,0.8660254037844386,0.5000000000000001,0.7799125224167177,0.6258885343075018,4,4.9,1.89,1.33,7.0,4.1,1.9,-15.2,3.4,-5.1,7.7,12.399999999999999
3,-26.5,-19.1,-32.9,-38.8,0.0,0.0,0.0,0.0,14.5,19.8,2022-02-22,148,2022,2,1,53,0,True,0,0.8660254037844386,0.5000000000000001,0.7905633969115482,0.612380204990065,4,0.91,4.9,1.89,1.3,7.0,4.1,-21.3,-15.2,3.4,5.8100000000000005,8.299999999999999
3,-22.7,-13.0,-32.6,-38.6,0.0,0.0,0.0,0.0,13.6,20.2,2022-02-23,169,2022,2,2,54,0,True,0,0.8660254037844386,0.5000000000000001,0.8009803309782905,0.5986906625177214,4,0.0,0.91,4.9,0.0,1.3,7.0,-26.5,-21.3,-15.2,0.91,1.2999999999999992
71,-8.8,-4.6,-13.1,-18.1,1.1,0.0,0.77,11.0,20.0,36.7,2022-02-24,72,2022,2,3,55,0,True,0,0.8660254037844386,0.5000000000000001,0.8111602420785621,0.5848239578463322,4,0.0,0.0,0.91,0.0,0.0,1.3,-22.7,-26.5,-21.3,0.77,1.0999999999999992
0,-8.7,-1.6,-14.4,-20.0,0.0,0.0,0.0,0.0,16.9,29.9,2022-02-25,97,2022,2,4,56,0,True,0,0.8660254037844386,0.5000000000000001,0.8211001178128892,0.5707841943569036,4,0.77,0.0,0.0,1.1,0.0,0.0,-8.8,-22.7,-26.5,0.77,1.0999999999999992
3,-2.4,4.4,-8.2,-13.8,0.0,0.0,0.0,0.0,16.3,28.8,2022-02-26,214,2022,2,5,57,1,True,1,0.8660254037844386,0.5000000000000001,0.8307970168121247,0.5565755266413303,4,0.0,0.77,0.0,0.0,1.1,0.0,-8.7,-8.8,-22.7,0.77,1.0999999999999992
3,0.7,5.3,-5.8,-10.4,0.0,0.0,0.0,0.0,21.8,40.3,2022-02-27,158,2022,2,6,58,1,True,1,0.8660254037844386,0.5000000000000001,0.8402480696078469,0.5422021592729844,4,0.0,0.0,0.77,0.0,0.0,1.1,-2.4,-8.7,-8.8,0.0,0.0
3,-1.5,2.8,-6.2,-11.1,0.0,0.0,0.0,0.0,11.3,21.6,2022-02-28,154,2022,2,0,59,0,True,1,0.8660254037844386,0.5000000000000001,0.8494504794814806,0.527668345562516,4,0.0,0.0,0.0,0.0,0.0,0.0,0.7,-2.4,-8.7,0.0,0.0
73,-0.9,8.1,-5.9,-10.1,0.8,0.0,0.56,4.0,13.8,29.9,2022-03-01,87,2022,3,1,60,0,True,1,1.0,6.123233995736766e-17,0.8584015232918917,0.512978386299228,4,0.0,0.0,0.0,0.0,0.0,0.0,-1.5,0.7,-2.4,0.56,0.7999999999999992
71,-5.9,-3.0,-7.3,-11.7,0.5,0.0,0.35,5.0,11.0,25.6,2022-03-02,108,2022,3,2,61,0,True,0,1.0,6.123233995736766e-17,0.8670985522812081,0.4981366284784055,4,0.56,0.0,0.0,0.8,0.0,0.0,-0.9,-1.5,0.7,0.91,1.2999999999999992
73,-7.9,-7.0,-10.1,-14.6,4.6,0.0,3.22,22.0,9.1,20.2,2022-03-03,47,2022,3,3,62,0,True,0,1.0,6.123233995736766e-17,0.8755389928586302,0.4831474640149687,4,0.35,0.56,0.0,0.5,0.8,0.0,-5.9,-0.9,-1.5,4.13,5.899999999999999
73,-9.4,-6.4,-11.6,-16.2,2.2,0.0,1.54,8.0,18.6,37.8,2022-03-04,54,2022,3,4,63,0,True,0,1.0,6.123233995736766e-17,0.8837203473619977,0.4680153284438345,4,3.22,0.35,0.56,4.6,0.5,0.8,-7.9,-5.9,-0.9,5.11,7.299999999999999
71,-7.4,-2.3,-11.3,-16.0,0.4,0.0,0.28,4.0,15.3,30.2,2022-03-05,199,2022,3,5,64,1,True,0,1.0,6.123233995736766e-17,0.8916401947968874,0.45274469960737107,4,1.54,3.22,0.35,2.2,4.6,0.5,-9.4,-7.9,-5.9,5.040000000000001,7.199999999999999
71,-3.7,1.3,-7.4,-12.0,0.5,0.0,0.35,3.0,14.8,29.2,2022-03-06,129,2022,3,6,65,1,True,1,1.0,6.123233995736766e-17,0.8992961915530253,0.4373400963303323,4,0.28,1.54,3.22,0.4,2.2,4.6,-7.4,-9.4,-7.9,2.17,3.099999999999999
71,-0.8,2.0,-7.3,-13.5,0.9,0.2,0.49,7.0,29.8,59.8,2022-03-07,159,2022,3,0,66,0,True,1,1.0,6.123233995736766e-17,0.9066860720977985,0.4218060770826634,4,0.35,0.28,1.54,0.5,0.4,2.2,-3.7,-7.4,-9.4,1.12,1.7999999999999992
71,-9.5,-7.1,-11.9,-18.2,0.5,0.0,0.35,5.0,22.0,47.9,2022-03-08,131,2022,3,1,67,0,True,0,1.0,6.123233995736766e-17,0.9138076496466615,0.4061472386305789,4,0.49,0.35,0.28,0.9,0.5,0.4,-0.8,-3.7,-7.4,1.19,1.899999999999999
71,-13.0,-8.4,-17.4,-23.2,0.4,0.0,0.28,4.0,15.3,38.2,2022-03-09,95,2022,3,2,68,0,True,0,1.0,6.123233995736766e-17,0.9206588168102428,0.3903682146763026,4,0.35,0.49,0.35,0.5,0.9,0.5,-9.5,-0.8,-3.7,1.12,1.799999999999999
3,-8.1,-5.2,-12.9,-17.7,0.0,0.0,0.0,0.0,25.0,51.1,2022-03-10,103,2022,3,3,69,0,True,0,1.0,6.123233995736766e-17,0.9272375462179537,0.374473674486883,4,0.28,0.35,0.49,0.4,0.5,0.9,-13.0,-9.5,-0.8,0.63,0.8999999999999991
3,-6.9,3.0,-15.8,-20.8,0.0,0.0,0.0,0.0,18.5,28.8,2022-03-11,71,2022,3,4,70,0,True,1,1.0,6.123233995736766e-17,0.9335418911179212,0.35846832151248087,4,0.0,0.28,0.35,0.0,0.4,0.5,-8.1,-13.0,-9.5,0.28,0.39999999999999913
71,3.7,8.2,0.9,-4.6,0.1,0.0,0.07,1.0,21.4,42.5,2022-03-12,64,2022,3,5,71,1,True,0,1.0,6.123233995736766e-17,0.9395699859530622,0.342356891994542,4,0.0,0.0,0.28,0.0,0.0,0.4,-6.9,-8.1,-13.0,0.07,0.09999999999999912
71,0.6,4.0,-1.8,-5.2,2.0,0.7,0.91,17.0,6.9,19.1,2022-03-13,34,2022,3,6,72,1,True,1,1.0,6.123233995736766e-17,0.945320046913132,0.3261441535642696,4,0.07,0.0,0.0,0.1,0.0,0.0,3.7,-6.9,-8.1,0.98,2.099999999999999
3,3.4,10.7,-3.3,-7.1,0.0,0.0,0.0,0.0,25.4,54.7,2022-03-14,45,2022,3,0,73,0,True,1,1.0,6.123233995736766e-17,0.9507903724625832,0.3098349038318025,4,0.91,0.07,0.0,2.0,0.1,0.0,0.6,3.7,-6.9,0.9800000000000001,2.099999999999999
71,5.2,11.4,1.4,-1.9,1.0,0.9,0.07,5.0,23.0,52.6,2022-03-15,24,2022,3,1,74,0,True,0,1.0,6.123233995736766e-17,0.9559793438440766,0.2934339689665273,4,0.0,0.91,0.07,0.0,2.0,0.1,3.4,0.6,3.7,0.9800000000000002,2.999999999999999
51,3.7,8.4,0.1,-4.6,0.1,0.1,0.0,1.0,18.7,38.2,2022-03-16,11,2022,3,2,75,0,True,0,1.0,6.123233995736766e-17,0.9608854255574977,0.27694620226893646,4,0.07,0.0,0.91,1.0,0.0,2.0,5.2,3.4,0.6,0.07,1.0999999999999992
3,3.5,10.2,-2.3,-6.7,0.0,0.0,0.0,0.0,12.8,30.2,2022-03-17,15,2022,3,3,76,0,True,1,1.0,6.123233995736766e-17,0.9655071658143364,0.2603764827344581,4,0.0,0.07,0.0,0.1,1.0,0.0,3.7,5.2,3.4,0.07,1.0999999999999992
51,3.6,9.1,-0.8,-4.5,0.2,0.2,0.0,2.0,12.1,28.1,2022-03-18,6,2022,3,4,77,0,True,1,1.0,6.123233995736766e-17,0.969843196967294,0.24372971360968387,4,0.0,0.0,0.07,0.0,0.1,1.0,3.5,3.7,5.2,0.0,0.29999999999999916
3,4.1,11.0,-1.8,-5.7,0.0,0.0,0.0,0.0,10.9,27.4,2022-03-19,4,2022,3,5,78,1,True,1,1.0,6.123233995736766e-17,0.9738922359149924,0.22701082094141847,4,0.0,0.0,0.0,0.2,0.0,0.1,3.6,3.5,3.7,0.0,0.19999999999999912
51,2.0,5.5,-2.5,-7.3,0.3,0.3,0.0,3.0,23.9,48.6,2022-03-20,0,2022,3,6,79,1,True,1,1.0,6.123233995736766e-17,0.9776530844816641,0.2102247521189836,4,0.0,0.0,0.0,0.0,0.2,0.0,4.1,3.6,3.5,0.0,0.4999999999999991
2,2.6,10.2,-4.0,-8.8,0.0,0.0,0.0,0.0,16.7,37.8,2022-03-21,12,2022,3,0,80,0,True,1,1.0,6.123233995736766e-17,0.981124629771712,0.19337647441020586,4,0.0,0.0,0.0,0.3,0.0,0.2,2.0,4.1,3.6,0.0,0.2999999999999991
3,6.3,15.0,-0.8,-4.9,0.0,0.0,0.0,0.0,12.6,27.4,2022-03-22,2,2022,3,1,81,0,True,1,1.0,6.123233995736766e-17,0.984305844499033,0.17647097349152166,4,0.0,0.0,0.0,0.0,0.3,0.0,2.6,2.0,4.1,0.0,0.2999999999999991
3,8.9,14.5,4.0,-0.1,0.0,0.0,0.0,0.0,14.9,24.5,2022-03-23,3,2022,3,2,82,0,True,0,1.0,6.123233995736766e-17,0.9871957872910085,0.15951325197263655,4,0.0,0.0,0.0,0.0,0.0,0.3,6.3,2.6,2.0,0.0,0.0
73,1.9,5.9,-4.5,-8.8,0.8,0.3,0.35,4.0,25.7,51.1,2022-03-24,4,2022,3,3,83,0,True,1,1.0,6.123233995736766e-17,0.9897936029670716,0.14250832791617088,4,0.0,0.0,0.0,0.0,0.0,0.0,8.9,6.3,2.6,0.35,0.7999999999999992
3,1.2,8.4,-4.4,-9.0,0.0,0.0,0.0,0.0,10.7,32.0,2022-03-25,2,2022,3,4,84,0,True,1,1.0,6.123233995736766e-17,0.992098522791769,0.12546123335273648,4,0.35,0.0,0.0,0.8,0.0,0.0,1.9,8.9,6.3,0.35,0.7999999999999992
3,0.7,6.6,-5.2,-9.1,0.0,0.0,0.0,0.0,12.9,29.9,2022-03-26,0,2022,3,5,85,1,True,1,1.0,6.123233995736766e-17,0.9941098647022418,0.10837701279187609,4,0.0,0.35,0.0,0.0,0.8,0.0,1.2,1.9,8.9,0.35,0.7999999999999992
3,4.6,13.8,-2.7,-6.3,0.0,0.0,0.0,0.0,12.0,26.3,2022-03-27,0,2022,3,6,86,1,True,1,1.0,6.123233995736766e-17,0.9958270335100595,0.09126072172931188,4,0.0,0.0,0.35,0.0,0.0,0.8,0.7,1.2,1.9,0.0,0.0
71,0.9,3.9,-1.4,-6.3,0.5,0.1,0.28,5.0,21.2,43.6,2022-03-28,3,2022,3,0,87,0,True,1,1.0,6.123233995736766e-17,0.9972495210773451,0.07411742515094437,4,0.0,0.0,0.0,0.0,0.0,0.0,4.6,0.7,1.2,0.28,0.4999999999999991
71,1.6,10.4,-5.8,-9.7,0.1,0.0,0.07,1.0,13.7,26.3,2022-03-29,3,2022,3,1,88,0,True,1,1.0,6.123233995736766e-17,0.998376906467142,0.056952196034039754,4,0.28,0.0,0.0,0.5,0.0,0.0,0.9,4.6,0.7,0.35000000000000003,0.5999999999999991
51,6.8,16.9,-2.7,-6.3,0.4,0.4,0.0,2.0,21.3,44.3,2022-03-30,2,2022,3,2,89,0,True,1,1.0,6.123233995736766e-17,0.9992088560679753,0.03977011384605572,4,0.07,0.28,0.0,0.1,0.5,0.0,1.6,0.9,4.6,0.35000000000000003,0.9999999999999991
73,3.2,7.6,0.1,-4.0,2.7,1.1,1.12,8.0,20.4,45.4,2022-03-31,0,2022,3,3,90,0,True,0,1.0,6.123233995736766e-17,0.9997451236925734,0.022576263041545485,4,0.0,0.07,0.28,0.4,0.1,0.5,6.8,1.6,0.9,1.1900000000000002,3.1999999999999993
3,3.4,9.9,-2.0,-5.9,0.0,0.0,0.0,0.0,11.6,22.7,2022-04-01,1,2022,4,4,91,0,True,1,0.8660254037844387,-0.4999999999999998,0.9999855506507186,0.005375731557583884,4,1.12,0.0,0.07,2.7,0.4,0.1,3.2,6.8,1.6,1.12,3.099999999999999
53,2.9,10.8,-2.3,-5.9,2.0,2.0,0.0,5.0,18.5,36.7,2022-04-02,0,2022,4,5,92,1,True,1,0.8660254037844387,-0.4999999999999998,0.9999300657962057,-0.011826390691832589,4,0.0,1.12,0.0,0.0,2.7,0.4,3.4,3.2,6.8,1.12,4.699999999999999
3,2.0,8.7,-4.2,-8.5,0.0,0.0,0.0,0.0,18.2,37.4,2022-04-03,0,2022,4,6,93,1,True,1,0.8660254037844387,-0.4999999999999998,0.9995786855478958,-0.029025013321975237,4,0.0,0.0,1.12,2.0,0.0,2.7,2.9,3.4,3.2,0.0,1.9999999999999991
53,5.6,13.3,0.8,-3.8,1.1,1.1,0.0,3.0,29.8,55.4,2022-04-04,1,2022,4,0,94,0,True,0,0.8660254037844387,-0.4999999999999998,0.9989315138848577,-0.046215046983708354,4,0.0,0.0,0.0,0.0,2.0,0.0,2.0,2.9,3.4,0.0,3.099999999999999
51,5.0,9.2,0.4,-4.6,0.1,0.1,0.0,1.0,27.8,57.6,2022-04-05,0,2022,4,1,95,0,True,0,0.8660254037844387,-0.4999999999999998,0.9979887423155984,-0.06339140486951038,4,0.0,0.0,0.0,1.1,0.0,2.0,5.6,2.0,2.9,0.0,1.1999999999999993
51,3.4,9.9,-1.8,-6.4,0.3,0.3,0.0,3.0,17.4,41.8,2022-04-06,2,2022,4,2,96,0,True,1,0.8660254037844387,-0.4999999999999998,0.9967506498213929,-0.08054900421874167,4,0.0,0.0,0.0,0.1,1.1,0.0,5.0,5.6,2.0,0.0,1.4999999999999991
3,6.4,17.5,-4.4,-8.7,0.0,0.0,0.0,0.0,14.0,34.6,2022-04-07,0,2022,4,3,97,0,True,1,0.8660254037844387,-0.4999999999999998,0.9952176027737294,-0.09768276782171598,4,0.0,0.0,0.0,0.3,0.1,1.1,3.4,5.0,5.6,0.0,0.39999999999999913
3,11.7,21.0,5.0,0.1,0.0,0.0,0.0,0.0,26.2,51.5,2022-04-08,2,2022,4,4,98,0,True,0,0.8660254037844387,-0.4999999999999998,0.9933900548258936,-0.11478762552212701,4,0.0,0.0,0.0,0.0,0.3,0.1,6.4,3.4,5.0,0.0,0.29999999999999916
51,4.0,7.2,-1.9,-6.5,0.8,0.8,0.0,8.0,16.9,41.4,2022-04-09,0,2022,4,5,99,1,True,1,0.8660254037844387,-0.4999999999999998,0.9912685467787256,-0.13185851571739118,4,0.0,0.0,0.0,0.0,0.0,0.3,11.7,6.4,3.4,0.0,0.7999999999999992
3,-1.1,2.3,-6.0,-10.8,0.0,0.0,0.0,0.0,25.1,48.2,2022-04-10,0,2022,4,6,100,1,True,1,0.8660254037844387,-0.4999999999999998,0.9888537064205885,-0.1488903868564548,4,0.0,0.0,0.0,0.8,0.0,0.0,4.0,11.7,6.4,0.0,0.7999999999999992
3,-4.5,-0.6,-8.7,-13.6,0.0,0.0,0.0,0.0,20.7,47.2,2022-04-11,1,2022,4,0,101,0,True,0,0.8660254037844387,-0.4999999999999998,0.986146248341595,-0.16587819893463143,4,0.0,0.0,0.0,0.0,0.8,0.0,-1.1,4.0,11.7,0.0,0.7999999999999992
71,-7.9,-6.4,-9.5,-16.0,0.5,0.0,0.35,5.0,21.0,46.4,2022-04-12,17,2022,4,1,102,0,True,0,0.8660254037844387,-0.4999999999999998,0.9831469737221499,-0.1828169249850199,4,0.0,0.0,0.0,0.0,0.0,0.8,-4.5,-1.1,4.0,0.35,0.4999999999999991
71,-7.7,-5.1,-10.1,-15.7,1.2,0.0,0.84,12.0,17.7,40.0,2022-04-13,4,2022,4,2,103,0,True,0,0.8660254037844387,-0.4999999999999998,0.9798567700958665,-0.1997015525660636,4,0.35,0.0,0.0,0.5,0.0,0.0,-7.9,-4.5,-1.1,1.19,1.699999999999999
71,-7.4,-4.8,-10.5,-14.7,1.0,0.0,0.7,10.0,15.2,34.6,2022-04-14,8,2022,4,3,104,0,True,0,0.8660254037844387,-0.4999999999999998,0.9762766110869321,-0.21652708524481437,4,0.84,0.35,0.0,1.2,0.5,0.0,-7.7,-7.9,-4.5,1.89,2.6999999999999993
71,-5.8,-2.2,-9.4,-13.4,1.4,0.0,0.98,14.0,9.3,21.2,2022-04-15,3,2022,4,4,105,0,True,0,0.8660254037844387,-0.4999999999999998,0.9724075561219968,-0.23328854407545518,4,0.7,0.84,0.35,1.0,1.2,0.5,-7.4,-7.7,-7.9,2.52,3.5999999999999988
71,-3.5,3.2,-11.2,-15.5,0.3,0.1,0.14,3.0,15.9,35.3,2022-04-16,2,2022,4,5,106,1,True,1,0.8660254037844387,-0.4999999999999998,0.9682507501166718,-0.2499809690726521,4,0.98,0.7,0.84,1.4,1.0,1.2,-5.8,-7.4,-7.7,1.8199999999999998,2.699999999999999
71,-0.4,5.4,-6.2,-9.9,0.4,0.3,0.07,1.0,10.9,32.8,2022-04-17,0,2022,4,6,107,1,True,1,0.8660254037844387,-0.4999999999999998,0.9638074231367307,-0.26659942067929354,4,0.14,0.98,0.7,0.3,1.4,1.0,-3.5,-5.8,-7.4,1.19,2.099999999999999
3,2.7,9.6,-5.9,-10.1,0.0,0.0,0.0,0.0,21.5,49.0,2022-04-18,3,2022,4,0,108,0,True,1,0.8660254037844387,-0.4999999999999998,0.9590788900341131,-0.28313898122818354,4,0.07,0.14,0.98,0.4,0.3,1.4,-0.4,-3.5,-5.8,0.21000000000000002,0.6999999999999991
73,1.2,3.7,-1.1,-7.0,7.9,1.8,4.27,16.0,24.0,51.8,2022-04-19,37,2022,4,1,109,0,True,1,0.8660254037844387,-0.4999999999999998,0.9540665500578387,-0.2995947563972602,4,0.0,0.07,0.14,0.0,0.4,0.3,2.7,-0.4,-3.5,4.34,8.299999999999999
73,-1.2,1.5,-3.5,-8.5,2.8,0.2,1.82,11.0,23.7,43.6,2022-04-20,108,2022,4,2,110,0,True,1,0.8660254037844387,-0.4999999999999998,0.9487718864399473,-0.31596187665790293,4,4.27,0.0,0.07,7.9,0.0,0.4,1.2,2.7,-0.4,6.09,10.7
71,0.4,6.3,-4.6,-9.3,0.5,0.0,0.35,4.0,19.9,39.6,2022-04-21,122,2022,4,3,111,0,True,1,0.8660254037844387,-0.4999999999999998,0.9431964659565866,-0.33223549871590435,4,1.82,4.27,0.0,2.8,7.9,0.0,-1.2,1.2,2.7,6.4399999999999995,11.2
73,1.1,3.8,-1.2,-4.8,4.2,0.6,2.52,18.0,8.9,17.3,2022-04-22,32,2022,4,4,112,0,True,1,0.8660254037844387,-0.4999999999999998,0.9373419384643772,-0.3484108069446808,4,0.35,1.82,4.27,0.5,2.8,7.9,0.4,-1.2,1.2,4.6899999999999995,7.499999999999999
1,4.3,11.6,-2.4,-5.8,0.0,0.0,0.0,0.0,11.1,28.8,2022-04-23,12,2022,4,5,113,1,True,1,0.8660254037844387,-0.4999999999999998,0.9312100364121947,-0.3644830148102912,4,2.52,0.35,1.82,4.2,0.5,2.8,1.1,0.4,-1.2,2.8699999999999997,4.699999999999999
2,7.1,16.5,-2.2,-6.0,0.0,0.0,0.0,0.0,8.0,20.5,2022-04-24,5,2022,4,6,114,1,True,1,0.8660254037844387,-0.4999999999999998,0.9248025743285089,-0.38044736628785164,4,0.0,2.52,0.35,0.0,4.2,0.5,4.3,1.1,0.4,2.52,4.199999999999999
51,8.7,17.8,-1.2,-4.9,0.1,0.1,0.0,1.0,14.0,31.7,2022-04-25,5,2022,4,0,115,0,True,1,0.8660254037844387,-0.4999999999999998,0.9181214482844364,-0.39629913726891813,4,0.0,0.0,2.52,0.0,0.0,4.2,7.1,4.3,1.1,0.0,0.09999999999999912
53,8.2,15.1,2.3,-1.6,1.8,1.8,0.0,5.0,16.2,49.3,2022-04-26,0,2022,4,1,116,0,True,0,0.8660254037844387,-0.4999999999999998,0.9111686353326631,-0.41203363695942635,4,0.0,0.0,0.0,0.1,0.0,0.0,8.7,7.1,4.3,0.0,1.8999999999999992
51,6.3,11.8,0.5,-3.8,0.7,0.7,0.0,4.0,15.2,34.2,2022-04-27,4,2022,4,2,117,0,True,0,0.8660254037844387,-0.4999999999999998,0.9039461929224011,-0.42764620926777464,4,0.0,0.0,0.0,1.8,0.1,0.0,8.2,8.7,7.1,0.0,2.599999999999999
3,5.4,11.9,-2.4,-6.9,0.0,0.0,0.0,0.0,11.2,20.5,2022-04-28,0,2022,4,3,118,0,True,1,0.8660254037844387,-0.4999999999999998,0.8964562582905575,-0.44313223418263453,4,0.0,0.0,0.0,0.7,1.8,0.1,6.3,8.2,8.7,0.0,2.499999999999999
53,6.1,12.5,-0.5,-4.9,0.7,0.7,0.0,3.0,11.3,21.6,2022-04-29,0,2022,4,4,119,0,True,1,0.8660254037844387,-0.4999999999999998,0.8887010478292915,-0.45848712914008766,4,0.0,0.0,0.0,0.0,0.7,1.8,5.4,6.3,8.2,0.0,1.399999999999999
51,6.9,13.4,-2.2,-6.0,0.3,0.3,0.0,3.0,15.9,36.4,2022-04-30,0,2022,4,5,120,1,True,1,0.8660254037844387,-0.4999999999999998,0.8806828564301475,-0.47370635037968,4,0.0,0.0,0.0,0.7,0.0,0.7,6.1,5.4,6.3,0.0,0.9999999999999991
51,9.5,14.6,3.8,0.7,0.1,0.1,0.0,1.0,20.4,46.4,2022-05-01,0,2022,5,6,121,1,False,0,0.49999999999999994,-0.8660254037844387,0.8724040568049612,-0.48878539428899265,4,0.0,0.0,0.0,0.3,0.7,0.0,6.9,6.1,5.4,0.0,1.099999999999999
3,9.6,17.0,-0.2,-3.7,0.0,0.0,0.0,0.0,11.0,24.5,2022-05-02,0,2022,5,0,122,0,False,1,0.49999999999999994,-0.8660254037844387,0.8638670987837349,-0.503719798736334,4,0.0,0.0,0.0,0.1,0.3,0.7,9.5,6.9,6.1,0.0,0.39999999999999913
51,11.2,19.9,0.6,-2.4,0.2,0.2,0.0,2.0,9.7,24.1,2022-05-03,1,2022,5,1,123,0,False,0,0.49999999999999994,-0.8660254037844387,0.8550745085896932,-0.518505144391157,4,0.0,0.0,0.0,0.0,0.1,0.3,9.6,9.5,6.9,0.0,0.29999999999999916
3,13.0,19.5,6.2,2.6,0.0,0.0,0.0,0.0,16.9,38.9,2022-05-04,1,2022,5,2,124,0,False,0,0.49999999999999994,-0.8660254037844387,0.8460288880917339,-0.533137056031809,4,0.0,0.0,0.0,0.2,0.0,0.1,11.2,9.6,9.5,0.0,0.19999999999999912
53,13.0,19.8,8.0,4.9,1.5,1.5,0.0,5.0,23.9,42.5,2022-05-05,0,2022,5,3,125,0,False,0,0.49999999999999994,-0.8660254037844387,0.8367329140344921,-0.5476112038402312,4,0.0,0.0,0.0,0.0,0.2,0.0,13.0,11.2,9.6,0.0,1.699999999999999
3,11.7,16.9,5.6,1.5,0.0,0.0,0.0,0.0,24.8,53.6,2022-05-06,0,2022,5,4,126,0,False,0,0.49999999999999994,-0.8660254037844387,0.8271893372462497,-0.5619233046832195,4,0.0,0.0,0.0,1.5,0.0,0.2,13.0,13.0,11.2,0.0,1.4999999999999991
53,7.5,14.4,1.5,-2.1,1.8,1.8,0.0,3.0,13.2,30.6,2022-05-07,0,2022,5,5,127,1,False,0,0.49999999999999994,-0.8660254037844387,0.8174009818249189,-0.5760691233798758,4,0.0,0.0,0.0,0.0,1.5,0.0,11.7,13.0,13.0,0.0,3.299999999999999
61,4.6,10.8,-1.3,-4.5,4.1,4.1,0.0,16.0,12.6,37.4,2022-05-08,0,2022,5,6,128,1,False,1,0.49999999999999994,-0.8660254037844387,0.8073707443023492,-0.5900444739548627,4,0.0,0.0,0.0,1.8,0.0,1.5,7.5,11.7,13.0,0.0,5.899999999999999
73,3.7,8.8,0.2,-3.6,7.2,1.0,4.34,15.0,17.5,32.0,2022-05-09,0,2022,5,0,129,0,False,0,0.49999999999999994,-0.8660254037844387,0.7971015927871943,-0.6038452208771035,4,0.0,0.0,0.0,4.1,1.8,0.0,4.6,7.5,11.7,4.34,13.099999999999998
51,4.9,10.8,0.3,-2.7,0.4,0.4,0.0,3.0,9.4,34.9,2022-05-10,0,2022,5,1,130,0,False,0,0.49999999999999994,-0.8660254037844387,0.7865965660866021,-0.6174672802835514,4,4.34,0.0,0.0,7.2,4.1,1.8,3.7,4.6,7.5,4.34,11.699999999999998
51,7.2,14.2,-0.8,-4.2,0.5,0.5,0.0,3.0,8.0,25.6,2022-05-11,0,2022,5,2,131,0,False,1,0.49999999999999994,-0.8660254037844387,0.7758587728069828,-0.6309066211876704,4,0.0,4.34,0.0,0.4,7.2,4.1,4.9,3.7,4.6,4.34,8.1
51,8.6,16.1,-1.4,-5.5,0.1,0.1,0.0,1.0,17.6,38.2,2022-05-12,1,2022,5,3,132,0,False,1,0.49999999999999994,-0.8660254037844387,0.7648913904341225,-0.6441592666722685,4,0.0,0.0,4.34,0.5,0.4,7.2,7.2,4.9,3.7,0.0,0.9999999999999991
55,7.6,13.7,-0.6,-4.5,2.7,2.7,0.0,6.0,11.2,29.9,2022-05-13,0,2022,5,4,133,0,False,1,0.49999999999999994,-0.8660254037844387,0.753697664392914,-0.6572212950663319,4,0.0,0.0,0.0,0.1,0.5,0.4,8.6,7.2,4.9,0.0,3.2999999999999994
51,10.1,16.8,4.4,-0.1,0.2,0.2,0.0,2.0,16.8,35.3,2022-05-14,0,2022,5,5,134,1,False,0,0.49999999999999994,-0.8660254037844387,0.742280907086982,-0.6700888411055113,4,0.0,0.0,0.0,2.7,0.1,0.5,7.6,8.6,7.2,0.0,2.9999999999999996
3,12.2,19.6,3.0,-1.2,0.0,0.0,0.0,0.0,13.6,25.6,2022-05-15,0,2022,5,6,135,1,False,0,0.49999999999999994,-0.8660254037844387,0.7306444969184916,-0.6827580970759147,4,0.0,0.0,0.0,0.2,2.7,0.1,10.1,7.6,8.6,0.0,2.8999999999999995
51,14.7,21.2,6.1,2.7,0.3,0.3,0.0,2.0,14.5,36.4,2022-05-16,0,2022,5,0,136,0,False,0,0.49999999999999994,-0.8660254037844387,0.7187918772884232,-0.6952253139408722,4,0.0,0.0,0.0,0.0,0.2,2.7,12.2,10.1,7.6,0.0,0.4999999999999991
53,9.6,14.0,3.8,0.7,3.7,3.7,0.0,8.0,18.8,42.5,2022-05-17,0,2022,5,1,137,0,False,0,0.49999999999999994,-0.8660254037844387,0.7067265555776158,-0.7074868024503348,4,0.0,0.0,0.0,0.3,0.0,0.2,14.7,12.2,10.1,0.0,3.999999999999999
51,7.4,16.1,-0.9,-4.3,0.1,0.1,0.0,1.0,31.7,55.8,2022-05-18,1,2022,5,2,138,0,False,1,0.49999999999999994,-0.8660254037844387,0.6944521021088763,-0.719538934232584,4,0.0,0.0,0.0,3.7,0.3,0.0,9.6,14.7,12.2,0.0,4.099999999999999
55,4.4,7.0,2.8,-2.2,8.8,8.8,0.0,15.0,35.6,73.1,2022-05-19,0,2022,5,3,139,0,False,0,0.49999999999999994,-0.8660254037844387,0.6819721490904629,-0.7313781428679254,4,0.0,0.0,0.0,0.1,3.7,0.3,7.4,9.6,14.7,0.0,12.6
51,4.9,8.0,2.4,-2.2,2.2,2.2,0.0,16.0,22.4,55.1,2022-05-20,0,2022,5,4,140,0,False,0,0.49999999999999994,-0.8660254037844387,0.6692903895412567,-0.7430009249440493,4,0.0,0.0,0.0,8.8,0.1,3.7,4.4,7.4,9.6,0.0,11.099999999999998
51,5.4,10.2,0.1,-3.3,0.4,0.4,0.0,4.0,10.5,22.7,2022-05-21,0,2022,5,5,141,1,False,0,0.49999999999999994,-0.8660254037844387,0.6564105761979381,-0.7544038410927472,4,0.0,0.0,0.0,2.2,8.8,0.1,4.9,4.4,7.4,0.0,11.399999999999999
3,8.3,16.5,-2.2,-5.9,0.0,0.0,0.0,0.0,12.4,31.0,2022-05-22,0,2022,5,6,142,1,False,1,0.49999999999999994,-0.8660254037844387,0.6433365204044917,-0.765583517007675,4,0.0,0.0,0.0,0.4,2.2,8.8,5.4,4.9,4.4,0.0,2.5999999999999983
3,12.4,19.3,2.7,-1.9,0.0,0.0,0.0,0.0,13.0,24.1,2022-05-23,0,2022,5,0,143,0,False,0,0.49999999999999994,-0.8660254037844387,0.6300720909843687,-0.7765366444428655,4,0.0,0.0,0.0,0.0,0.4,2.2,8.3,5.4,4.9,0.0,0.39999999999999825
53,12.9,18.1,8.4,4.0,1.2,1.2,0.0,2.0,14.9,34.6,2022-05-24,0,2022,5,1,144,0,False,0,0.49999999999999994,-0.8660254037844387,0.6166212130956382,-0.7872599821916922,4,0.0,0.0,0.0,0.0,0.0,0.4,12.4,8.3,5.4,0.0,1.1999999999999982
51,13.1,19.4,5.8,2.3,0.2,0.2,0.0,2.0,17.6,34.2,2022-05-25,0,2022,5,2,145,0,False,0,0.49999999999999994,-0.8660254037844387,0.6029878670694714,-0.7977503570459932,4,0.0,0.0,0.0,1.2,0.0,0.0,12.9,12.4,8.3,0.0,1.3999999999999981
3,14.1,21.4,5.7,1.9,0.0,0.0,0.0,0.0,13.4,27.4,2022-05-26,0,2022,5,3,146,0,False,0,0.49999999999999994,-0.8660254037844387,0.5891760872322963,-0.8080046647350754,4,0.0,0.0,0.0,0.2,1.2,0.0,13.1,12.9,12.4,0.0,1.3999999999999981
3,15.4,22.3,8.5,5.3,0.0,0.0,0.0,0.0,18.7,43.2,2022-05-27,0,2022,5,4,147,0,False,0,0.49999999999999994,-0.8660254037844387,0.5751899607119775,-0.8180198708443174,4,0.0,0.0,0.0,0.0,0.2,1.2,14.1,13.1,12.9,0.0,0.19999999999999823
3,13.9,19.2,7.0,3.6,0.0,0.0,0.0,0.0,15.1,30.6,2022-05-28,0,2022,5,5,148,1,False,0,0.49999999999999994,-0.8660254037844387,0.5610336262283677,-0.8277930117131022,4,0.0,0.0,0.0,0.0,0.0,0.2,15.4,14.1,13.1,0.0,0.0
51,11.2,15.5,7.6,2.8,0.7,0.7,0.0,3.0,18.4,43.9,2022-05-29,0,2022,5,6,149,1,False,0,0.49999999999999994,-0.8660254037844387,0.5467112728685939,-0.8373211953118121,4,0.0,0.0,0.0,0.0,0.0,0.0,13.9,15.4,14.1,0.0,0.6999999999999982
51,9.7,14.7,6.4,2.5,1.4,1.4,0.0,10.0,23.3,45.4,2022-05-30,0,2022,5,0,150,0,False,0,0.49999999999999994,-0.8660254037844387,0.5322271388474397,-0.8466016020976267,4,0.0,0.0,0.0,0.7,0.0,0.0,11.2,13.9,15.4,0.0,2.099999999999998
3,10.5,17.2,1.5,-2.0,0.0,0.0,0.0,0.0,8.5,28.8,2022-05-31,0,2022,5,1,151,0,False,0,0.49999999999999994,-0.8660254037844387,0.5175855102531889,-0.8556314858488706,4,0.0,0.0,0.0,1.4,0.7,0.0,9.7,11.2,13.9,0.0,2.099999999999998
3,12.8,19.2,4.1,1.1,0.0,0.0,0.0,0.0,7.8,22.3,2022-06-01,0,2022,6,2,152,0,False,0,1.2246467991473532e-16,-1.0,0.5027907197793043,-0.8644081744776648,4,0.0,0.0,0.0,0.0,1.4,0.7,10.5,9.7,11.2,0.0,1.3999999999999981
3,13.6,20.7,4.0,1.1,0.0,0.0,0.0,0.0,13.1,33.8,2022-06-02,0,2022,6,3,153,0,False,0,1.2246467991473532e-16,-1.0,0.4878471454423119,-0.8729290708206411,4,0.0,0.0,0.0,0.0,0.0,1.4,12.8,10.5,9.7,0.0,0.0
3,14.7,22.3,4.0,0.5,0.0,0.0,0.0,0.0,23.9,50.0,2022-06-03,0,2022,6,4,154,0,False,0,1.2246467991473532e-16,-1.0,0.47275920928627757,-0.881191653407483,4,0.0,0.0,0.0,0.0,0.0,0.0,13.6,12.8,10.5,0.0,0.0
53,15.3,21.3,8.7,6.6,1.8,1.8,0.0,4.0,15.1,35.3,2022-06-04,0,2022,6,5,155,1,False,0,1.2246467991473532e-16,-1.0,0.4575313760742512,-0.8891934772070711,4,0.0,0.0,0.0,0.0,0.0,0.0,14.7,13.6,12.8,0.0,1.7999999999999983
63,11.6,16.3,9.1,6.9,27.1,27.1,0.0,21.0,17.5,33.5,2022-06-05,0,2022,6,6,156,1,False,0,1.2246467991473532e-16,-1.0,0.44216815196707204,-0.8969321743510065,4,0.0,0.0,0.0,1.8,0.0,0.0,15.3,14.7,13.6,0.0,28.9
61,11.8,16.5,8.7,7.3,10.1,10.1,0.0,14.0,13.9,27.0,2022-06-06,0,2022,6,0,157,0,False,0,1.2246467991473532e-16,-1.0,0.42667408318992467,-0.9044054548343001,4,0.0,0.0,0.0,27.1,1.8,0.0,11.6,15.3,14.7,0.0,39.0
61,12.0,15.6,9.2,6.3,11.4,11.4,0.0,16.0,17.5,31.0,2022-06-07,0,2022,6,1,158,0,False,0,1.2246467991473532e-16,-1.0,0.4110537546870351,-0.9116111071930239,4,0.0,0.0,0.0,10.1,27.1,1.8,11.8,11.6,15.3,0.0,48.6
3,13.6,20.3,6.4,3.6,0.0,0.0,0.0,0.0,14.7,36.0,2022-06-08,0,2022,6,2,159,0,False,0,1.2246467991473532e-16,-1.0,0.3953117887649151,-0.9185469991587165,4,0.0,0.0,0.0,11.4,10.1,27.1,12.0,11.8,11.6,0.0,21.499999999999996
3,15.6,21.8,7.8,4.9,0.0,0.0,0.0,0.0,18.1,37.1,2022-06-09,0,2022,6,3,160,0,False,0,1.2246467991473532e-16,-1.0,0.37945284372454435,-0.925211078289358,4,0.0,0.0,0.0,0.0,11.4,10.1,13.6,12.0,11.8,0.0,11.399999999999997
3,17.9,23.8,10.4,7.9,0.0,0.0,0.0,0.0,21.2,47.5,2022-06-10,0,2022,6,4,161,0,False,0,1.2246467991473532e-16,-1.0,0.36348161248290634,-0.9316013725767187,4,0.0,0.0,0.0,0.0,0.0,11.4,15.6,13.6,12.0,0.0,0.0
61,16.0,21.0,10.5,8.5,2.4,2.4,0.0,3.0,11.7,26.3,2022-06-11,0,2022,6,5,162,1,False,0,1.2246467991473532e-16,-1.0,0.3474028211842774,-0.9377159910299093,4,0.0,0.0,0.0,0.0,0.0,0.0,17.9,15.6,13.6,0.0,2.3999999999999964
61,12.9,18.0,6.9,4.6,4.4,4.4,0.0,9.0,14.0,29.5,2022-06-12,0,2022,6,6,163,1,False,0,1.2246467991473532e-16,-1.0,0.3312212278016865,-0.9435531242349544,4,0.0,0.0,0.0,2.4,0.0,0.0,16.0,17.9,15.6,0.0,6.799999999999997
63,10.1,12.7,8.6,6.3,33.1,33.1,0.0,23.0,16.8,33.8,2022-06-13,0,2022,6,0,164,0,False,0,1.2246467991473532e-16,-1.0,0.31494162072895193,-0.9491110448902284,4,0.0,0.0,0.0,4.4,2.4,0.0,12.9,16.0,17.9,0.0,39.9
63,9.4,10.3,8.6,3.3,43.7,43.7,0.0,24.0,35.3,84.6,2022-06-14,0,2022,6,1,165,0,False,0,1.2246467991473532e-16,-1.0,0.2985688173637202,-0.9543881083175908,4,0.0,0.0,0.0,33.1,4.4,2.4,10.1,12.9,16.0,0.0,81.2
53,12.1,14.9,9.6,4.0,7.6,7.6,0.0,21.0,34.9,75.2,2022-06-15,1,2022,6,2,166,0,False,0,1.2246467991473532e-16,-1.0,0.2821076626819194,-0.9593827529490743,4,0.0,0.0,0.0,43.7,33.1,4.4,9.4,10.1,12.9,0.0,84.39999999999999
53,13.4,17.8,7.3,5.3,0.9,0.9,0.0,4.0,20.0,41.4,2022-06-16,0,2022,6,3,167,0,False,0,1.2246467991473532e-16,-1.0,0.26556302780405594,-0.9640935007889755,4,0.0,0.0,0.0,7.6,43.7,33.1,12.1,9.4,10.1,0.0,52.2
61,14.7,20.0,9.9,8.9,3.7,3.7,0.0,11.0,13.5,27.7,2022-06-17,0,2022,6,4,168,0,False,0,1.2246467991473532e-16,-1.0,0.24893980855376657,-0.9685189578512204,4,0.0,0.0,0.0,0.9,7.6,43.7,13.4,12.1,9.4,0.0,12.2
61,15.3,20.6,11.9,11.1,8.9,8.9,0.0,13.0,13.2,29.2,2022-06-18,0,2022,6,5,169,1,False,0,1.2246467991473532e-16,-1.0,0.23224292400907015,-0.9726578145718654,4,0.0,0.0,0.0,3.7,0.9,7.6,14.7,13.4,12.1,0.0,13.5
61,14.1,18.8,10.5,9.3,3.7,3.7,0.0,10.0,13.6,31.7,2022-06-19,0,2022,6,6,170,1,False,0,1.2246467991473532e-16,-1.0,0.21547731504673012,-0.976508846196619,4,0.0,0.0,0.0,8.9,3.7,0.9,15.3,14.7,13.4,0.0,16.3
55,13.3,17.0,9.3,6.7,2.2,2.2,0.0,8.0,15.5,39.6,2022-06-20,0,2022,6,0,171,0,False,0,1.2246467991473532e-16,-1.0,0.19864794288017112,-0.9800709131432666,4,0.0,0.0,0.0,3.7,8.9,3.7,14.1,15.3,14.7,0.0,14.8
3,15.9,22.2,8.1,6.1,0.0,0.0,0.0,0.0,13.3,26.6,2022-06-21,0,2022,6,1,172,0,False,0,1.2246467991473532e-16,-1.0,0.18175978759137534,-0.9833429613388902,4,0.0,0.0,0.0,2.2,3.7,8.9,13.3,14.1,15.3,0.0,5.9
3,16.7,22.9,10.8,9.2,0.0,0.0,0.0,0.0,17.9,39.2,2022-06-22,0,2022,6,2,173,0,False,0,1.2246467991473532e-16,-1.0,0.16481784665719793,-0.9863240225317866,4,0.0,0.0,0.0,0.0,2.2,3.7,15.9,13.3,14.1,0.0,2.2
63,10.4,12.7,7.7,4.2,13.8,13.8,0.0,18.0,20.2,46.1,2022-06-23,1,2022,6,3,174,0,False,0,1.2246467991473532e-16,-1.0,0.14782713347053048,-0.9890132145779883,4,0.0,0.0,0.0,0.0,0.0,2.2,16.7,15.9,13.3,0.0,13.8
55,9.4,12.9,5.9,2.1,5.5,5.5,0.0,16.0,24.4,61.6,2022-06-24,0,2022,6,4,175,0,False,0,1.2246467991473532e-16,-1.0,0.13079267585675922,-0.9914097417023038,4,0.0,0.0,0.0,13.8,0.0,0.0,10.4,16.7,15.9,0.0,19.3
51,12.6,18.9,5.6,2.4,0.3,0.3,0.0,3.0,11.4,22.7,2022-06-25,0,2022,6,5,176,1,False,0,1.2246467991473532e-16,-1.0,0.11371951458594969,-0.9935128947338007,4,0.0,0.0,0.0,5.5,13.8,0.0,9.4,10.4,16.7,0.0,19.6
1,15.3,23.5,5.5,2.6,0.0,0.0,0.0,0.0,11.1,18.0,2022-06-26,0,2022,6,6,177,1,False,0,1.2246467991473532e-16,-1.0,0.0966127018812031,-0.9953220513156602,4,0.0,0.0,0.0,0.3,5.5,13.8,12.6,9.4,10.4,0.0,5.8
3,16.5,24.6,6.6,4.3,0.0,0.0,0.0,0.0,11.4,22.7,2022-06-27,0,2022,6,0,178,0,False,0,1.2246467991473532e-16,-1.0,0.07947729992362097,-0.9968366760893436,4,0.0,0.0,0.0,0.0,0.3,5.5,15.3,12.6,9.4,0.0,0.3
55,15.7,21.2,9.7,8.7,1.3,1.3,0.0,2.0,21.0,51.5,2022-06-28,0,2022,6,1,179,0,False,0,1.2246467991473532e-16,-1.0,0.062318379354325076,-0.998056320853012,4,0.0,0.0,0.0,0.0,0.0,0.3,16.5,15.3,12.6,0.0,1.3
61,13.9,19.5,9.2,7.6,3.4,3.4,0.0,9.0,14.3,41.0,2022-06-29,0,2022,6,2,180,0,False,0,1.2246467991473532e-16,-1.0,0.04514101777397193,-0.9989806246941579,4,0.0,0.0,0.0,1.3,0.0,0.0,15.7,16.5,15.3,0.0,4.7
51,15.0,20.8,9.2,6.9,1.3,1.3,0.0,8.0,15.8,29.2,2022-06-30,0,2022,6,3,181,0,False,0,1.2246467991473532e-16,-1.0,0.02795029824021032,-0.999609314096404,4,0.0,0.0,0.0,3.4,1.3,0.0,13.9,15.7,16.5,0.0,6.0
53,15.7,22.9,8.2,6.3,0.9,0.9,0.0,3.0,12.6,27.4,2022-07-01,0,2022,7,4,182,0,False,0,-0.4999999999999997,-0.8660254037844388,0.01075130776352193,-0.9999422030204416,4,0.0,0.0,0.0,1.3,3.4,1.3,15.0,13.9,15.7,0.0,5.6
61,13.1,16.5,10.3,9.1,6.3,6.3,0.0,19.0,13.0,25.6,2022-07-02,0,2022,7,5,183,1,False,0,-0.4999999999999997,-0.8660254037844388,-0.00645086419810515,-0.9999791929590823,4,0.0,0.0,0.0,0.9,1.3,3.4,15.7,15.0,13.9,0.0,8.5
55,11.4,13.7,8.9,7.5,4.2,4.2,0.0,10.0,12.0,23.8,2022-07-03,0,2022,7,6,184,1,False,0,-0.4999999999999997,-0.8660254037844388,-0.023651127245231586,-0.9997202729664083,4,0.0,0.0,0.0,6.3,0.9,1.3,13.1,15.7,15.0,0.0,11.399999999999999
55,12.1,14.0,11.0,10.6,5.6,5.6,0.0,18.0,13.6,27.7,2022-07-04,0,2022,7,0,185,0,False,0,-0.4999999999999997,-0.8660254037844388,-0.04084439154329611,-0.9991655196610109,4,0.0,0.0,0.0,4.2,6.3,0.9,11.4,13.1,15.7,0.0,16.099999999999998
53,15.1,20.5,9.9,9.6,1.5,1.5,0.0,5.0,12.3,26.6,2022-07-05,0,2022,7,1,186,0,False,0,-0.4999999999999997,-0.8660254037844388,-0.05802556932878035,-0.9983150972033183,4,0.0,0.0,0.0,5.6,4.2,6.3,12.1,11.4,13.1,0.0,11.299999999999997
51,13.0,17.3,7.3,5.9,0.8,0.8,0.0,5.0,11.1,30.6,2022-07-06,0,2022,7,2,187,0,False,0,-0.4999999999999997,-0.8660254037844388,-0.07518957641475855,-0.9971692572470178,4,0.0,0.0,0.0,1.5,5.6,4.2,15.1,12.1,11.4,0.0,7.899999999999999
53,17.6,22.9,12.3,11.6,2.5,2.5,0.0,11.0,16.9,39.2,2022-07-07,0,2022,7,3,188,0,False,0,-0.4999999999999997,-0.8660254037844388,-0.09233133369539122,-0.9957283388645872,4,0.0,0.0,0.0,0.8,1.5,5.6,13.0,15.1,12.1,0.0,4.799999999999999
2,18.7,25.7,10.5,9.0,0.0,0.0,0.0,0.0,11.3,22.7,2022-07-08,0,2022,7,4,189,0,False,0,-0.4999999999999997,-0.8660254037844388,-0.10944576864891556,-0.993992768446958,4,0.0,0.0,0.0,2.5,0.8,1.5,17.6,13.0,15.1,0.0,3.299999999999999
53,18.0,24.6,9.9,7.7,1.0,1.0,0.0,4.0,12.3,24.8,2022-07-09,0,2022,7,5,190,1,False,0,-0.4999999999999997,-0.8660254037844388,-0.12652781683868314,-0.9919630595773397,4,0.0,0.0,0.0,0.0,2.5,0.8,18.7,17.6,13.0,0.0,3.499999999999999
3,17.2,22.7,10.1,8.1,0.0,0.0,0.0,0.0,12.2,26.6,2022-07-10,0,2022,7,6,191,1,False,0,-0.4999999999999997,-0.8660254037844388,-0.1435724234118113,-0.9896398128792412,4,0.0,0.0,0.0,1.0,0.0,2.5,18.0,18.7,17.6,0.0,0.9999999999999991
2,18.4,25.0,9.9,7.2,0.0,0.0,0.0,0.0,16.6,33.5,2022-07-11,0,2022,7,0,192,0,False,0,-0.4999999999999997,-0.8660254037844388,-0.16057454459499376,-0.9870237158387383,4,0.0,0.0,0.0,0.0,1.0,0.0,17.2,18.0,18.7,0.0,0.9999999999999991
2,20.6,29.2,10.5,8.3,0.0,0.0,0.0,0.0,17.4,32.4,2022-07-12,0,2022,7,1,193,0,False,0,-0.4999999999999997,-0.8660254037844388,-0.17752914918703497,-0.984115542601034,4,0.0,0.0,0.0,0.0,0.0,1.0,18.4,17.2,18.0,0.0,0.0
61,17.7,25.0,12.9,10.3,3.1,3.1,0.0,3.0,16.8,35.6,2022-07-13,0,2022,7,2,194,0,False,0,-0.4999999999999997,-0.8660254037844388,-0.19443122004766195,-0.9809161537413774,4,0.0,0.0,0.0,0.0,0.0,0.0,20.6,18.4,17.2,0.0,3.099999999999999
2,18.7,28.2,9.2,7.8,0.0,0.0,0.0,0.0,11.9,31.0,2022-07-14,0,2022,7,3,195,0,False,0,-0.4999999999999997,-0.8660254037844388,-0.2112757555821793,-0.9774264960104055,4,0.0,0.0,0.0,3.1,0.0,0.0,17.7,20.6,18.4,0.0,3.099999999999999
2,20.8,29.6,10.1,8.5,0.0,0.0,0.0,0.0,14.9,32.0,2022-07-15,0,2022,7,4,196,0,False,0,-0.4999999999999997,-0.8660254037844388,-0.2280577712215198,-0.9736476020539838,4,0.0,0.0,0.0,0.0,3.1,0.0,18.7,17.7,20.6,0.0,3.099999999999999
2,22.1,30.3,13.8,10.9,0.0,0.0,0.0,0.0,14.7,24.5,2022-07-16,0,2022,7,5,197,1,False,0,-0.4999999999999997,-0.8660254037844388,-0.24477230089725957,-0.9695805901076308,4,0.0,0.0,0.0,0.0,0.0,3.1,20.8,18.7,17.7,0.0,0.0
51,18.4,23.5,14.4,13.1,0.9,0.9,0.0,8.0,15.1,26.6,2022-07-17,0,2022,7,6,198,1,False,0,-0.4999999999999997,-0.8660254037844388,-0.2614143985111562,-0.965226663665613,4,0.0,0.0,0.0,0.0,0.0,0.0,22.1,20.8,18.7,0.0,0.8999999999999991
63,15.0,18.5,12.8,12.8,17.7,17.7,0.0,9.0,13.0,30.6,2022-07-18,0,2022,7,0,199,0,False,0,-0.4999999999999997,-0.8660254037844388,-0.2779791393987801,-0.9605871111248129,4,0.0,0.0,0.0,0.9,0.0,0.0,18.4,22.1,20.8,0.0,18.599999999999998
1,20.5,27.8,13.5,11.4,0.0,0.0,0.0,0.0,21.9,45.0,2022-07-19,0,2022,7,1,200,0,False,0,-0.4999999999999997,-0.8660254037844388,-0.2944616217868012,-0.9556633054034704,4,0.0,0.0,0.0,17.7,0.9,0.0,15.0,18.4,22.1,0.0,18.599999999999998
1,17.7,25.6,8.8,7.4,0.0,0.0,0.0,0.0,16.0,33.5,2022-07-20,1,2022,7,2,201,0,False,0,-0.4999999999999997,-0.8660254037844388,-0.3108569682435036,-0.9504567035349151,4,0.0,0.0,0.0,0.0,17.7,0.9,20.5,15.0,18.4,0.0,17.7
1,19.8,28.7,10.8,8.6,0.0,0.0,0.0,0.0,12.7,19.1,2022-07-21,0,2022,7,3,202,0,False,0,-0.4999999999999997,-0.8660254037844388,-0.3271603271220951,-0.9449688462364056,4,0.0,0.0,0.0,0.0,0.0,17.7,17.7,20.5,15.0,0.0,0.0
61,16.5,21.9,12.6,11.0,4.1,4.1,0.0,7.0,20.9,38.5,2022-07-22,0,2022,7,4,203,0,False,0,-0.4999999999999997,-0.8660254037844388,-0.34336687399638804,-0.939201357453208,4,0.0,0.0,0.0,0.0,0.0,0.0,19.8,17.7,20.5,0.0,4.1
51,17.2,24.3,10.9,10.2,0.3,0.3,0.0,3.0,12.9,29.2,2022-07-23,0,2022,7,5,204,1,False,0,-0.4999999999999997,-0.8660254037844388,-0.3594718130884232,-0.9331559438780432,4,0.0,0.0,0.0,4.1,0.0,0.0,16.5,19.8,17.7,0.0,4.3999999999999995
3,19.5,27.2,10.6,10.0,0.0,0.0,0.0,0.0,12.8,24.8,2022-07-24,0,2022,7,6,205,1,False,0,-0.4999999999999997,-0.8660254037844388,-0.3754703786876202,-0.9268343944460494,4,0.0,0.0,0.0,0.3,4.1,0.0,17.2,16.5,19.8,0.0,4.3999999999999995
53,16.6,21.3,13.0,12.7,4.8,4.8,0.0,16.0,10.7,23.0,2022-07-25,0,2022,7,0,206,0,False,0,-0.4999999999999997,-0.8660254037844388,-0.3913578365610259,-0.9202385798054075,4,0.0,0.0,0.0,0.0,0.3,4.1,19.5,17.2,16.5,0.0,5.1
51,18.0,23.7,12.0,11.6,0.4,0.4,0.0,4.0,7.1,20.2,2022-07-26,0,2022,7,1,207,0,False,0,-0.4999999999999997,-0.8660254037844388,-0.4071294853542516,-0.9133704517637858,4,0.0,0.0,0.0,4.8,0.0,0.3,16.6,19.5,17.2,0.0,5.2
2,20.2,27.5,13.2,13.0,0.0,0.0,0.0,0.0,7.9,19.1,2022-07-27,0,2022,7,2,208,0,False,0,-0.4999999999999997,-0.8660254037844388,-0.4227806579826773,-0.9062320427107697,4,0.0,0.0,0.0,0.4,4.8,0.0,18.0,16.6,19.5,0.0,5.2
2,21.2,29.6,12.7,12.5,0.0,0.0,0.0,0.0,15.1,32.4,2022-07-28,0,2022,7,3,209,0,False,0,-0.4999999999999997,-0.8660254037844388,-0.4383067230125192,-0.898825465016444,4,0.0,0.0,0.0,0.0,0.4,4.8,20.2,18.0,16.6,0.0,0.4
61,21.6,31.0,13.3,13.2,3.2,3.2,0.0,4.0,15.2,27.7,2022-07-29,0,2022,7,4,210,0,False,0,-0.4999999999999997,-0.8660254037844388,-0.45370308603134424,-0.8911529104063088,4,0.0,0.0,0.0,0.0,0.0,0.4,21.2,20.2,18.0,0.0,3.2
61,19.9,28.5,13.0,12.0,1.6,1.6,0.0,2.0,18.0,37.4,2022-07-30,0,2022,7,5,211,1,False,0,-0.4999999999999997,-0.8660254037844388,-0.46896519100763184,-0.8832166493127127,4,0.0,0.0,0.0,3.2,0.0,0.0,21.6,21.2,20.2,0.0,4.800000000000001
53,20.3,28.6,12.8,12.4,0.9,0.9,0.0,1.0,13.7,28.8,2022-07-31,0,2022,7,6,212,1,False,0,-0.4999999999999997,-0.8660254037844388,-0.48408852163897587,-0.8750190302029955,4,0.0,0.0,0.0,1.6,3.2,0.0,19.9,21.6,21.2,0.0,5.7
3,21.1,30.6,15.0,15.7,0.0,0.0,0.0,0.0,28.4,33.1,2022-08-01,0,2022,8,0,213,0,False,0,-0.8660254037844385,-0.5000000000000004,-0.4990686026885319,-0.8665624788845385,4,0.0,0.0,0.0,0.9,1.6,3.2,20.3,19.9,21.6,0.0,2.5
2,17.7,25.0,11.8,11.0,0.0,0.0,0.0,0.0,13.7,45.0,2022-08-02,0,2022,8,1,214,0,False,0,-0.8660254037844385,-0.5000000000000004,-0.5139010013093103,-0.8578494977869301,4,0.0,0.0,0.0,0.0,0.9,1.6,21.1,20.3,19.9,0.0,0.9
3,18.6,27.9,11.6,9.8,0.0,0.0,0.0,0.0,13.5,28.1,2022-08-03,0,2022,8,2,215,0,False,0,-0.8660254037844385,-0.5000000000000004,-0.5285813283559292,-0.8488826652214553,4,0.0,0.0,0.0,0.0,0.0,0.9,17.7,21.1,20.3,0.0,0.0
63,14.3,20.3,9.7,8.7,13.5,13.5,0.0,9.0,17.0,32.0,2022-08-04,0,2022,8,3,216,0,False,0,-0.8660254037844385,-0.5000000000000004,-0.5431052396834317,-0.8396646346181327,4,0.0,0.0,0.0,0.0,0.0,0.0,18.6,17.7,21.1,0.0,13.5
51,12.4,18.4,7.1,4.4,0.2,0.2,0.0,1.0,20.7,46.1,2022-08-05,0,2022,8,4,217,0,False,0,-0.8660254037844385,-0.5000000000000004,-0.5574684374327892,-0.8301981337405212,4,0.0,0.0,0.0,13.5,0.0,0.0,14.3,18.6,17.7,0.0,13.7
1,15.4,25.6,5.0,2.1,0.0,0.0,0.0,0.0,15.7,39.6,2022-08-06,0,2022,8,5,218,1,False,0,-0.8660254037844385,-0.5000000000000004,-0.5716666713027052,-0.8204859638785327,4,0.0,0.0,0.0,0.2,13.5,0.0,12.4,14.3,18.6,0.0,13.7
0,20.7,29.3,12.8,9.9,0.0,0.0,0.0,0.0,14.5,25.9,2022-08-07,0,2022,8,6,219,1,False,0,-0.8660254037844385,-0.5000000000000004,-0.5856957398073508,-0.8105309990194823,4,0.0,0.0,0.0,0.0,0.2,13.5,15.4,12.4,14.3,0.0,0.2
2,20.5,29.3,11.9,9.3,0.0,0.0,0.0,0.0,22.7,47.9,2022-08-08,0,2022,8,0,220,0,False,0,-0.8660254037844385,-0.5000000000000004,-0.5995514915196489,-0.8003361849976323,4,0.0,0.0,0.0,0.0,0.0,0.2,20.7,15.4,12.4,0.0,0.0
3,19.1,26.9,11.6,9.7,0.0,0.0,0.0,0.0,17.2,42.1,2022-08-09,0,2022,8,1,221,0,False,0,-0.8660254037844385,-0.5000000000000004,-0.6132298262997502,-0.7899045386224707,4,0.0,0.0,0.0,0.0,0.0,0.0,20.5,20.7,15.4,0.0,0.0
51,19.6,25.5,13.7,12.6,0.4,0.4,0.0,2.0,14.4,28.8,2022-08-10,0,2022,8,2,222,0,False,0,-0.8660254037844385,-0.5000000000000004,-0.6267266965083301,-0.7792391467859886,4,0.0,0.0,0.0,0.0,0.0,0.0,19.1,20.5,20.7,0.0,0.4
51,22.7,31.2,14.1,13.2,0.2,0.2,0.0,1.0,18.9,42.8,2022-08-11,0,2022,8,3,223,0,False,0,-0.8660254037844385,-0.5000000000000004,-0.6400381082043503,-0.7683431655492202,4,0.0,0.0,0.0,0.4,0.0,0.0,19.6,19.1,20.5,0.0,0.6000000000000001
53,21.3,31.0,12.1,11.4,1.0,1.0,0.0,2.0,14.5,31.0,2022-08-12,0,2022,8,4,224,0,False,0,-0.8660254037844385,-0.5000000000000004,-0.65316012232693,-0.7572198192083127,4,0.0,0.0,0.0,0.2,0.4,0.0,22.7,19.6,19.1,0.0,1.6
51,21.6,31.0,12.1,10.9,0.2,0.2,0.0,1.0,17.7,43.2,2022-08-13,0,2022,8,5,225,1,False,0,-0.8660254037844385,-0.5000000000000004,-0.666088855860977,-0.7458723993404063,4,0.0,0.0,0.0,1.0,0.2,0.4,21.3,22.7,19.6,0.0,1.4000000000000001
2,19.7,27.9,10.7,8.4,0.0,0.0,0.0,0.0,14.3,28.4,2022-08-14,0,2022,8,6,226,1,False,0,-0.8660254037844385,-0.5000000000000004,-0.6788204829862355,-0.734304263829602,4,0.0,0.0,0.0,0.2,1.0,0.2,21.6,21.3,22.7,0.0,1.2
51,19.3,28.2,10.3,8.8,0.1,0.1,0.0,1.0,8.3,22.0,2022-08-15,0,2022,8,0,227,0,False,0,-0.8660254037844385,-0.5000000000000004,-0.6913512362094071,-0.722518835873311,4,0.0,0.0,0.0,0.0,0.2,1.0,19.7,21.6,21.3,0.0,0.30000000000000004
51,20.5,31.1,9.3,7.9,0.2,0.2,0.0,1.0,16.4,33.1,2022-08-16,0,2022,8,1,228,0,False,0,-0.8660254037844385,-0.5000000000000004,-0.7036774074790128,-0.7105196029692745,4,0.0,0.0,0.0,0.1,0.0,0.2,19.3,19.7,21.6,0.0,0.30000000000000004
2,20.2,28.1,12.7,11.9,0.0,0.0,0.0,0.0,15.1,24.1,2022-08-17,1,2022,8,2,229,0,False,0,-0.8660254037844385,-0.5000000000000004,-0.7157953492826642,-0.6983101158835584,4,0.0,0.0,0.0,0.2,0.1,0.0,20.5,19.3,19.7,0.0,0.30000000000000004
2,20.6,30.6,10.3,8.9,0.0,0.0,0.0,0.0,15.5,37.8,2022-08-18,0,2022,8,3,230,0,False,0,-0.8660254037844385,-0.5000000000000004,-0.7277014757264236,-0.6858939875998223,4,0.0,0.0,0.0,0.0,0.2,0.1,20.2,20.5,19.3,0.0,0.2
3,21.9,31.3,12.4,11.1,0.0,0.0,0.0,0.0,21.0,44.6,2022-08-19,0,2022,8,4,231,0,False,0,-0.8660254037844385,-0.5000000000000004,-0.7393922635959241,-0.673274892250183,4,0.0,0.0,0.0,0.0,0.0,0.2,20.6,20.2,20.5,0.0,0.0
51,20.4,26.5,13.4,12.1,0.2,0.2,0.0,2.0,10.7,18.0,2022-08-20,0,2022,8,5,232,1,False,0,-0.8660254037844385,-0.5000000000000004,-0.7508642533989489,-0.6604565640279754,4,0.0,0.0,0.0,0.0,0.0,0.0,21.9,20.6,20.2,0.0,0.2
61,18.9,25.9,13.6,12.3,3.2,3.2,0.0,4.0,13.7,29.2,2022-08-21,0,2022,8,6,233,1,False,0,-0.8660254037844385,-0.5000000000000004,-0.7621140503891487,-0.6474427960827475,4,0.0,0.0,0.0,0.2,0.0,0.0,20.4,21.9,20.6,0.0,3.4000000000000004
53,19.0,28.6,11.5,11.4,1.1,1.1,0.0,5.0,17.2,22.7,2022-08-22,0,2022,8,0,234,0,False,0,-0.8660254037844385,-0.5000000000000004,-0.7731383255706026,-0.6342374393978054,4,0.0,0.0,0.0,3.2,0.2,0.0,18.9,20.4,21.9,0.0,4.5
63,16.4,19.5,13.8,14.2,8.8,8.8,0.0,19.0,8.7,23.4,2022-08-23,0,2022,8,1,235,0,False,0,-0.8660254037844385,-0.5000000000000004,-0.7839338166829201,-0.620844401650647,4,0.0,0.0,0.0,1.1,3.2,0.2,19.0,18.9,20.4,0.0,13.100000000000001
51,17.5,23.4,11.8,11.5,1.0,1.0,0.0,8.0,13.0,32.4,2022-08-24,1,2022,8,2,236,0,False,0,-0.8660254037844385,-0.5000000000000004,-0.7944973291665992,-0.6072676460566135,4,0.0,0.0,0.0,8.8,1.1,3.2,16.4,19.0,18.9,0.0,10.900000000000002
61,17.0,23.7,10.7,10.3,1.9,1.9,0.0,3.0,13.2,41.0,2022-08-25,0,2022,8,3,237,0,False,0,-0.8660254037844385,-0.5000000000000004,-0.8048257371083452,-0.593511190196115,4,0.0,0.0,0.0,1.0,8.8,1.1,17.5,16.4,19.0,0.0,11.700000000000001
3,18.6,26.9,10.3,9.3,0.0,0.0,0.0,0.0,12.3,31.7,2022-08-26,0,2022,8,4,238,0,False,0,-0.8660254037844385,-0.5000000000000004,-0.8149159841660791,-0.5795791048257612,4,0.0,0.0,0.0,1.9,1.0,8.8,17.0,17.5,16.4,0.0,2.9
61,13.9,18.9,11.4,8.3,7.8,7.8,0.0,13.0,25.2,55.1,2022-08-27,1,2022,8,5,239,1,False,0,-0.8660254037844385,-0.5000000000000004,-0.8247650844733614,-0.5654755126737576,4,0.0,0.0,0.0,0.0,1.9,1.0,18.6,17.0,17.5,0.0,9.7
3,14.9,22.3,7.9,5.4,0.0,0.0,0.0,0.0,14.9,27.7,2022-08-28,0,2022,8,6,240,1,False,0,-0.8660254037844385,-0.5000000000000004,-0.8343701235229538,-0.5512045872199277,4,0.0,0.0,0.0,7.8,0.0,1.9,13.9,18.6,17.0,0.0,7.8
3,17.1,26.5,8.4,5.6,0.0,0.0,0.0,0.0,12.1,22.0,2022-08-29,0,2022,8,0,241,0,False,0,-0.8660254037844385,-0.5000000000000004,-0.8437282590292712,-0.5367705514607103,4,0.0,0.0,0.0,0.0,7.8,0.0,14.9,13.9,18.6,0.0,7.800000000000001
2,20.6,31.2,10.8,8.7,0.0,0.0,0.0,0.0,11.0,23.8,2022-08-30,0,2022,8,1,242,0,False,0,-0.8660254037844385,-0.5000000000000004,-0.8528367217694595,-0.522177676659508,4,0.0,0.0,0.0,0.0,0.0,7.8,17.1,14.9,13.9,0.0,0.0
2,22.2,33.1,12.5,10.8,0.0,0.0,0.0,0.0,12.7,19.4,2022-08-31,0,2022,8,2,243,0,False,0,-0.8660254037844385,-0.5000000000000004,-0.8616928164028522,-0.5074302810827518,4,0.0,0.0,0.0,0.0,0.0,0.0,20.6,17.1,14.9,0.0,0.0
3,20.3,27.2,12.0,10.1,0.0,0.0,0.0,0.0,15.6,37.1,2022-09-01,0,2022,9,3,244,0,False,0,-1.0,-1.8369701987210297e-16,-0.8702939222685674,-0.49253272872205434,4,0.0,0.0,0.0,0.0,0.0,0.0,22.2,20.6,17.1,0.0,0.0
0,18.6,30.0,8.6,6.4,0.0,0.0,0.0,0.0,16.1,37.8,2022-09-02,0,2022,9,4,245,0,False,0,-1.0,-1.8369701987210297e-16,-0.8786374941610001,-0.4774894280028391,4,0.0,0.0,0.0,0.0,0.0,0.0,20.3,22.2,20.6,0.0,0.0
3,20.5,32.4,9.8,7.4,0.0,0.0,0.0,0.0,14.3,31.7,2022-09-03,0,2022,9,5,246,1,False,0,-1.0,-1.8369701987210297e-16,-0.886721063082993,-0.46230483047981086,4,0.0,0.0,0.0,0.0,0.0,0.0,18.6,20.3,22.2,0.0,0.0
3,23.7,32.5,16.2,13.3,0.0,0.0,0.0,0.0,15.0,34.9,2022-09-04,0,2022,9,6,247,1,False,0,-1.0,-1.8369701987210297e-16,-0.8945422369764496,-0.4469834295196741,4,0.0,0.0,0.0,0.0,0.0,0.0,20.5,18.6,20.3,0.0,0.0
51,16.4,20.6,10.3,8.2,0.9,0.9,0.0,5.0,13.0,29.9,2022-09-05,0,2022,9,0,248,0,False,0,-1.0,-1.8369701987210297e-16,-0.9020987014301837,-0.43152975897147144,4,0.0,0.0,0.0,0.0,0.0,0.0,23.7,20.5,18.6,0.0,0.9
51,13.9,22.4,5.5,3.9,0.1,0.1,0.0,1.0,19.3,45.7,2022-09-06,1,2022,9,1,249,0,False,0,-1.0,-1.8369701987210297e-16,-0.9093882203647925,-0.4159483918249421,4,0.0,0.0,0.0,0.9,0.0,0.0,16.4,23.7,20.5,0.0,1.0
51,17.3,28.7,7.9,5.0,0.1,0.1,0.0,1.0,19.3,42.5,2022-09-07,0,2022,9,2,250,0,False,0,-1.0,-1.8369701987210297e-16,-0.9164086366943458,-0.4002439388573056,4,0.0,0.0,0.0,0.1,0.9,0.0,13.9,16.4,23.7,0.0,1.1
51,11.5,15.6,8.5,5.6,0.7,0.7,0.0,5.0,16.9,43.6,2022-09-08,0,2022,9,3,251,0,False,0,-1.0,-1.8369701987210297e-16,-0.9231578729647039,-0.38442104726885545,4,0.0,0.0,0.0,0.1,0.1,0.9,17.3,13.9,16.4,0.0,0.9
53,10.3,16.6,4.6,1.4,2.2,2.2,0.0,8.0,14.7,35.6,2022-09-09,1,2022,9,4,252,0,False,0,-1.0,-1.8369701987210297e-16,-0.9296339319682695,-0.3684843993077793,4,0.0,0.0,0.0,0.7,0.1,0.1,11.5,17.3,13.9,0.0,3.0
0,13.7,27.1,2.5,-0.9,0.0,0.0,0.0,0.0,10.9,21.2,2022-09-10,0,2022,9,5,253,1,False,0,-1.0,-1.8369701987210297e-16,-0.9358348973349941,-0.35243871088460327,4,0.0,0.0,0.0,2.2,0.7,0.1,10.3,11.5,17.3,0.0,2.9
3,19.0,30.4,8.8,5.0,0.0,0.0,0.0,0.0,17.6,29.9,2022-09-11,0,2022,9,6,254,1,False,0,-1.0,-1.8369701987210297e-16,-0.9417589340994617,-0.33628873017668287,4,0.0,0.0,0.0,0.0,2.2,0.7,13.7,10.3,11.5,0.0,2.2
3,15.6,20.0,10.6,8.2,0.0,0.0,0.0,0.0,18.7,36.0,2022-09-12,0,2022,9,0,255,0,False,0,-1.0,-1.8369701987210297e-16,-0.9474042892438845,-0.32003923622313857,4,0.0,0.0,0.0,0.0,0.0,2.2,19.0,13.7,10.3,0.0,0.0
53,14.8,20.2,10.6,9.3,1.2,1.2,0.0,4.0,13.8,26.3,2022-09-13,0,2022,9,1,256,0,False,0,-1.0,-1.8369701987210297e-16,-0.9527692922168511,-0.30369503751065885,4,0.0,0.0,0.0,0.0,0.0,0.0,15.6,19.0,13.7,0.0,1.2
3,13.9,21.0,8.6,6.3,0.0,0.0,0.0,0.0,11.3,29.9,2022-09-14,0,2022,9,2,257,0,False,0,-1.0,-1.8369701987210297e-16,-0.9578523554276669,-0.28726097055059635,4,0.0,0.0,0.0,1.2,0.0,0.0,14.8,15.6,19.0,0.0,1.2
51,13.8,23.0,5.6,3.5,0.1,0.1,0.0,1.0,12.4,31.7,2022-09-15,0,2022,9,3,258,0,False,0,-1.0,-1.8369701987210297e-16,-0.9626519747161487,-0.2707418984477642,4,0.0,0.0,0.0,0.0,1.2,0.0,13.9,14.8,15.6,0.0,1.3
3,13.8,22.3,7.4,4.6,0.0,0.0,0.0,0.0,12.0,23.8,2022-09-16,0,2022,9,4,259,0,False,0,-1.0,-1.8369701987210297e-16,-0.9671667297977312,-0.2541427094613622,4,0.0,0.0,0.0,0.1,0.0,1.2,13.8,13.9,14.8,0.0,0.1
3,11.4,18.2,5.8,3.0,0.0,0.0,0.0,0.0,10.6,30.2,2022-09-17,0,2022,9,5,260,1,False,0,-1.0,-1.8369701987210297e-16,-0.97139528468375,-0.23746831555846842,4,0.0,0.0,0.0,0.0,0.1,0.0,13.8,13.8,13.9,0.0,0.1
3,10.2,18.8,1.7,-1.4,0.0,0.0,0.0,0.0,10.2,24.1,2022-09-18,0,2022,9,6,261,1,False,0,-1.0,-1.8369701987210297e-16,-0.9753363880767837,-0.2207236509605022,4,0.0,0.0,0.0,0.0,0.0,0.1,11.4,13.8,13.8,0.0,0.0
51,8.0,9.8,5.1,1.4,0.3,0.3,0.0,3.0,25.5,49.3,2022-09-19,0,2022,9,0,262,0,False,0,-1.0,-1.8369701987210297e-16,-0.9789888737409319,-0.20391367068311472,4,0.0,0.0,0.0,0.0,0.0,0.0,10.2,11.4,13.8,0.0,0.3
3,7.0,14.6,1.0,-2.6,0.0,0.0,0.0,0.0,17.3,30.6,2022-09-20,0,2022,9,1,263,0,False,0,-1.0,-1.8369701987210297e-16,-0.9823516608469237,-0.18704334906991657,4,0.0,0.0,0.0,0.3,0.0,0.0,8.0,10.2,11.4,0.0,0.3
0,7.5,17.0,-1.0,-4.3,0.0,0.0,0.0,0.0,18.6,42.8,2022-09-21,0,2022,9,2,264,0,False,1,-1.0,-1.8369701987210297e-16,-0.9854237542919524,-0.17011767832049052,4,0.0,0.0,0.0,0.0,0.3,0.0,7.0,8.0,10.2,0.0,0.3
3,8.8,16.3,2.8,-0.0,0.0,0.0,0.0,0.0,14.0,25.9,2022-09-22,0,2022,9,3,265,0,False,0,-1.0,-1.8369701987210297e-16,-0.9882042449941422,-0.15314166701312007,4,0.0,0.0,0.0,0.0,0.0,0.3,7.5,7.0,8.0,0.0,0.0
3,13.5,19.7,6.3,2.7,0.0,0.0,0.0,0.0,18.2,33.5,2022-09-23,0,2022,9,4,266,0,False,0,-1.0,-1.8369701987210297e-16,-0.9906923101615609,-0.13612033862266704,4,0.0,0.0,0.0,0.0,0.0,0.0,8.8,7.5,7.0,0.0,0.0
1,13.4,22.0,7.1,3.6,0.0,0.0,0.0,0.0,12.8,25.6,2022-09-24,0,2022,9,5,267,1,False,0,-1.0,-1.8369701987210297e-16,-0.9928872135356962,-0.11905873003404988,4,0.0,0.0,0.0,0.0,0.0,0.0,13.5,8.8,7.5,0.0,0.0
3,12.6,23.9,3.2,-0.4,0.0,0.0,0.0,0.0,11.0,19.4,2022-09-25,0,2022,9,6,268,1,False,0,-1.0,-1.8369701987210297e-16,-0.994788305609327,-0.10196189005174576,4,0.0,0.0,0.0,0.0,0.0,0.0,13.4,13.5,8.8,0.0,0.0
3,15.2,25.6,6.8,3.8,0.0,0.0,0.0,0.0,13.6,31.3,2022-09-26,0,2022,9,0,269,0,False,0,-1.0,-1.8369701987210297e-16,-0.9963950238187231,-0.08483487790576538,4,0.0,0.0,0.0,0.0,0.0,0.0,12.6,13.4,13.5,0.0,0.0
2,16.8,28.4,6.9,4.2,0.0,0.0,0.0,0.0,13.2,29.5,2022-09-27,0,2022,9,1,270,0,False,0,-1.0,-1.8369701987210297e-16,-0.9977068927101168,-0.06768276175455162,4,0.0,0.0,0.0,0.0,0.0,0.0,15.2,12.6,13.4,0.0,0.0
3,17.0,29.4,7.5,4.0,0.0,0.0,0.0,0.0,11.7,21.6,2022-09-28,0,2022,9,2,271,0,False,0,-1.0,-1.8369701987210297e-16,-0.9987235240803972,-0.050510617185222886,4,0.0,0.0,0.0,0.0,0.0,0.0,16.8,15.2,12.6,0.0,0.0
51,15.1,19.2,12.1,9.3,0.7,0.7,0.0,4.0,18.0,37.1,2022-09-29,0,2022,9,3,272,0,False,0,-1.0,-1.8369701987210297e-16,-0.9994446170919858,-0.033323525711631344,4,0.0,0.0,0.0,0.0,0.0,0.0,17.0,16.8,15.2,0.0,0.7
3,12.5,15.9,8.7,7.2,0.0,0.0,0.0,0.0,21.1,43.9,2022-09-30,0,2022,9,4,273,0,False,0,-1.0,-1.8369701987210297e-16,-0.9998699583618592,-0.016126573270657762,4,0.0,0.0,0.0,0.7,0.0,0.0,15.1,17.0,16.8,0.0,0.7
2,11.8,20.7,3.8,1.6,0.0,0.0,0.0,0.0,13.0,30.6,2022-10-01,0,2022,10,5,274,1,True,0,-0.8660254037844386,0.5000000000000001,-0.9999994220246925,0.001075151282798226,4,0.0,0.0,0.0,0.0,0.7,0.0,12.5,15.1,17.0,0.0,0.7
0,12.7,23.0,4.8,2.5,0.0,0.0,0.0,0.0,9.8,18.4,2022-10-02,0,2022,10,6,275,1,True,0,-0.8660254037844386,0.5000000000000001,-0.999832969770105,0.018276557681691223,4,0.0,0.0,0.0,0.0,0.0,0.7,11.8,12.5,15.1,0.0,0.0
0,13.6,23.4,7.6,5.3,0.0,0.0,0.0,0.0,12.2,22.7,2022-10-03,0,2022,10,0,276,0,True,0,-0.8660254037844386,0.5000000000000001,-0.9993706508539969,0.03547255575312556,4,0.0,0.0,0.0,0.0,0.0,0.0,12.7,11.8,12.5,0.0,0.0
3,14.4,24.0,7.6,4.2,0.0,0.0,0.0,0.0,12.7,22.0,2022-10-04,0,2022,10,1,277,0,True,0,-0.8660254037844386,0.5000000000000001,-0.9986126020839734,0.052658056924614005,4,0.0,0.0,0.0,0.0,0.0,0.0,13.6,12.7,11.8,0.0,0.0
51,10.9,17.5,4.7,1.9,0.3,0.3,0.0,2.0,12.9,27.4,2022-10-05,0,2022,10,2,278,0,True,0,-0.8660254037844386,0.5000000000000001,-0.9975590477788613,0.06982797572987089,4,0.0,0.0,0.0,0.0,0.0,0.0,14.4,13.6,12.7,0.0,0.3
51,7.0,14.8,0.8,-2.3,0.2,0.2,0.0,2.0,12.0,29.2,2022-10-06,0,2022,10,3,279,0,True,0,-0.8660254037844386,0.5000000000000001,-0.9962102997023297,0.0869772313136861,4,0.0,0.0,0.0,0.3,0.0,0.0,10.9,14.4,13.6,0.0,0.5
2,9.6,20.8,2.1,-1.1,0.0,0.0,0.0,0.0,9.8,18.7,2022-10-07,0,2022,10,4,280,0,True,0,-0.8660254037844386,0.5000000000000001,-0.9945667569706337,0.1041007489354256,4,0.0,0.0,0.0,0.2,0.3,0.0,7.0,10.9,14.4,0.0,0.5
3,10.6,22.5,2.9,-0.7,0.0,0.0,0.0,0.0,11.6,19.4,2022-10-08,0,2022,10,5,281,1,True,0,-0.8660254037844386,0.5000000000000001,-0.9926289059345095,0.121193461470736,4,0.0,0.0,0.0,0.0,0.2,0.3,9.6,7.0,10.9,0.0,0.2
3,10.6,20.3,4.1,0.5,0.0,0.0,0.0,0.0,10.7,17.3,2022-10-09,0,2022,10,6,282,1,True,0,-0.8660254037844386,0.5000000000000001,-0.9903973200352558,0.1382503109109819,4,0.0,0.0,0.0,0.0,0.0,0.2,10.6,9.6,7.0,0.0,0.0
53,11.9,19.7,5.5,1.7,1.5,1.5,0.0,5.0,24.2,40.0,2022-10-10,0,2022,10,0,283,0,True,0,-0.8660254037844386,0.5000000000000001,-0.9878726596350429,0.15526624985999563,4,0.0,0.0,0.0,0.0,0.0,0.0,10.6,10.6,9.6,0.0,1.5
3,6.0,14.7,-0.2,-3.8,0.0,0.0,0.0,0.0,19.2,33.5,2022-10-11,0,2022,10,1,284,0,True,1,-0.8660254037844386,0.5000000000000001,-0.9850556718215013,0.172236243027682,4,0.0,0.0,0.0,1.5,0.0,0.0,11.9,10.6,10.6,0.0,1.5
2,5.1,14.4,-0.7,-4.5,0.0,0.0,0.0,0.0,9.5,24.8,2022-10-12,0,2022,10,2,285,0,True,1,-0.8660254037844386,0.5000000000000001,-0.981947190186646,0.18915526872004093,4,0.0,0.0,0.0,0.0,1.5,0.0,6.0,11.9,10.6,0.0,1.5
3,8.0,21.6,-2.8,-6.8,0.0,0.0,0.0,0.0,16.3,27.4,2022-10-13,2,2022,10,3,286,0,True,1,-0.8660254037844386,0.5000000000000001,-0.9785481345802031,0.20601832032517084,4,0.0,0.0,0.0,0.0,0.0,1.5,5.1,6.0,11.9,0.0,0.0
51,11.1,16.6,7.2,2.7,1.0,1.0,0.0,3.0,20.1,38.9,2022-10-14,1,2022,10,4,287,0,True,0,-0.8660254037844386,0.5000000000000001,-0.9748595108374125,0.22282040779479959,4,0.0,0.0,0.0,0.0,0.0,0.0,8.0,5.1,6.0,0.0,1.0
3,7.7,16.1,-0.2,-3.2,0.0,0.0,0.0,0.0,13.4,27.0,2022-10-15,0,2022,10,5,288,1,True,1,-0.8660254037844386,0.5000000000000001,-0.9708824104813836,0.23955655912092708,4,0.0,0.0,0.0,1.0,0.0,0.0,11.1,8.0,5.1,0.0,1.0
3,8.6,20.2,0.2,-3.2,0.0,0.0,0.0,0.0,8.3,18.4,2022-10-16,0,2022,10,6,289,1,True,0,-0.8660254037844386,0.5000000000000001,-0.9666180104000972,0.2562218218071163,4,0.0,0.0,0.0,0.0,1.0,0.0,7.7,11.1,8.0,0.0,1.0
0,11.1,25.5,2.1,-2.0,0.0,0.0,0.0,0.0,12.4,21.2,2022-10-17,0,2022,10,0,290,0,True,0,-0.8660254037844386,0.5000000000000001,-0.9620675724981452,0.27281126433401914,4,0.0,0.0,0.0,0.0,0.0,1.0,8.6,7.7,11.1,0.0,0.0
1,11.6,25.5,3.5,-1.1,0.0,0.0,0.0,0.0,14.9,24.5,2022-10-18,1,2022,10,1,291,0,True,0,-0.8660254037844386,0.5000000000000001,-0.957232443323312,0.28931997761869527,4,0.0,0.0,0.0,0.0,0.0,0.0,11.1,8.6,7.7,0.0,0.0
3,11.5,25.2,2.3,-1.9,0.0,0.0,0.0,0.0,14.2,23.4,2022-10-19,1,2022,10,2,292,0,True,0,-0.8660254037844386,0.5000000000000001,-0.9521140536681102,0.3057430764672831,4,0.0,0.0,0.0,0.0,0.0,0.0,11.6,11.1,8.6,0.0,0.0
51,9.4,12.5,4.2,1.0,0.3,0.3,0.0,3.0,22.5,39.6,2022-10-20,1,2022,10,3,293,0,True,0,-0.8660254037844386,0.5000000000000001,-0.9467139181463862,0.3220757010206104,4,0.0,0.0,0.0,0.0,0.0,0.0,11.5,11.6,11.1,0.0,0.3
71,2.9,4.1,1.1,-1.6,3.8,3.4,0.28,18.0,10.9,20.5,2022-10-21,2,2022,10,4,294,0,True,0,-0.8660254037844386,0.5000000000000001,-0.9410336347451197,0.3383130181923076,4,0.0,0.0,0.0,0.3,0.0,0.0,9.4,11.5,11.6,0.28,4.1
73,0.5,1.5,-0.3,-4.2,7.2,0.7,4.55,24.0,15.5,30.6,2022-10-22,15,2022,10,5,295,1,True,1,-0.8660254037844386,0.5000000000000001,-0.9350748843515574,0.3544502230989869,4,0.28,0.0,0.0,3.8,0.3,0.0,2.9,9.4,11.5,4.83,11.3
73,-0.7,1.7,-4.3,-8.6,2.6,0.0,1.82,12.0,12.8,26.3,2022-10-23,18,2022,10,6,296,1,True,1,-0.8660254037844386,0.5000000000000001,-0.9288394302558068,0.3704825404820963,4,4.55,0.28,0.0,7.2,3.8,0.3,0.5,2.9,9.4,6.65,13.6
3,-2.3,4.3,-7.8,-12.1,0.0,0.0,0.0,0.0,10.7,23.0,2022-10-24,42,2022,10,0,297,0,True,1,-0.8660254037844386,0.5000000000000001,-0.9223291176290545,0.3864052261209853,4,1.82,4.55,0.28,2.6,7.2,3.8,-0.7,0.5,2.9,6.37,9.8
51,-0.8,3.9,-5.3,-9.3,0.2,0.2,0.0,2.0,13.0,26.6,2022-10-25,38,2022,10,1,298,0,True,1,-0.8660254037844386,0.5000000000000001,-0.9155458729775467,0.40221356823680365,4,0.0,1.82,4.55,0.0,2.6,7.2,-2.3,-0.7,0.5,1.82,2.8000000000000003
3,-1.3,7.7,-7.5,-12.1,0.0,0.0,0.0,0.0,17.3,24.5,2022-10-26,32,2022,10,2,299,0,True,1,-0.8660254037844386,0.5000000000000001,-0.9084917035725082,0.41790288888678667,4,0.0,0.0,1.82,0.2,0.0,2.6,-0.8,-2.3,-0.7,0.0,0.2
3,5.8,11.6,0.4,-5.3,0.0,0.0,0.0,0.0,28.5,51.1,2022-10-27,11,2022,10,3,300,0,True,0,-0.8660254037844386,0.5000000000000001,-0.9011686968561569,0.4334685453485363,4,0.0,0.0,0.0,0.0,0.2,0.0,-1.3,-0.8,-2.3,0.0,0.2
2,5.7,12.5,0.4,-3.5,0.0,0.0,0.0,0.0,19.2,41.4,2022-10-28,4,2022,10,4,301,0,True,0,-0.8660254037844386,0.5000000000000001,-0.8935790198239952,0.4489059314938798,4,0.0,0.0,0.0,0.0,0.0,0.2,5.8,-1.3,-0.8,0.0,0.0
3,4.2,10.5,0.0,-4.1,0.0,0.0,0.0,0.0,14.6,34.2,2022-10-29,0,2022,10,5,302,1,True,0,-0.8660254037844386,0.5000000000000001,-0.8857249183835637,0.4642104791518923,4,0.0,0.0,0.0,0.0,0.0,0.0,5.7,5.8,-1.3,0.0,0.0
3,8.7,13.5,2.8,-1.9,0.0,0.0,0.0,0.0,26.7,53.6,2022-10-30,0,2022,10,6,303,1,True,0,-0.8660254037844386,0.5000000000000001,-0.8776087166898392,0.4793776594606945,4,0.0,0.0,0.0,0.0,0.0,0.0,4.2,5.7,5.8,0.0,0.0
71,2.3,5.7,0.4,-3.5,1.0,0.2,0.56,6.0,17.1,34.2,2022-10-31,1,2022,10,0,304,0,True,0,-0.8660254037844386,0.5000000000000001,-0.8692328164574792,0.49440298420761813,4,0.0,0.0,0.0,0.0,0.0,0.0,8.7,4.2,5.7,0.56,1.0
73,-0.3,1.4,-2.4,-7.3,5.9,0.0,4.13,15.0,15.8,32.0,2022-11-01,42,2022,11,1,305,0,True,1,-0.5000000000000004,0.8660254037844384,-0.8605996962501181,0.5092820071573356,4,0.56,0.0,0.0,1.0,0.0,0.0,2.3,8.7,4.2,4.6899999999999995,6.9
73,-5.1,-2.6,-8.2,-12.9,8.6,0.0,6.02,21.0,27.9,51.5,2022-11-02,119,2022,11,2,306,0,True,0,-0.5000000000000004,0.8660254037844384,-0.8517119107469189,0.5240103253675756,4,4.13,0.56,0.0,5.9,1.0,0.0,-0.3,2.3,8.7,10.71,15.5
3,-8.6,0.1,-16.6,-21.6,0.0,0.0,0.0,0.0,10.7,30.2,2022-11-03,276,2022,11,3,307,0,True,1,-0.5000000000000004,0.8660254037844384,-0.8425720899866032,0.5385835804920232,4,6.02,4.13,0.56,8.6,5.9,1.0,-5.1,-0.3,2.3,10.149999999999999,14.5
3,-1.5,5.3,-6.3,-10.8,0.0,0.0,0.0,0.0,10.4,20.5,2022-11-04,457,2022,11,4,308,0,True,1,-0.5000000000000004,0.8660254037844384,-0.8331829385891785,0.5529974600700271,4,0.0,6.02,4.13,0.0,8.6,5.9,-8.6,-5.1,-0.3,6.0200000000000005,8.6
73,-3.2,-0.6,-8.6,-14.2,6.7,0.2,4.55,20.0,24.0,51.5,2022-11-05,112,2022,11,5,309,1,True,0,-0.5000000000000004,0.8660254037844384,-0.8235472349556007,0.5672476988027229,4,0.0,0.0,6.02,0.0,0.0,8.6,-1.5,-8.6,-5.1,4.550000000000001,6.7
73,-12.8,-9.1,-14.6,-20.2,1.4,0.0,0.98,10.0,14.5,27.4,2022-11-06,120,2022,11,6,310,1,True,0,-0.5000000000000004,0.8660254037844384,-0.8136678304455991,0.5813300798152042,4,4.55,0.0,0.0,6.7,0.0,0.0,-3.2,-1.5,-8.6,5.530000000000001,8.1
73,-16.3,-15.0,-19.4,-25.1,8.4,0.0,5.88,22.0,16.1,35.6,2022-11-07,180,2022,11,0,311,0,True,0,-0.5000000000000004,0.8660254037844384,-0.8035476485339116,0.5952404359043674,4,0.98,4.55,0.0,1.4,6.7,0.0,-12.8,-3.2,-1.5,11.41,16.5
3,-21.7,-16.5,-26.6,-32.0,0.0,0.0,0.0,0.0,13.1,23.4,2022-11-08,287,2022,11,1,312,0,True,0,-0.5000000000000004,0.8660254037844384,-0.7931896839451843,0.6089746507720486,4,5.88,0.98,4.55,8.4,1.4,6.7,-16.3,-12.8,-3.2,6.86,9.8
3,-23.6,-17.7,-29.6,-34.4,0.0,0.0,0.0,0.0,10.5,14.4,2022-11-09,402,2022,11,2,313,0,True,0,-0.5000000000000004,0.8660254037844384,-0.7825970017677834,0.6225286602431057,4,0.0,5.88,0.98,0.0,8.4,1.4,-21.7,-16.3,-12.8,5.880000000000001,8.4
3,-16.5,-7.7,-23.1,-28.0,0.0,0.0,0.0,0.0,12.5,22.0,2022-11-10,479,2022,11,3,314,0,True,0,-0.5000000000000004,0.8660254037844384,-0.7717727365467836,0.6358984534680745,4,0.0,0.0,5.88,0.0,0.0,8.4,-23.6,-21.7,-16.3,0.0,0.0
3,-10.7,-2.4,-14.9,-20.5,0.0,0.0,0.0,0.0,13.3,21.6,2022-11-11,378,2022,11,4,315,0,True,0,-0.5000000000000004,0.8660254037844384,-0.7607200913564104,0.6490800741100398,4,0.0,0.0,0.0,0.0,0.0,0.0,-16.5,-23.6,-21.7,0.0,0.0
71,-6.0,-1.3,-12.8,-17.9,0.5,0.0,0.35,5.0,13.1,24.8,2022-11-12,371,2022,11,5,316,1,True,0,-0.5000000000000004,0.8660254037844384,-0.7494423368521954,0.6620696215153815,4,0.0,0.0,0.0,0.0,0.0,0.0,-10.7,-16.5,-23.6,0.35,0.5
3,-6.5,-2.3,-11.7,-16.9,0.0,0.0,0.0,0.0,14.0,24.1,2022-11-13,320,2022,11,6,317,1,True,0,-0.5000000000000004,0.8660254037844384,-0.7379428103031386,0.6748632518680403,4,0.35,0.0,0.0,0.5,0.0,0.0,-6.0,-10.7,-16.5,0.35,0.5
71,-1.7,1.7,-6.7,-11.1,0.6,0.1,0.35,4.0,15.3,28.4,2022-11-14,599,2022,11,0,318,0,True,1,-0.5000000000000004,0.8660254037844384,-0.7262249146041543,0.6874571793269664,4,0.0,0.35,0.0,0.0,0.5,0.0,-6.5,-6.0,-10.7,0.7,1.1
3,-2.0,4.5,-7.5,-12.3,0.0,0.0,0.0,0.0,24.7,47.5,2022-11-15,439,2022,11,1,319,0,True,1,-0.5000000000000004,0.8660254037844384,-0.7142921172691032,0.699847677146407,4,0.35,0.0,0.35,0.6,0.0,0.5,-1.7,-6.5,-6.0,0.35,0.6
71,-3.1,-0.6,-7.8,-14.3,0.5,0.0,0.35,4.0,23.7,48.6,2022-11-16,395,2022,11,2,320,0,True,0,-0.5000000000000004,0.8660254037844384,-0.7021479494046978,0.7120310787787131,4,0.0,0.35,0.0,0.0,0.6,0.0,-2.0,-1.7,-6.5,0.7,1.1
3,-12.4,-8.4,-16.7,-21.8,0.0,0.0,0.0,0.0,21.9,45.7,2022-11-17,472,2022,11,3,321,0,True,0,-0.5000000000000004,0.8660254037844384,-0.6897960046655887,0.7240037789593305,4,0.35,0.0,0.35,0.5,0.0,0.6,-3.1,-2.0,-1.7,0.35,0.5
0,-8.4,-0.4,-13.5,-19.2,0.0,0.0,0.0,0.0,16.9,29.5,2022-11-18,602,2022,11,4,322,0,True,0,-0.5000000000000004,0.8660254037844384,-0.6772399381909491,0.7357622347736527,4,0.0,0.35,0.0,0.0,0.5,0.0,-12.4,-3.1,-2.0,0.35,0.5
3,-6.0,2.9,-13.3,-19.1,0.0,0.0,0.0,0.0,17.9,33.1,2022-11-19,371,2022,11,5,323,1,True,1,-0.5000000000000004,0.8660254037844384,-0.6644834655228552,0.7473029667054296,4,0.0,0.0,0.35,0.0,0.0,0.5,-8.4,-12.4,-3.1,0.0,0.0
3,-2.1,3.4,-7.0,-12.7,0.0,0.0,0.0,0.0,16.4,28.8,2022-11-20,315,2022,11,6,324,1,True,1,-0.5000000000000004,0.8660254037844384,-0.6515303615068021,0.75862255966641,4,0.0,0.0,0.0,0.0,0.0,0.0,-6.0,-8.4,-12.4,0.0,0.0
3,-0.1,4.8,-3.5,-8.2,0.0,0.0,0.0,0.0,16.2,27.7,2022-11-21,528,2022,11,0,325,0,True,1,-0.5000000000000004,0.8660254037844384,-0.6383844591746642,0.7697176640069211,4,0.0,0.0,0.0,0.0,0.0,0.0,-2.1,-6.0,-8.4,0.0,0.0
71,3.5,5.5,0.9,-4.2,0.3,0.2,0.07,3.0,16.5,30.6,2022-11-22,340,2022,11,1,326,0,True,0,-0.5000000000000004,0.8660254037844384,-0.6250496486104377,0.7805849965070866,4,0.0,0.0,0.0,0.0,0.0,0.0,-0.1,-2.1,-6.0,0.07,0.3
75,1.1,3.9,-1.7,-6.3,4.6,0.5,2.87,8.0,21.8,43.6,2022-11-23,441,2022,11,2,327,0,True,1,-0.5000000000000004,0.8660254037844384,-0.6115298757991053,0.7912213413483807,4,0.07,0.0,0.0,0.3,0.0,0.0,3.5,-0.1,-2.1,2.94,4.8999999999999995
3,5.0,8.3,-0.7,-5.1,0.0,0.0,0.0,0.0,22.9,47.2,2022-11-24,295,2022,11,3,328,0,True,1,-0.5000000000000004,0.8660254037844384,-0.5978291414589552,0.801623551065242,4,2.87,0.07,0.0,4.6,0.3,0.0,1.1,3.5,-0.1,2.94,4.8999999999999995
71,4.5,8.6,-0.2,-3.5,0.6,0.1,0.35,4.0,29.9,55.1,2022-11-25,206,2022,11,4,329,0,True,1,-0.5000000000000004,0.8660254037844384,-0.5839514998576998,0.8117885474764613,4,0.0,2.87,0.07,0.0,4.6,0.3,5.0,1.1,3.5,3.22,5.199999999999999
3,-1.2,3.2,-4.9,-9.3,0.0,0.0,0.0,0.0,22.1,27.7,2022-11-26,73,2022,11,5,330,1,True,1,-0.5000000000000004,0.8660254037844384,-0.5699010576127624,0.8217133225960589,4,0.35,0.0,2.87,0.6,0.0,4.6,4.5,5.0,1.1,0.35,0.6
73,-1.4,2.4,-8.6,-15.3,1.8,0.0,1.26,6.0,31.9,59.8,2022-11-27,48,2022,11,6,331,1,True,1,-0.5000000000000004,0.8660254037844384,-0.5556819724760489,0.8313949395234058,4,0.0,0.35,0.0,0.0,0.6,0.0,-1.2,4.5,5.0,1.6099999999999999,2.4
3,-11.8,-9.7,-13.2,-19.5,0.0,0.0,0.0,0.0,24.2,52.9,2022-11-28,103,2022,11,0,332,0,True,0,-0.5000000000000004,0.8660254037844384,-0.5412984521036173,0.8408305333122887,4,1.26,0.0,0.35,1.8,0.0,0.6,-1.4,-1.2,4.5,1.26,1.8
3,-15.9,-13.9,-17.8,-22.9,0.0,0.0,0.0,0.0,15.6,30.6,2022-11-29,103,2022,11,1,333,0,True,0,-0.5000000000000004,0.8660254037844384,-0.5267547528105542,0.8500173118187018,4,0.0,1.26,0.0,0.0,1.8,0.0,-11.8,-1.4,-1.2,1.2600000000000002,1.8000000000000003
73,-17.5,-16.1,-18.8,-24.8,2.0,0.0,1.4,12.0,15.0,32.8,2022-11-30,72,2022,11,2,334,0,True,0,-0.5000000000000004,0.8660254037844384,-0.5120551783114646,0.8589525565270845,4,0.0,0.0,1.26,0.0,0.0,1.8,-15.9,-11.8,-1.4,1.4,2.0
73,-21.7,-19.0,-25.7,-30.5,1.2,0.0,0.84,7.0,14.7,28.8,2022-12-01,167,2022,12,3,335,0,True,0,-2.4492935982947064e-16,1.0,-0.4972040784469378,0.8676336233547726,4,1.4,0.0,0.0,2.0,0.0,0.0,-17.5,-15.9,-11.8,2.2399999999999998,3.2
3,-24.0,-17.5,-30.0,-35.7,0.0,0.0,0.0,0.0,11.6,16.6,2022-12-02,187,2022,12,4,336,0,True,0,-2.4492935982947064e-16,1.0,-0.4822058478963526,0.8760579434344281,4,0.84,1.4,0.0,1.2,2.0,0.0,-21.7,-17.5,-15.9,2.2399999999999998,3.2
3,-16.2,-5.8,-25.0,-30.3,0.0,0.0,0.0,0.0,15.6,28.1,2022-12-03,189,2022,12,5,337,1,True,0,-2.4492935982947064e-16,1.0,-0.46706492487743034,0.8842230238742036,4,0.0,0.84,1.4,0.0,1.2,2.0,-24.0,-21.7,-17.5,0.84,1.2
71,-5.1,-1.6,-11.6,-17.7,0.6,0.0,0.42,5.0,21.3,37.8,2022-12-04,209,2022,12,6,338,1,True,0,-2.4492935982947064e-16,1.0,-0.451785789832884,0.8921264484954345,4,0.0,0.0,0.84,0.0,0.0,1.2,-16.2,-24.0,-21.7,0.42,0.6
71,-11.2,-6.8,-18.1,-23.4,2.2,0.0,1.54,20.0,18.5,36.4,2022-12-05,43,2022,12,0,339,0,True,0,-2.4492935982947064e-16,1.0,-0.4363729641045924,0.8997658785476209,4,0.42,0.0,0.0,0.6,0.0,0.0,-5.1,-16.2,-24.0,1.96,2.8000000000000003
73,-22.0,-19.2,-23.4,-29.2,4.1,0.0,2.87,19.0,13.1,24.5,2022-12-06,119,2022,12,1,340,0,True,0,-2.4492935982947064e-16,1.0,-0.42083100859565564,0.9071390534005044,4,1.54,0.42,0.0,2.2,0.6,0.0,-11.2,-5.1,-16.2,4.83,6.9
3,-9.2,-1.0,-22.7,-28.3,0.0,0.0,0.0,0.0,15.7,28.1,2022-12-07,258,2022,12,2,341,0,True,0,-2.4492935982947064e-16,1.0,-0.4051645224207563,0.9142437912130223,4,2.87,1.54,0.42,4.1,2.2,0.6,-22.0,-11.2,-5.1,4.41,6.300000000000001
3,-4.8,-0.5,-7.5,-12.5,0.0,0.0,0.0,0.0,14.2,24.1,2022-12-08,478,2022,12,3,342,0,True,0,-2.4492935982947064e-16,1.0,-0.3893781415452015,0.9210779895789526,4,0.0,2.87,1.54,0.0,4.1,2.2,-9.2,-22.0,-11.2,2.87,4.1
3,-8.2,-2.9,-11.6,-16.5,0.0,0.0,0.0,0.0,13.3,25.2,2022-12-09,330,2022,12,4,343,0,True,0,-2.4492935982947064e-16,1.0,-0.37347653741307074,0.9276396261490467,4,0.0,0.0,2.87,0.0,0.0,4.1,-4.8,-9.2,-22.0,0.0,0.0
3,-8.9,-4.8,-13.6,-18.2,0.0,0.0,0.0,0.0,10.8,23.4,2022-12-10,199,2022,12,5,344,1,True,0,-2.4492935982947064e-16,1.0,-0.3574644155648614,0.9339267592294762,4,0.0,0.0,0.0,0.0,0.0,0.0,-8.2,-4.8,-9.2,0.0,0.0
3,-12.9,-8.0,-16.7,-21.9,0.0,0.0,0.0,0.0,12.2,25.2,2022-12-11,131,2022,12,6,345,1,True,0,-2.4492935982947064e-16,1.0,-0.34134651424503615,0.9399375283564133,4,0.0,0.0,0.0,0.0,0.0,0.0,-8.9,-8.2,-4.8,0.0,0.0
71,-15.8,-11.6,-19.0,-23.9,0.1,0.0,0.07,1.0,9.5,20.2,2022-12-12,206,2022,12,0,346,0,True,0,-2.4492935982947064e-16,1.0,-0.3251276029999093,0.9456701548465688,4,0.0,0.0,0.0,0.0,0.0,0.0,-12.9,-8.9,-8.2,0.07,0.1
73,-11.9,-0.1,-19.4,-24.5,2.1,0.0,1.47,6.0,12.5,24.8,2022-12-13,257,2022,12,1,347,0,True,0,-2.4492935982947064e-16,1.0,-0.30881248126625377,0.9511229423235357,4,0.07,0.0,0.0,0.1,0.0,0.0,-15.8,-12.9,-8.9,1.54,2.2
73,-5.1,0.3,-14.7,-19.7,1.9,0.0,1.33,9.0,18.8,37.1,2022-12-14,112,2022,12,2,348,0,True,1,-2.4492935982947064e-16,1.0,-0.29240597695107734,0.9562942772197719,4,1.47,0.07,0.0,2.1,0.1,0.0,-11.9,-15.8,-12.9,2.87,4.1
3,-8.5,-2.2,-14.3,-19.3,0.0,0.0,0.0,0.0,15.3,31.3,2022-12-15,90,2022,12,3,349,0,True,0,-2.4492935982947064e-16,1.0,-0.27591294500296043,0.9611826292540837,4,1.33,1.47,0.07,1.9,2.1,0.1,-5.1,-11.9,-15.8,2.8000000000000003,4.0
71,-5.1,-1.0,-10.7,-15.9,0.3,0.0,0.21,2.0,15.0,26.6,2022-12-16,136,2022,12,4,350,0,True,0,-2.4492935982947064e-16,1.0,-0.2593382659754056,0.9657865518844574,4,0.0,1.33,1.47,0.0,1.9,2.1,-8.5,-5.1,-11.9,1.54,2.1999999999999997
73,-15.4,-2.8,-22.6,-28.9,2.1,0.0,1.47,15.0,21.1,43.2,2022-12-17,26,2022,12,5,351,1,True,0,-2.4492935982947064e-16,1.0,-0.2426868445825954,0.9701046827361175,4,0.21,0.0,1.33,0.3,0.0,1.9,-5.1,-8.5,-5.1,1.68,2.4
71,-23.4,-22.2,-24.7,-30.6,1.2,0.0,0.84,12.0,16.2,30.6,2022-12-18,47,2022,12,6,352,1,True,0,-2.4492935982947064e-16,1.0,-0.22596360824801906,0.974135744004672,4,1.47,0.21,0.0,2.1,0.3,0.0,-15.4,-5.1,-8.5,2.52,3.5999999999999996
71,-29.2,-24.9,-34.7,-40.3,0.1,0.0,0.07,1.0,15.7,31.0,2022-12-19,106,2022,12,0,353,0,True,0,-2.4492935982947064e-16,1.0,-0.20917350564635637,0.9778785428342386,4,0.84,1.47,0.21,1.2,2.1,0.3,-23.4,-15.4,-5.1,2.38,3.4
71,-32.1,-28.9,-36.1,-41.6,1.2,0.1,0.77,10.0,10.5,19.8,2022-12-20,106,2022,12,1,354,0,True,0,-2.4492935982947064e-16,1.0,-0.19232150523909483,0.9813319716704275,4,0.07,0.84,1.47,0.1,1.2,2.1,-29.2,-23.4,-15.4,1.68,2.5
3,-30.8,-27.9,-32.8,-38.8,0.0,0.0,0.0,0.0,15.3,32.8,2022-12-21,231,2022,12,2,355,0,True,0,-2.4492935982947064e-16,1.0,-0.17541259380427843,0.9844950085880858,4,0.77,0.07,0.84,1.2,0.1,1.2,-32.1,-29.2,-23.4,0.84,1.3
3,-30.4,-24.9,-34.9,-40.2,0.0,0.0,0.0,0.0,12.7,23.0,2022-12-22,229,2022,12,3,356,0,True,0,-2.4492935982947064e-16,1.0,-0.15845177496083632,0.9873667175937016,4,0.0,0.77,0.07,0.0,1.2,0.1,-30.8,-32.1,-29.2,0.77,1.2
71,-23.6,-19.6,-30.5,-35.9,0.7,0.0,0.49,5.0,12.1,25.9,2022-12-23,154,2022,12,4,357,0,True,0,-2.4492935982947064e-16,1.0,-0.14144406768794202,0.9899462489023779,4,0.0,0.0,0.77,0.0,0.0,1.2,-30.4,-30.8,-32.1,0.49,0.7
3,-13.1,-4.0,-22.1,-26.8,0.0,0.0,0.0,0.0,14.1,20.5,2022-12-24,116,2022,12,5,358,1,True,0,-2.4492935982947064e-16,1.0,-0.12439450483979998,0.9922328391893008,4,0.49,0.0,0.0,0.7,0.0,0.0,-23.6,-30.4,-30.8,0.49,0.7
3,-3.3,1.0,-8.0,-12.5,0.0,0.0,0.0,0.0,24.1,46.8,2022-12-25,64,2022,12,6,359,1,True,1,-2.4492935982947064e-16,1.0,-0.10730813165636247,0.9942258118156161,4,0.0,0.49,0.0,0.0,0.7,0.0,-13.1,-23.6,-30.4,0.49,0.7
3,1.0,6.8,-7.6,-12.0,0.0,0.0,0.0,0.0,22.5,39.2,2022-12-26,184,2022,12,0,360,0,True,1,-2.4492935982947064e-16,1.0,-0.09019000427034513,0.9959245770286599,4,0.0,0.0,0.49,0.0,0.0,0.7,-3.3,-13.1,-23.6,0.0,0.0
71,1.2,2.3,-1.1,-4.5,3.3,2.1,0.84,14.0,11.7,19.4,2022-12-27,245,2022,12,1,361,0,True,1,-2.4492935982947064e-16,1.0,-0.07304518821104743,0.9973286321364752,4,0.0,0.0,0.0,0.0,0.0,0.0,1.0,-3.3,-13.1,0.84,3.3
73,-4.9,-1.5,-6.5,-10.5,5.2,0.0,3.64,24.0,10.3,21.2,2022-12-28,139,2022,12,2,362,0,True,0,-2.4492935982947064e-16,1.0,-0.05587875690537313,0.9984375616565666,4,0.84,0.0,0.0,3.3,0.0,0.0,1.2,1.0,-3.3,4.48,8.5
3,-7.1,-3.6,-9.5,-13.7,0.0,0.0,0.0,0.0,10.2,15.5,2022-12-29,142,2022,12,3,363,0,True,0,-2.4492935982947064e-16,1.0,-0.03869579017652689,0.9992510374388481,4,3.64,0.84,0.0,5.2,3.3,0.0,-4.9,1.2,1.0,4.48,8.5
3,-6.6,-2.2,-10.1,-15.0,0.0,0.0,0.0,0.0,11.8,20.2,2022-12-30,207,2022,12,4,364,0,True,0,-2.4492935982947064e-16,1.0,-0.021501372740813793,0.999768818762748,4,0.0,3.64,0.84,0.0,5.2,3.3,-7.1,-4.9,1.2,3.64,5.2
3,-5.5,-1.0,-7.9,-12.7,0.0,0.0,0.0,0.0,11.7,20.5,2022-12-31,128,2022,12,5,365,1,True,0,-2.4492935982947064e-16,1.0,-0.004300592702981974,0.9999907524084426,4,0.0,0.0,3.64,0.0,0.0,5.2,-6.6,-7.1,-4.9,0.0,0.0
3,-5.1,-0.7,-7.9,-12.8,0.0,0.0,0.0,0.0,11.6,20.5,2023-01-01,155,2023,1,6,1,1,True,0,0.49999999999999994,0.8660254037844387,0.017201575418260506,0.9998520419557735,5,0.0,0.0,0.0,0.0,0.0,0.0,-5.5,-6.6,-7.1,0.0,0.0
2,-8.4,-2.8,-12.2,-16.9,0.0,0.0,0.0,0.0,11.9,19.8,2023-01-02,280,2023,1,0,2,0,True,0,0.49999999999999994,0.8660254037844387,0.03439806061360801,0.9994082116062598,5,0.0,0.0,0.0,0.0,0.0,0.0,-5.1,-5.5,-6.6,0.0,0.0
3,-9.7,-2.4,-13.9,-18.9,0.0,0.0,0.0,0.0,12.5,22.3,2023-01-03,306,2023,1,1,3,0,True,0,0.49999999999999994,0.8660254037844387,0.051584366869408364,0.9986686402879997,5,0.0,0.0,0.0,0.0,0.0,0.0,-8.4,-5.1,-5.5,0.0,0.0
3,-8.4,-2.9,-12.6,-17.5,0.0,0.0,0.0,0.0,15.0,25.6,2023-01-04,267,2023,1,2,4,0,True,0,0.49999999999999994,0.8660254037844387,0.06875540848113941,0.9976335468520451,5,0.0,0.0,0.0,0.0,0.0,0.0,-9.7,-8.4,-5.1,0.0,0.0
3,-11.3,-6.6,-17.1,-22.5,0.0,0.0,0.0,0.0,12.9,27.7,2023-01-05,243,2023,1,3,5,0,True,0,0.49999999999999994,0.8660254037844387,0.08590610426133272,0.9963032375991965,5,0.0,0.0,0.0,0.0,0.0,0.0,-8.4,-9.7,-8.4,0.0,0.0
3,-3.0,3.7,-7.3,-12.3,0.0,0.0,0.0,0.0,13.1,24.5,2023-01-06,201,2023,1,4,6,0,True,1,0.49999999999999994,0.8660254037844387,0.10303137904317879,0.9946781061893646,5,0.0,0.0,0.0,0.0,0.0,0.0,-11.3,-8.4,-9.7,0.0,0.0
3,-2.4,3.2,-7.9,-13.1,0.0,0.0,0.0,0.0,15.2,24.8,2023-01-07,224,2023,1,5,7,1,True,1,0.49999999999999994,0.8660254037844387,0.1201261651823505,0.9927586335250793,5,0.0,0.0,0.0,0.0,0.0,0.0,-3.0,-11.3,-8.4,0.0,0.0
3,-2.8,1.6,-5.3,-10.2,0.0,0.0,0.0,0.0,14.3,24.8,2023-01-08,160,2023,1,6,8,1,True,1,0.49999999999999994,0.8660254037844387,0.13718540405660057,0.9905453876091833,5,0.0,0.0,0.0,0.0,0.0,0.0,-2.4,-3.0,-11.3,0.0,0.0
3,-0.6,3.8,-4.4,-7.9,0.0,0.0,0.0,0.0,12.6,23.4,2023-01-09,308,2023,1,0,9,0,True,1,0.49999999999999994,0.8660254037844387,0.1542040475626894,0.988039023376751,5,0.0,0.0,0.0,0.0,0.0,0.0,-2.8,-2.4,-3.0,0.0,0.0
3,-4.1,0.8,-9.8,-14.2,0.0,0.0,0.0,0.0,11.6,20.9,2023-01-10,225,2023,1,1,10,0,True,1,0.49999999999999994,0.8660254037844387,0.17117705961019986,0.985240282501282,5,0.0,0.0,0.0,0.0,0.0,0.0,-0.6,-2.8,-2.4,0.0,0.0
3,-11.2,-5.0,-16.0,-20.4,0.0,0.0,0.0,0.0,9.5,16.6,2023-01-11,228,2023,1,2,11,0,True,0,0.49999999999999994,0.8660254037844387,0.18809941761179758,0.9821499931752291,5,0.0,0.0,0.0,0.0,0.0,0.0,-4.1,-0.6,-2.8,0.0,0.0
3,-5.8,0.4,-12.3,-16.8,0.0,0.0,0.0,0.0,15.0,29.2,2023-01-12,248,2023,1,3,12,0,True,1,0.49999999999999994,0.8660254037844387,0.20496611396949532,0.9787690698649216,5,0.0,0.0,0.0,0.0,0.0,0.0,-11.2,-4.1,-0.6,0.0,0.0
51,1.7,3.7,-1.0,-5.6,0.1,0.1,0.0,1.0,18.4,34.9,2023-01-13,174,2023,1,4,13,0,True,1,0.49999999999999994,0.8660254037844387,0.22177215755648186,0.975098513039961,5,0.0,0.0,0.0,0.0,0.0,0.0,-5.8,-11.2,-4.1,0.0,0.1
3,0.9,5.0,-4.5,-8.2,0.0,0.0,0.0,0.0,15.8,29.2,2023-01-14,103,2023,1,5,14,1,True,1,0.49999999999999994,0.8660254037844387,0.23851257519407648,0.9711394088771653,5,0.0,0.0,0.0,0.1,0.0,0.0,1.7,-5.8,-11.2,0.0,0.1
3,-4.3,-2.1,-6.5,-10.6,0.0,0.0,0.0,0.0,11.0,21.2,2023-01-15,65,2023,1,6,15,1,True,0,0.49999999999999994,0.8660254037844387,0.2551824131233728,0.9668929289391521,5,0.0,0.0,0.0,0.0,0.1,0.0,0.9,1.7,-5.8,0.0,0.1
3,-5.1,-1.6,-7.9,-11.8,0.0,0.0,0.0,0.0,10.8,20.5,2023-01-16,126,2023,1,0,16,0,True,0,0.49999999999999994,0.8660254037844387,0.2717767384711357,0.9623603298276545,5,0.0,0.0,0.0,0.0,0.0,0.1,-4.3,0.9,1.7,0.0,0.0
3,-5.6,0.9,-8.3,-13.2,0.0,0.0,0.0,0.0,11.0,19.1,2023-01-17,142,2023,1,1,17,0,True,1,0.49999999999999994,0.8660254037844387,0.2882906407095177,0.9575429528116719,5,0.0,0.0,0.0,0.0,0.0,0.0,-5.1,-4.3,0.9,0.0,0.0
3,-6.1,0.7,-9.8,-14.3,0.0,0.0,0.0,0.0,10.2,19.4,2023-01-18,125,2023,1,2,18,0,True,1,0.49999999999999994,0.8660254037844387,0.3047192331091634,0.9524422234305676,5,0.0,0.0,0.0,0.0,0.0,0.0,-5.6,-5.1,-4.3,0.0,0.0
71,-3.0,0.5,-7.8,-12.2,0.1,0.0,0.07,1.0,15.0,31.3,2023-01-19,145,2023,1,3,19,0,True,1,0.49999999999999994,0.8660254037844387,0.321057654185271,0.9470596510722283,5,0.0,0.0,0.0,0.0,0.0,0.0,-6.1,-5.6,-5.1,0.07,0.1
3,-3.2,1.8,-8.5,-13.1,0.0,0.0,0.0,0.0,16.6,28.8,2023-01-20,155,2023,1,4,20,0,True,1,0.49999999999999994,0.8660254037844387,0.3373010691361842,0.9413968285264122,5,0.07,0.0,0.0,0.1,0.0,0.0,-3.0,-6.1,-5.6,0.07,0.1
3,2.1,5.8,-0.4,-5.3,0.0,0.0,0.0,0.0,16.9,31.7,2023-01-21,71,2023,1,5,21,1,True,1,0.49999999999999994,0.8660254037844387,0.3534446712740877,0.9354554315134164,5,0.0,0.07,0.0,0.0,0.1,0.0,-3.2,-3.0,-6.1,0.07,0.1
71,-1.3,2.8,-8.9,-13.6,0.8,0.0,0.56,6.0,18.0,39.2,2023-01-22,51,2023,1,6,22,1,True,1,0.49999999999999994,0.8660254037844387,0.3694836834473831,0.9292372181882051,5,0.0,0.0,0.07,0.0,0.0,0.1,2.1,-3.2,-3.0,0.56,0.8
3,-3.3,3.2,-10.3,-15.1,0.0,0.0,0.0,0.0,24.9,53.3,2023-01-23,255,2023,1,0,23,0,True,1,0.49999999999999994,0.8660254037844387,0.38541335945432564,0.9227440286201427,5,0.56,0.0,0.0,0.8,0.0,0.0,-1.3,2.1,-3.2,0.56,0.8
51,0.3,3.0,-5.3,-10.1,0.1,0.1,0.0,1.0,21.6,41.4,2023-01-24,224,2023,1,1,24,0,True,1,0.49999999999999994,0.8660254037844387,0.4012289854475009,0.9159777842484877,5,0.0,0.56,0.0,0.0,0.8,0.0,-3.3,-1.3,2.1,0.56,0.9
73,0.2,3.5,-5.4,-10.3,1.9,0.5,0.98,10.0,15.5,31.3,2023-01-25,123,2023,1,2,25,0,True,1,0.49999999999999994,0.8660254037844387,0.4169258813287287,0.908940487313808,5,0.0,0.0,0.56,0.1,0.0,0.8,0.3,-3.3,-1.3,0.98,2.0
51,4.3,8.1,-0.8,-4.0,0.7,0.7,0.0,4.0,27.1,56.2,2023-01-26,128,2023,1,3,26,0,True,1,0.49999999999999994,0.8660254037844387,0.4324994021339788,0.901634220265486,5,0.98,0.0,0.0,1.9,0.1,0.0,0.2,0.3,-3.3,0.98,2.7
73,-3.3,0.7,-12.0,-17.3,6.8,0.3,4.55,23.0,17.9,41.4,2023-01-27,82,2023,1,4,27,0,True,1,0.49999999999999994,0.8660254037844387,0.44794493940789115,0.8940611451454876,5,0.0,0.98,0.0,0.7,1.9,0.1,4.3,0.2,0.3,5.529999999999999,9.4
71,-18.0,-12.7,-24.4,-29.9,0.2,0.0,0.14,2.0,16.8,36.0,2023-01-28,323,2023,1,5,28,1,True,0,0.49999999999999994,0.8660254037844387,0.4632579225674917,0.88622350294858,5,4.55,0.0,0.98,6.8,0.7,1.9,-3.3,4.3,0.2,4.6899999999999995,7.699999999999999
3,-20.7,-13.8,-25.7,-30.7,0.0,0.0,0.0,0.0,17.1,31.0,2023-01-29,229,2023,1,6,29,1,True,0,0.49999999999999994,0.8660254037844387,0.4784338202547012,0.8781236129591848,5,0.14,4.55,0.0,0.2,6.8,0.7,-18.0,-3.3,4.3,4.6899999999999995,7.0
71,-10.9,-8.6,-13.1,-18.7,0.7,0.0,0.49,7.0,13.5,24.8,2023-01-30,164,2023,1,0,30,0,True,0,0.49999999999999994,0.8660254037844387,0.49346814167723735,0.8697638720650646,5,0.0,0.14,4.55,0.0,0.2,6.8,-20.7,-18.0,-3.3,0.6300000000000009,0.8999999999999999
3,-9.7,-6.5,-12.1,-16.9,0.0,0.0,0.0,0.0,12.7,23.8,2023-01-31,450,2023,1,1,31,0,True,0,0.49999999999999994,0.8660254037844387,0.5083564379375122,0.8611467540480452,5,0.49,0.0,0.14,0.7,0.0,0.2,-10.9,-20.7,-18.0,0.4900000000000009,0.7
3,-11.9,-8.9,-15.9,-21.1,0.0,0.0,0.0,0.0,14.8,29.9,2023-02-01,359,2023,2,2,32,0,True,0,0.8660254037844386,0.5000000000000001,0.5230943033491326,0.8522748088519838,5,0.0,0.49,0.0,0.0,0.7,0.0,-9.7,-10.9,-20.7,0.4900000000000009,0.7
3,-11.6,-4.0,-17.1,-22.8,0.0,0.0,0.0,0.0,15.2,32.0,2023-02-02,285,2023,2,3,33,0,True,0,0.8660254037844386,0.5000000000000001,0.5376773767406141,0.8431506618282,5,0.0,0.0,0.49,0.0,0.0,0.7,-11.9,-9.7,-10.9,0.0,0.0
3,-0.3,3.7,-4.9,-10.3,0.0,0.0,0.0,0.0,19.8,32.4,2023-02-03,191,2023,2,4,34,0,True,1,0.8660254037844386,0.5000000000000001,0.5521013427459208,0.8337770129585915,5,0.0,0.0,0.0,0.0,0.0,0.0,-11.6,-11.9,-9.7,0.0,0.0
51,0.7,5.2,-1.9,-6.5,0.1,0.1,0.0,1.0,16.2,34.2,2023-02-04,231,2023,2,5,35,1,True,1,0.8660254037844386,0.5000000000000001,0.5663619330814524,0.8241566360566663,5,0.0,0.0,0.0,0.0,0.0,0.0,-0.3,-11.6,-11.9,0.0,0.1
3,-0.1,4.4,-4.6,-9.2,0.0,0.0,0.0,0.0,17.2,28.8,2023-02-05,295,2023,2,6,36,1,True,1,0.8660254037844386,0.5000000000000001,0.580454927809098,0.8142923779467267,5,0.0,0.0,0.0,0.1,0.0,0.0,0.7,-0.3,-11.6,0.0,0.1
3,0.5,4.8,-7.4,-12.3,0.0,0.0,0.0,0.0,26.3,50.4,2023-02-06,342,2023,2,0,37,0,True,1,0.8660254037844386,0.5000000000000001,0.5943761565849831,0.804187157621448,5,0.0,0.0,0.0,0.0,0.1,0.0,-0.1,0.7,-0.3,0.0,0.1
3,3.2,5.0,-1.6,-5.7,0.0,0.0,0.0,0.0,26.3,56.5,2023-02-07,319,2023,2,1,38,0,True,1,0.8660254037844386,0.5000000000000001,0.6081214998935418,0.7938439653781019,5,0.0,0.0,0.0,0.0,0.0,0.1,0.5,-0.1,0.7,0.0,0.0
71,-1.9,0.8,-8.0,-12.7,0.4,0.0,0.28,4.0,22.9,47.9,2023-02-08,290,2023,2,2,39,0,True,1,0.8660254037844386,0.5000000000000001,0.6216868902665479,0.7832658619336791,5,0.0,0.0,0.0,0.0,0.0,0.0,3.2,0.5,-0.1,0.2800000000000009,0.4
3,-2.8,3.0,-9.3,-14.3,0.0,0.0,0.0,0.0,18.1,29.9,2023-02-09,254,2023,2,3,40,0,True,1,0.8660254037844386,0.5000000000000001,0.6350683134867438,0.7724559775191742,5,0.28,0.0,0.0,0.4,0.0,0.0,-1.9,3.2,0.5,0.2800000000000009,0.4
3,1.9,5.7,-2.4,-7.1,0.0,0.0,0.0,0.0,26.8,55.4,2023-02-10,226,2023,2,4,41,0,True,1,0.8660254037844386,0.5000000000000001,0.6482618097757122,0.7614175109532997,5,0.0,0.28,0.0,0.0,0.4,0.0,-2.8,-1.9,3.2,0.2800000000000009,0.4
3,-0.3,4.9,-6.0,-10.7,0.0,0.0,0.0,0.0,15.9,29.5,2023-02-11,178,2023,2,5,42,1,True,1,0.8660254037844386,0.5000000000000001,0.6612634749656386,0.7501537286959042,5,0.0,0.0,0.28,0.0,0.0,0.4,1.9,-2.8,-1.9,0.0,0.0
3,2.4,7.4,-2.9,-7.4,0.0,0.0,0.0,0.0,24.7,49.0,2023-02-12,141,2023,2,6,43,1,True,1,0.8660254037844386,0.5000000000000001,0.6740694616546161,0.7386679638813748,5,0.0,0.0,0.0,0.0,0.0,0.0,-0.3,1.9,-2.8,0.0,0.0
73,1.9,5.9,-2.4,-7.3,1.3,0.3,0.7,5.0,27.1,53.6,2023-02-13,269,2023,2,0,44,0,True,1,0.8660254037844386,0.5000000000000001,0.6866759803451553,0.726963615332308,5,0.0,0.0,0.0,0.0,0.0,0.0,2.4,-0.3,1.9,0.7000000000000008,1.3
71,-6.3,-1.8,-9.9,-13.9,0.2,0.0,0.14,2.0,13.4,27.7,2023-02-14,119,2023,2,1,45,0,True,0,0.8660254037844386,0.5000000000000001,0.6990793005655562,0.7150441465537444,5,0.7,0.0,0.0,1.3,0.0,0.0,1.9,2.4,-0.3,0.8400000000000009,1.5
3,-5.9,1.1,-10.2,-14.8,0.0,0.0,0.0,0.0,9.4,20.2,2023-02-15,232,2023,2,2,46,0,True,1,0.8660254037844386,0.5000000000000001,0.7112757519738152,0.7029130847082615,5,0.14,0.7,0.0,0.2,1.3,0.0,-6.3,1.9,2.4,0.8400000000000009,1.5
3,-2.7,3.7,-8.7,-13.4,0.0,0.0,0.0,0.0,14.8,31.0,2023-02-16,214,2023,2,3,47,0,True,1,0.8660254037844386,0.5000000000000001,0.7232617254437388,0.6905740195722293,5,0.0,0.14,0.7,0.0,0.2,1.3,-5.9,-6.3,1.9,0.1400000000000009,0.2
3,-4.1,2.1,-10.4,-15.4,0.0,0.0,0.0,0.0,13.8,23.4,2023-02-17,174,2023,2,4,48,0,True,1,0.8660254037844386,0.5000000000000001,0.7350336741329413,0.6780306024735382,5,0.0,0.0,0.14,0.0,0.0,0.2,-2.7,-5.9,-6.3,0.0,0.0
51,-3.4,1.7,-10.2,-15.2,0.1,0.1,0.0,1.0,12.1,27.4,2023-02-18,183,2023,2,5,49,1,True,1,0.8660254037844386,0.5000000000000001,0.746588114532413,0.6652865452111116,5,0.0,0.0,0.0,0.0,0.0,0.0,-4.1,-2.7,-5.9,0.0,0.1
73,-2.0,3.5,-7.7,-12.5,3.1,0.2,2.03,9.0,10.8,25.2,2023-02-19,118,2023,2,6,50,1,True,1,0.8660254037844386,0.5000000000000001,0.7579216274973472,0.6523456189565257,5,0.0,0.0,0.0,0.1,0.0,0.0,-3.4,-4.1,-2.7,2.0300000000000007,3.2
73,-5.0,-2.4,-8.6,-14.3,8.5,0.0,5.95,24.0,17.4,35.6,2023-02-20,44,2023,2,0,51,0,True,0,0.8660254037844386,0.5000000000000001,0.7690308592589181,0.6392116531380588,5,2.03,0.0,0.0,3.1,0.1,0.0,-2.0,-3.4,-4.1,7.98,11.7
73,-15.9,-9.4,-21.0,-26.2,6.3,0.1,4.34,18.0,17.1,35.6,2023-02-21,259,2023,2,1,52,0,True,0,0.8660254037844386,0.5000000000000001,0.7799125224167177,0.6258885343075018,5,5.95,2.03,0.0,8.5,3.1,0.1,-5.0,-2.0,-3.4,12.32,17.9
71,-24.3,-21.5,-27.2,-32.2,0.1,0.0,0.07,1.0,9.4,20.9,2023-02-22,377,2023,2,2,53,0,True,0,0.8660254037844386,0.5000000000000001,0.7905633969115482,0.612380204990065,5,4.34,5.95,2.03,6.3,8.5,3.1,-15.9,-5.0,-2.0,10.360000000000001,14.899999999999999
3,-28.4,-26.2,-32.9,-37.7,0.0,0.0,0.0,0.0,7.7,17.6,2023-02-23,298,2023,2,3,54,0,True,0,0.8660254037844386,0.5000000000000001,0.8009803309782905,0.5986906625177214,5,0.07,4.34,5.95,0.1,6.3,8.5,-24.3,-15.9,-5.0,4.410000000000001,6.399999999999998
3,-26.5,-18.9,-34.1,-39.1,0.0,0.0,0.0,0.0,10.9,20.9,2023-02-24,270,2023,2,4,55,0,True,0,0.8660254037844386,0.5000000000000001,0.8111602420785621,0.5848239578463322,5,0.0,0.07,4.34,0.0,0.1,6.3,-28.4,-24.3,-15.9,0.0700000000000009,0.09999999999999823
3,-13.7,-6.4,-21.2,-26.5,0.0,0.0,0.0,0.0,11.0,20.5,2023-02-25,444,2023,2,5,56,1,True,0,0.8660254037844386,0.5000000000000001,0.8211001178128892,0.5707841943569036,5,0.0,0.0,0.07,0.0,0.0,0.1,-26.5,-28.4,-24.3,0.0,0.0
3,-6.7,1.1,-12.9,-18.3,0.0,0.0,0.0,0.0,15.6,29.9,2023-02-26,516,2023,2,6,57,1,True,1,0.8660254037844386,0.5000000000000001,0.8307970168121247,0.5565755266413303,5,0.0,0.0,0.0,0.0,0.0,0.0,-13.7,-26.5,-28.4,0.0,0.0
3,-8.5,-2.6,-13.7,-18.3,0.0,0.0,0.0,0.0,12.7,27.4,2023-02-27,559,2023,2,0,58,0,True,0,0.8660254037844386,0.5000000000000001,0.8402480696078469,0.5422021592729844,5,0.0,0.0,0.0,0.0,0.0,0.0,-6.7,-13.7,-26.5,0.0,0.0
71,-10.3,-7.9,-12.9,-17.6,2.0,0.0,1.4,14.0,14.8,29.9,2023-02-28,196,2023,2,1,59,0,True,0,0.8660254037844386,0.5000000000000001,0.8494504794814806,0.527668345562516,5,0.0,0.0,0.0,0.0,0.0,0.0,-8.5,-6.7,-13.7,1.4000000000000008,1.9999999999999982
3,-9.4,-3.9,-13.4,-18.4,0.0,0.0,0.0,0.0,10.1,20.2,2023-03-01,310,2023,3,2,60,0,True,0,1.0,6.123233995736766e-17,0.8584015232918917,0.512978386299228,5,1.4,0.0,0.0,2.0,0.0,0.0,-10.3,-8.5,-6.7,1.4000000000000008,1.9999999999999982
3,-1.7,2.4,-9.7,-14.5,0.0,0.0,0.0,0.0,27.0,52.9,2023-03-02,560,2023,3,3,61,0,True,1,1.0,6.123233995736766e-17,0.8670985522812081,0.4981366284784055,5,0.0,1.4,0.0,0.0,2.0,0.0,-9.4,-10.3,-8.5,1.4000000000000008,1.9999999999999982
71,-5.0,-1.1,-8.5,-13.2,0.2,0.0,0.14,1.0,18.1,40.3,2023-03-03,370,2023,3,4,62,0,True,0,1.0,6.123233995736766e-17,0.8755389928586302,0.4831474640149687,5,0.0,0.0,1.4,0.0,0.0,2.0,-1.7,-9.4,-10.3,0.1400000000000009,0.19999999999999823
71,-9.6,-4.4,-15.6,-20.4,0.7,0.0,0.49,6.0,15.2,29.2,2023-03-04,300,2023,3,5,63,1,True,0,1.0,6.123233995736766e-17,0.8837203473619977,0.4680153284438345,5,0.14,0.0,0.0,0.2,0.0,0.0,-5.0,-1.7,-9.4,0.6300000000000009,0.8999999999999981
71,-13.0,-9.5,-15.8,-21.4,1.8,0.0,1.26,16.0,12.9,25.2,2023-03-05,87,2023,3,6,64,1,True,0,1.0,6.123233995736766e-17,0.8916401947968874,0.45274469960737107,5,0.49,0.14,0.0,0.7,0.2,0.0,-9.6,-5.0,-1.7,1.890000000000001,2.6999999999999984
3,-17.4,-14.5,-20.4,-25.3,0.0,0.0,0.0,0.0,12.6,22.3,2023-03-06,235,2023,3,0,65,0,True,0,1.0,6.123233995736766e-17,0.8992961915530253,0.4373400963303323,5,1.26,0.49,0.14,1.8,0.7,0.2,-13.0,-9.6,-5.0,1.7500000000000007,2.4999999999999982
3,-16.8,-11.8,-21.2,-26.2,0.0,0.0,0.0,0.0,11.4,25.2,2023-03-07,318,2023,3,1,66,0,True,0,1.0,6.123233995736766e-17,0.9066860720977985,0.4218060770826634,5,0.0,1.26,0.49,0.0,1.8,0.7,-17.4,-13.0,-9.6,1.2600000000000007,1.7999999999999983
3,-14.7,-12.8,-16.4,-21.5,0.0,0.0,0.0,0.0,10.8,21.6,2023-03-08,164,2023,3,2,67,0,True,0,1.0,6.123233995736766e-17,0.9138076496466615,0.4061472386305789,5,0.0,0.0,1.26,0.0,0.0,1.8,-16.8,-17.4,-13.0,0.0,0.0
3,-15.7,-11.8,-18.8,-24.3,0.0,0.0,0.0,0.0,18.3,39.6,2023-03-09,172,2023,3,3,68,0,True,0,1.0,6.123233995736766e-17,0.9206588168102428,0.3903682146763026,5,0.0,0.0,0.0,0.0,0.0,0.0,-14.7,-16.8,-17.4,0.0,0.0
73,-15.8,-11.6,-20.6,-25.6,2.5,0.0,1.75,10.0,14.9,30.2,2023-03-10,137,2023,3,4,69,0,True,0,1.0,6.123233995736766e-17,0.9272375462179537,0.374473674486883,5,0.0,0.0,0.0,0.0,0.0,0.0,-15.7,-14.7,-16.8,1.7500000000000009,2.4999999999999982
71,-14.1,-9.4,-18.3,-23.1,0.3,0.0,0.21,3.0,14.8,28.8,2023-03-11,99,2023,3,5,70,1,True,0,1.0,6.123233995736766e-17,0.9335418911179212,0.35846832151248087,5,1.75,0.0,0.0,2.5,0.0,0.0,-15.8,-15.7,-14.7,1.9600000000000009,2.799999999999998
3,-15.7,-10.9,-19.5,-24.7,0.0,0.0,0.0,0.0,11.3,21.2,2023-03-12,187,2023,3,6,71,1,True,0,1.0,6.123233995736766e-17,0.9395699859530622,0.342356891994542,5,0.21,1.75,0.0,0.3,2.5,0.0,-14.1,-15.8,-15.7,1.9600000000000009,2.799999999999998
3,-7.4,2.7,-15.0,-19.4,0.0,0.0,0.0,0.0,10.5,20.5,2023-03-13,522,2023,3,0,72,0,True,1,1.0,6.123233995736766e-17,0.945320046913132,0.3261441535642696,5,0.0,0.21,1.75,0.0,0.3,2.5,-15.7,-14.1,-15.8,0.21000000000000088,0.2999999999999982
73,-4.9,0.6,-9.8,-15.7,3.1,0.3,1.96,11.0,21.0,41.0,2023-03-14,379,2023,3,1,73,0,True,1,1.0,6.123233995736766e-17,0.9507903724625832,0.3098349038318025,5,0.0,0.0,0.21,0.0,0.0,0.3,-7.4,-15.7,-14.1,1.9600000000000009,3.0999999999999983
3,-6.7,0.3,-13.6,-18.4,0.0,0.0,0.0,0.0,9.7,22.3,2023-03-15,606,2023,3,2,74,0,True,1,1.0,6.123233995736766e-17,0.9559793438440766,0.2934339689665273,5,1.96,0.0,0.0,3.1,0.0,0.0,-4.9,-7.4,-15.7,1.9600000000000009,3.0999999999999983
3,-5.5,1.1,-11.9,-16.7,0.0,0.0,0.0,0.0,12.1,23.4,2023-03-16,529,2023,3,3,75,0,True,1,1.0,6.123233995736766e-17,0.9608854255574977,0.27694620226893646,5,0.0,1.96,0.0,0.0,3.1,0.0,-6.7,-4.9,-7.4,1.9600000000000009,3.0999999999999983
3,-5.6,3.4,-13.7,-18.3,0.0,0.0,0.0,0.0,14.1,29.9,2023-03-17,436,2023,3,4,76,0,True,1,1.0,6.123233995736766e-17,0.9655071658143364,0.2603764827344581,5,0.0,0.0,1.96,0.0,0.0,3.1,-5.5,-6.7,-4.9,0.0,0.0
3,-3.2,5.2,-9.1,-14.1,0.0,0.0,0.0,0.0,12.9,22.0,2023-03-18,302,2023,3,5,77,1,True,1,1.0,6.123233995736766e-17,0.969843196967294,0.24372971360968387,5,0.0,0.0,0.0,0.0,0.0,0.0,-5.6,-5.5,-6.7,0.0,0.0
3,-4.1,3.2,-10.5,-15.1,0.0,0.0,0.0,0.0,9.5,16.2,2023-03-19,321,2023,3,6,78,1,True,1,1.0,6.123233995736766e-17,0.9738922359149924,0.22701082094141847,5,0.0,0.0,0.0,0.0,0.0,0.0,-3.2,-5.6,-5.5,0.0,0.0
71,-5.4,2.2,-12.6,-16.9,0.3,0.2,0.07,3.0,9.1,14.8,2023-03-20,486,2023,3,0,79,0,True,1,1.0,6.123233995736766e-17,0.9776530844816641,0.2102247521189836,5,0.0,0.0,0.0,0.0,0.0,0.0,-4.1,-3.2,-5.6,0.0700000000000009,0.2999999999999982
3,-6.1,-0.1,-10.4,-15.4,0.0,0.0,0.0,0.0,15.5,25.6,2023-03-21,472,2023,3,1,80,0,True,0,1.0,6.123233995736766e-17,0.981124629771712,0.19337647441020586,5,0.07,0.0,0.0,0.3,0.0,0.0,-5.4,-4.1,-3.2,0.0700000000000009,0.2999999999999982
0,-4.3,6.6,-13.4,-18.1,0.0,0.0,0.0,0.0,12.1,21.6,2023-03-22,430,2023,3,2,81,0,True,1,1.0,6.123233995736766e-17,0.984305844499033,0.17647097349152166,5,0.0,0.07,0.0,0.0,0.3,0.0,-6.1,-5.4,-4.1,0.0700000000000009,0.2999999999999982
1,-1.1,6.8,-8.4,-13.6,0.0,0.0,0.0,0.0,11.9,22.3,2023-03-23,360,2023,3,3,82,0,True,1,1.0,6.123233995736766e-17,0.9871957872910085,0.15951325197263655,5,0.0,0.0,0.07,0.0,0.0,0.3,-4.3,-6.1,-5.4,0.0,0.0
71,-2.6,1.1,-5.9,-9.8,0.5,0.3,0.14,4.0,16.0,33.8,2023-03-24,200,2023,3,4,83,0,True,1,1.0,6.123233995736766e-17,0.9897936029670716,0.14250832791617088,5,0.0,0.0,0.0,0.0,0.0,0.0,-1.1,-4.3,-6.1,0.1400000000000009,0.4999999999999982
71,-3.4,2.6,-7.9,-12.2,1.2,0.8,0.28,8.0,9.4,29.5,2023-03-25,126,2023,3,5,84,1,True,1,1.0,6.123233995736766e-17,0.992098522791769,0.12546123335273648,5,0.14,0.0,0.0,0.5,0.0,0.0,-2.6,-1.1,-4.3,0.42000000000000093,1.6999999999999982
71,-3.4,0.6,-7.1,-11.3,0.6,0.1,0.35,5.0,16.5,33.5,2023-03-26,108,2023,3,6,85,1,True,1,1.0,6.123233995736766e-17,0.9941098647022418,0.10837701279187609,5,0.28,0.14,0.0,1.2,0.5,0.0,-3.4,-2.6,-1.1,0.7700000000000009,2.299999999999998
73,-5.4,-3.6,-9.3,-13.9,3.4,0.0,2.38,16.0,10.9,27.0,2023-03-27,134,2023,3,0,86,0,True,0,1.0,6.123233995736766e-17,0.9958270335100595,0.09126072172931188,5,0.35,0.28,0.14,0.6,1.2,0.5,-3.4,-3.4,-2.6,3.0100000000000007,5.1999999999999975
71,-8.4,-1.1,-16.5,-21.7,0.1,0.0,0.07,1.0,10.1,15.8,2023-03-28,177,2023,3,1,87,0,True,0,1.0,6.123233995736766e-17,0.9972495210773451,0.07411742515094437,5,2.38,0.35,0.28,3.4,0.6,1.2,-5.4,-3.4,-3.4,2.8000000000000003,4.099999999999998
3,-5.1,4.5,-13.8,-18.5,0.0,0.0,0.0,0.0,11.9,17.3,2023-03-29,150,2023,3,2,88,0,True,1,1.0,6.123233995736766e-17,0.998376906467142,0.056952196034039754,5,0.07,2.38,0.35,0.1,3.4,0.6,-8.4,-5.4,-3.4,2.4500000000000006,3.4999999999999982
3,-3.7,1.2,-8.6,-12.7,0.0,0.0,0.0,0.0,17.1,31.0,2023-03-30,162,2023,3,3,89,0,True,1,1.0,6.123233995736766e-17,0.9992088560679753,0.03977011384605572,5,0.0,0.07,2.38,0.0,0.1,3.4,-5.1,-8.4,-5.4,0.0700000000000009,0.09999999999999823
3,0.2,9.6,-9.5,-13.8,0.0,0.0,0.0,0.0,15.7,36.4,2023-03-31,128,2023,3,4,90,0,True,1,1.0,6.123233995736766e-17,0.9997451236925734,0.022576263041545485,5,0.0,0.0,0.07,0.0,0.0,0.1,-3.7,-5.1,-8.4,0.0,0.0
71,2.3,7.2,-2.7,-7.2,1.5,1.3,0.14,6.0,15.5,24.1,2023-04-01,74,2023,4,5,91,1,True,1,0.8660254037844387,-0.4999999999999998,0.9999855506507186,0.005375731557583884,5,0.0,0.0,0.0,0.0,0.0,0.0,0.2,-3.7,-5.1,0.1400000000000009,1.4999999999999982
73,0.3,1.9,-0.7,-6.0,6.0,0.0,4.2,19.0,20.6,42.5,2023-04-02,34,2023,4,6,92,1,True,1,0.8660254037844387,-0.4999999999999998,0.9999300657962057,-0.011826390691832589,5,0.14,0.0,0.0,1.5,0.0,0.0,2.3,0.2,-3.7,4.340000000000001,7.499999999999998
73,-1.8,0.3,-5.2,-9.5,2.0,0.2,1.26,11.0,11.5,30.6,2023-04-03,61,2023,4,0,93,0,True,1,0.8660254037844387,-0.4999999999999998,0.9995786855478958,-0.029025013321975237,5,4.2,0.14,0.0,6.0,1.5,0.0,0.3,2.3,0.2,5.6000000000000005,9.499999999999998
73,-4.5,-0.6,-7.8,-11.5,0.6,0.0,0.42,3.0,11.0,27.4,2023-04-04,62,2023,4,1,94,0,True,0,0.8660254037844387,-0.4999999999999998,0.9989315138848577,-0.046215046983708354,5,1.26,4.2,0.14,2.0,6.0,1.5,-1.8,0.3,2.3,5.880000000000001,8.599999999999998
51,-3.3,4.6,-13.6,-18.2,0.3,0.3,0.0,3.0,11.2,29.5,2023-04-05,52,2023,4,2,95,0,True,1,0.8660254037844387,-0.4999999999999998,0.9979887423155984,-0.06339140486951038,5,0.42,1.26,4.2,0.6,2.0,6.0,-4.5,-1.8,0.3,1.6800000000000008,2.899999999999998
3,0.2,9.1,-8.3,-12.7,0.0,0.0,0.0,0.0,13.0,32.8,2023-04-06,43,2023,4,3,96,0,True,1,0.8660254037844387,-0.4999999999999998,0.9967506498213929,-0.08054900421874167,5,0.0,0.42,1.26,0.3,0.6,2.0,-3.3,-4.5,-1.8,0.4200000000000009,0.8999999999999981
3,5.0,13.6,-1.9,-5.8,0.0,0.0,0.0,0.0,13.7,34.2,2023-04-07,24,2023,4,4,97,0,True,1,0.8660254037844387,-0.4999999999999998,0.9952176027737294,-0.09768276782171598,5,0.0,0.0,0.42,0.0,0.3,0.6,0.2,-3.3,-4.5,0.0,0.2999999999999982
3,7.1,13.1,2.3,-1.6,0.0,0.0,0.0,0.0,18.9,44.6,2023-04-08,10,2023,4,5,98,1,True,0,0.8660254037844387,-0.4999999999999998,0.9933900548258936,-0.11478762552212701,5,0.0,0.0,0.0,0.0,0.0,0.3,5.0,0.2,-3.3,0.0,0.0
51,7.4,14.5,0.9,-3.4,0.2,0.2,0.0,1.0,24.5,43.9,2023-04-09,6,2023,4,6,99,1,True,0,0.8660254037844387,-0.4999999999999998,0.9912685467787256,-0.13185851571739118,5,0.0,0.0,0.0,0.0,0.0,0.0,7.1,5.0,0.2,0.0,0.19999999999999823
51,8.0,11.7,3.9,0.9,1.0,1.0,0.0,8.0,28.3,57.2,2023-04-10,15,2023,4,0,100,0,True,0,0.8660254037844387,-0.4999999999999998,0.9888537064205885,-0.1488903868564548,5,0.0,0.0,0.0,0.2,0.0,0.0,7.4,7.1,5.0,0.0,1.1999999999999982
71,2.7,10.8,-1.4,-4.9,6.1,5.8,0.21,12.0,18.5,42.5,2023-04-11,8,2023,4,1,101,0,True,1,0.8660254037844387,-0.4999999999999998,0.986146248341595,-0.16587819893463143,5,0.0,0.0,0.0,1.0,0.2,0.0,8.0,7.4,7.1,0.21000000000000088,7.299999999999998
51,0.9,5.8,-2.9,-6.5,0.5,0.5,0.0,4.0,9.7,20.5,2023-04-12,6,2023,4,2,102,0,True,1,0.8660254037844387,-0.4999999999999998,0.9831469737221499,-0.1828169249850199,5,0.21,0.0,0.0,6.1,1.0,0.2,2.7,8.0,7.4,0.21000000000000088,7.599999999999998
51,0.7,6.6,-5.2,-9.1,0.2,0.2,0.0,2.0,7.7,20.9,2023-04-13,2,2023,4,3,103,0,True,1,0.8660254037844387,-0.4999999999999998,0.9798567700958665,-0.1997015525660636,5,0.0,0.21,0.0,0.5,6.1,1.0,0.9,2.7,8.0,0.21000000000000088,6.799999999999998
51,1.4,7.2,-4.6,-8.4,0.1,0.1,0.0,1.0,8.2,26.3,2023-04-14,3,2023,4,4,104,0,True,1,0.8660254037844387,-0.4999999999999998,0.9762766110869321,-0.21652708524481437,5,0.0,0.0,0.21,0.2,0.5,6.1,0.7,0.9,2.7,0.0,0.7999999999999983
3,4.3,12.5,-3.4,-7.4,0.0,0.0,0.0,0.0,10.0,27.4,2023-04-15,1,2023,4,5,105,1,True,1,0.8660254037844387,-0.4999999999999998,0.9724075561219968,-0.23328854407545518,5,0.0,0.0,0.0,0.1,0.2,0.5,1.4,0.7,0.9,0.0,0.29999999999999827
51,8.4,15.9,0.8,-3.0,0.1,0.1,0.0,1.0,12.9,31.3,2023-04-16,1,2023,4,6,106,1,True,0,0.8660254037844387,-0.4999999999999998,0.9682507501166718,-0.2499809690726521,5,0.0,0.0,0.0,0.0,0.1,0.2,4.3,1.4,0.7,0.0,0.19999999999999823
51,5.4,8.7,-2.7,-7.0,0.1,0.1,0.0,1.0,24.3,60.5,2023-04-17,1,2023,4,0,107,0,True,1,0.8660254037844387,-0.4999999999999998,0.9638074231367307,-0.26659942067929354,5,0.0,0.0,0.0,0.1,0.0,0.1,8.4,4.3,1.4,0.0,0.19999999999999823
3,2.3,9.7,-5.8,-10.0,0.0,0.0,0.0,0.0,14.8,37.1,2023-04-18,3,2023,4,1,108,0,True,1,0.8660254037844387,-0.4999999999999998,0.9590788900341131,-0.28313898122818354,5,0.0,0.0,0.0,0.1,0.1,0.0,5.4,8.4,4.3,0.0,0.19999999999999823
71,1.7,5.5,-1.6,-4.5,1.2,0.6,0.42,8.0,17.9,41.0,2023-04-19,0,2023,4,2,109,0,True,1,0.8660254037844387,-0.4999999999999998,0.9540665500578387,-0.2995947563972602,5,0.0,0.0,0.0,0.0,0.1,0.1,2.3,5.4,8.4,0.4200000000000009,1.2999999999999983
71,-0.6,2.1,-3.1,-6.6,0.5,0.0,0.35,5.0,11.0,24.1,2023-04-20,1,2023,4,3,110,0,True,1,0.8660254037844387,-0.4999999999999998,0.9487718864399473,-0.31596187665790293,5,0.42,0.0,0.0,1.2,0.0,0.1,1.7,2.3,5.4,0.7700000000000009,1.6999999999999982
71,-0.8,1.8,-2.5,-6.8,0.6,0.0,0.42,6.0,10.7,23.8,2023-04-21,2,2023,4,4,111,0,True,1,0.8660254037844387,-0.4999999999999998,0.9431964659565866,-0.33223549871590435,5,0.35,0.42,0.0,0.5,1.2,0.0,-0.6,1.7,2.3,1.1900000000000008,2.299999999999998
3,3.5,11.8,-4.2,-8.4,0.0,0.0,0.0,0.0,14.2,32.0,2023-04-22,0,2023,4,5,112,1,True,1,0.8660254037844387,-0.4999999999999998,0.9373419384643772,-0.3484108069446808,5,0.42,0.35,0.42,0.6,0.5,1.2,-0.8,-0.6,1.7,0.7700000000000009,1.0999999999999983
3,7.5,16.2,-1.5,-4.7,0.0,0.0,0.0,0.0,13.0,33.5,2023-04-23,0,2023,4,6,113,1,True,1,0.8660254037844387,-0.4999999999999998,0.9312100364121947,-0.3644830148102912,5,0.0,0.42,0.35,0.0,0.6,0.5,3.5,-0.8,-0.6,0.4200000000000009,0.5999999999999982
55,9.7,16.7,3.3,-0.1,1.4,1.4,0.0,3.0,11.0,29.2,2023-04-24,0,2023,4,0,114,0,True,0,0.8660254037844387,-0.4999999999999998,0.9248025743285089,-0.38044736628785164,5,0.0,0.0,0.42,0.0,0.0,0.6,7.5,3.5,-0.8,0.0,1.3999999999999981
3,10.1,16.2,3.5,0.0,0.0,0.0,0.0,0.0,18.4,42.8,2023-04-25,1,2023,4,1,115,0,True,0,0.8660254037844387,-0.4999999999999998,0.9181214482844364,-0.39629913726891813,5,0.0,0.0,0.0,1.4,0.0,0.0,9.7,7.5,3.5,0.0,1.3999999999999981
51,8.2,17.6,-1.4,-4.7,0.2,0.2,0.0,1.0,20.8,35.6,2023-04-26,0,2023,4,2,116,0,True,1,0.8660254037844387,-0.4999999999999998,0.9111686353326631,-0.41203363695942635,5,0.0,0.0,0.0,0.0,1.4,0.0,10.1,9.7,7.5,0.0,1.599999999999998
55,7.8,15.3,1.3,-3.6,3.9,3.9,0.0,5.0,20.8,43.9,2023-04-27,0,2023,4,3,117,0,True,0,0.8660254037844387,-0.4999999999999998,0.9039461929224011,-0.42764620926777464,5,0.0,0.0,0.0,0.2,0.0,1.4,8.2,10.1,9.7,0.0,4.099999999999998
3,12.1,21.0,3.5,-0.5,0.0,0.0,0.0,0.0,14.1,26.3,2023-04-28,0,2023,4,4,118,0,True,0,0.8660254037844387,-0.4999999999999998,0.8964562582905575,-0.44313223418263453,5,0.0,0.0,0.0,3.9,0.2,0.0,7.8,8.2,10.1,0.0,4.099999999999998
0,12.7,20.9,2.6,-0.6,0.0,0.0,0.0,0.0,17.9,43.2,2023-04-29,0,2023,4,5,119,1,True,0,0.8660254037844387,-0.4999999999999998,0.8887010478292915,-0.45848712914008766,5,0.0,0.0,0.0,0.0,3.9,0.2,12.1,7.8,8.2,0.0,3.899999999999998
2,13.1,24.0,0.9,-2.5,0.0,0.0,0.0,0.0,14.5,33.5,2023-04-30,0,2023,4,6,120,1,True,0,0.8660254037844387,-0.4999999999999998,0.8806828564301475,-0.47370635037968,5,0.0,0.0,0.0,0.0,0.0,3.9,12.7,12.1,7.8,0.0,0.0
2,15.4,25.8,3.6,0.9,0.0,0.0,0.0,0.0,18.7,40.3,2023-05-01,1,2023,5,0,121,0,False,0,0.49999999999999994,-0.8660254037844387,0.8724040568049612,-0.48878539428899265,5,0.0,0.0,0.0,0.0,0.0,0.0,13.1,12.7,12.1,0.0,0.0
1,15.9,26.0,3.0,-0.4,0.0,0.0,0.0,0.0,12.4,29.2,2023-05-02,0,2023,5,1,122,0,False,0,0.49999999999999994,-0.8660254037844387,0.8638670987837349,-0.503719798736334,5,0.0,0.0,0.0,0.0,0.0,0.0,15.4,13.1,12.7,0.0,0.0
2,16.8,26.6,4.9,2.1,0.0,0.0,0.0,0.0,15.3,40.0,2023-05-03,0,2023,5,2,123,0,False,0,0.49999999999999994,-0.8660254037844387,0.8550745085896932,-0.518505144391157,5,0.0,0.0,0.0,0.0,0.0,0.0,15.9,15.4,13.1,0.0,0.0
51,17.1,27.2,6.6,3.4,0.1,0.1,0.0,1.0,17.2,37.4,2023-05-04,0,2023,5,3,124,0,False,0,0.49999999999999994,-0.8660254037844387,0.8460288880917339,-0.533137056031809,5,0.0,0.0,0.0,0.0,0.0,0.0,16.8,15.9,15.4,0.0,0.09999999999999823
1,15.6,23.8,6.8,3.4,0.0,0.0,0.0,0.0,21.3,43.2,2023-05-05,1,2023,5,4,125,0,False,0,0.49999999999999994,-0.8660254037844387,0.8367329140344921,-0.5476112038402312,5,0.0,0.0,0.0,0.1,0.0,0.0,17.1,16.8,15.9,0.0,0.09999999999999823
53,8.1,12.1,4.2,0.8,5.2,5.2,0.0,16.0,16.2,37.4,2023-05-06,0,2023,5,5,126,1,False,0,0.49999999999999994,-0.8660254037844387,0.8271893372462497,-0.5619233046832195,5,0.0,0.0,0.0,0.0,0.1,0.0,15.6,17.1,16.8,0.0,5.299999999999998
51,9.8,16.4,4.8,2.6,0.6,0.6,0.0,6.0,12.1,27.0,2023-05-07,0,2023,5,6,127,1,False,0,0.49999999999999994,-0.8660254037844387,0.8174009818249189,-0.5760691233798758,5,0.0,0.0,0.0,5.2,0.0,0.1,8.1,15.6,17.1,0.0,5.799999999999998
55,9.1,13.4,4.8,2.3,2.5,2.5,0.0,11.0,10.0,27.0,2023-05-08,0,2023,5,0,128,0,False,0,0.49999999999999994,-0.8660254037844387,0.8073707443023492,-0.5900444739548627,5,0.0,0.0,0.0,0.6,5.2,0.0,9.8,8.1,15.6,0.0,8.299999999999999
63,9.1,13.8,3.7,0.8,6.0,6.0,0.0,11.0,12.1,27.7,2023-05-09,0,2023,5,1,129,0,False,0,0.49999999999999994,-0.8660254037844387,0.7971015927871943,-0.6038452208771035,5,0.0,0.0,0.0,2.5,0.6,5.2,9.1,9.8,8.1,0.0,9.099999999999998
53,10.0,15.1,4.6,1.8,1.1,1.1,0.0,5.0,10.6,20.2,2023-05-10,0,2023,5,2,130,0,False,0,0.49999999999999994,-0.8660254037844387,0.7865965660866021,-0.6174672802835514,5,0.0,0.0,0.0,6.0,2.5,0.6,9.1,9.1,9.8,0.0,9.6
53,10.0,17.4,2.8,-0.1,1.5,1.5,0.0,2.0,8.4,25.2,2023-05-11,0,2023,5,3,131,0,False,0,0.49999999999999994,-0.8660254037844387,0.7758587728069828,-0.6309066211876704,5,0.0,0.0,0.0,1.1,6.0,2.5,10.0,9.1,9.1,0.0,8.6
51,12.2,21.2,1.6,-1.7,0.1,0.1,0.0,1.0,9.4,19.4,2023-05-12,0,2023,5,4,132,0,False,0,0.49999999999999994,-0.8660254037844387,0.7648913904341225,-0.6441592666722685,5,0.0,0.0,0.0,1.5,1.1,6.0,10.0,10.0,9.1,0.0,2.6999999999999993
0,14.9,22.6,4.6,1.9,0.0,0.0,0.0,0.0,14.7,33.8,2023-05-13,0,2023,5,5,133,1,False,0,0.49999999999999994,-0.8660254037844387,0.753697664392914,-0.6572212950663319,5,0.0,0.0,0.0,0.1,1.5,1.1,12.2,10.0,10.0,0.0,1.5999999999999992
0,15.4,22.5,6.3,3.3,0.0,0.0,0.0,0.0,20.9,46.8,2023-05-14,1,2023,5,6,134,1,False,0,0.49999999999999994,-0.8660254037844387,0.742280907086982,-0.6700888411055113,5,0.0,0.0,0.0,0.0,0.1,1.5,14.9,12.2,10.0,0.0,0.09999999999999912
0,17.5,26.0,8.1,6.0,0.0,0.0,0.0,0.0,16.3,37.4,2023-05-15,0,2023,5,0,135,0,False,0,0.49999999999999994,-0.8660254037844387,0.7306444969184916,-0.6827580970759147,5,0.0,0.0,0.0,0.0,0.0,0.1,15.4,14.9,12.2,0.0,0.0
1,15.9,21.0,10.4,7.4,0.0,0.0,0.0,0.0,27.2,56.2,2023-05-16,1,2023,5,1,136,0,False,0,0.49999999999999994,-0.8660254037844387,0.7187918772884232,-0.6952253139408722,5,0.0,0.0,0.0,0.0,0.0,0.0,17.5,15.4,14.9,0.0,0.0
51,13.3,20.2,6.7,4.4,0.5,0.5,0.0,4.0,11.7,26.3,2023-05-17,0,2023,5,2,137,0,False,0,0.49999999999999994,-0.8660254037844387,0.7067265555776158,-0.7074868024503348,5,0.0,0.0,0.0,0.0,0.0,0.0,15.9,17.5,15.4,0.0,0.4999999999999991
2,11.6,20.0,2.2,-0.7,0.0,0.0,0.0,0.0,14.2,29.2,2023-05-18,0,2023,5,3,138,0,False,0,0.49999999999999994,-0.8660254037844387,0.6944521021088763,-0.719538934232584,5,0.0,0.0,0.0,0.5,0.0,0.0,13.3,15.9,17.5,0.0,0.4999999999999991
51,17.6,27.8,4.7,2.1,0.2,0.2,0.0,1.0,14.1,37.1,2023-05-19,1,2023,5,4,139,0,False,0,0.49999999999999994,-0.8660254037844387,0.6819721490904629,-0.7313781428679254,5,0.0,0.0,0.0,0.0,0.5,0.0,11.6,13.3,15.9,0.0,0.6999999999999991
3,18.4,26.8,10.1,7.3,0.0,0.0,0.0,0.0,10.8,23.0,2023-05-20,0,2023,5,5,140,1,False,0,0.49999999999999994,-0.8660254037844387,0.6692903895412567,-0.7430009249440493,5,0.0,0.0,0.0,0.2,0.0,0.5,17.6,11.6,13.3,0.0,0.19999999999999912
3,19.0,27.3,8.7,6.1,0.0,0.0,0.0,0.0,14.0,35.6,2023-05-21,0,2023,5,6,141,1,False,0,0.49999999999999994,-0.8660254037844387,0.6564105761979381,-0.7544038410927472,5,0.0,0.0,0.0,0.0,0.2,0.0,18.4,17.6,11.6,0.0,0.19999999999999912
63,15.4,20.6,10.3,7.2,10.0,10.0,0.0,10.0,10.7,29.2,2023-05-22,0,2023,5,0,142,0,False,0,0.49999999999999994,-0.8660254037844387,0.6433365204044917,-0.765583517007675,5,0.0,0.0,0.0,0.0,0.0,0.2,19.0,18.4,17.6,0.0,10.0
51,13.2,20.3,4.9,1.7,0.1,0.1,0.0,1.0,15.8,39.2,2023-05-23,0,2023,5,1,143,0,False,0,0.49999999999999994,-0.8660254037844387,0.6300720909843687,-0.7765366444428655,5,0.0,0.0,0.0,10.0,0.0,0.0,15.4,19.0,18.4,0.0,10.1
51,12.9,20.9,5.7,3.3,0.1,0.1,0.0,1.0,10.2,28.8,2023-05-24,0,2023,5,2,144,0,False,0,0.49999999999999994,-0.8660254037844387,0.6166212130956382,-0.7872599821916922,5,0.0,0.0,0.0,0.1,10.0,0.0,13.2,15.4,19.0,0.0,10.2
51,13.6,17.7,9.4,7.1,0.3,0.3,0.0,3.0,14.7,31.3,2023-05-25,0,2023,5,3,145,0,False,0,0.49999999999999994,-0.8660254037844387,0.6029878670694714,-0.7977503570459932,5,0.0,0.0,0.0,0.1,0.1,10.0,12.9,13.2,15.4,0.0,0.5
3,13.5,21.1,4.1,1.9,0.0,0.0,0.0,0.0,9.7,26.3,2023-05-26,0,2023,5,4,146,0,False,0,0.49999999999999994,-0.8660254037844387,0.5891760872322963,-0.8080046647350754,5,0.0,0.0,0.0,0.3,0.1,0.1,13.6,12.9,13.2,0.0,0.4
51,15.0,22.7,6.6,4.0,0.4,0.4,0.0,3.0,17.6,34.2,2023-05-27,0,2023,5,5,147,1,False,0,0.49999999999999994,-0.8660254037844387,0.5751899607119775,-0.8180198708443174,5,0.0,0.0,0.0,0.0,0.3,0.1,13.5,13.6,12.9,0.0,0.7
51,16.7,25.3,6.0,3.8,0.4,0.4,0.0,1.0,11.9,28.1,2023-05-28,0,2023,5,6,148,1,False,0,0.49999999999999994,-0.8660254037844387,0.5610336262283677,-0.8277930117131022,5,0.0,0.0,0.0,0.4,0.0,0.3,15.0,13.5,13.6,0.0,0.8
51,18.4,25.4,10.2,8.5,0.3,0.3,0.0,2.0,14.0,30.6,2023-05-29,0,2023,5,0,149,0,False,0,0.49999999999999994,-0.8660254037844387,0.5467112728685939,-0.8373211953118121,5,0.0,0.0,0.0,0.4,0.4,0.0,16.7,15.0,13.5,0.0,1.1
51,18.5,25.5,10.9,8.2,0.1,0.1,0.0,1.0,14.9,32.0,2023-05-30,0,2023,5,1,150,0,False,0,0.49999999999999994,-0.8660254037844387,0.5322271388474397,-0.8466016020976267,5,0.0,0.0,0.0,0.3,0.4,0.4,18.4,16.7,15.0,0.0,0.8
3,17.0,24.3,9.0,6.5,0.0,0.0,0.0,0.0,18.1,27.7,2023-05-31,0,2023,5,2,151,0,False,0,0.49999999999999994,-0.8660254037844387,0.5175855102531889,-0.8556314858488706,5,0.0,0.0,0.0,0.1,0.3,0.4,18.5,18.4,16.7,0.0,0.4
53,11.3,13.4,9.2,6.4,1.9,1.9,0.0,10.0,18.7,38.9,2023-06-01,0,2023,6,3,152,0,False,0,1.2246467991473532e-16,-1.0,0.5027907197793043,-0.8644081744776648,5,0.0,0.0,0.0,0.0,0.1,0.3,17.0,18.5,18.4,0.0,2.0
3,14.1,22.4,3.3,0.9,0.0,0.0,0.0,0.0,10.6,28.4,2023-06-02,0,2023,6,4,153,0,False,0,1.2246467991473532e-16,-1.0,0.4878471454423119,-0.8729290708206411,5,0.0,0.0,0.0,1.9,0.0,0.1,11.3,17.0,18.5,0.0,1.9
3,16.8,24.7,7.1,5.4,0.0,0.0,0.0,0.0,12.0,28.1,2023-06-03,0,2023,6,5,154,1,False,0,1.2246467991473532e-16,-1.0,0.47275920928627757,-0.881191653407483,5,0.0,0.0,0.0,0.0,1.9,0.0,14.1,11.3,17.0,0.0,1.9
51,20.1,29.2,10.0,8.5,0.3,0.3,0.0,1.0,13.4,30.2,2023-06-04,0,2023,6,6,155,1,False,0,1.2246467991473532e-16,-1.0,0.4575313760742512,-0.8891934772070711,5,0.0,0.0,0.0,0.0,0.0,1.9,16.8,14.1,11.3,0.0,0.3
51,19.1,26.5,12.8,9.7,0.4,0.4,0.0,2.0,25.2,46.8,2023-06-05,1,2023,6,0,156,0,False,0,1.2246467991473532e-16,-1.0,0.44216815196707204,-0.8969321743510065,5,0.0,0.0,0.0,0.3,0.0,0.0,20.1,16.8,14.1,0.0,0.7
51,15.9,22.9,9.2,5.8,0.9,0.9,0.0,4.0,23.8,47.5,2023-06-06,0,2023,6,1,157,0,False,0,1.2246467991473532e-16,-1.0,0.42667408318992467,-0.9044054548343001,5,0.0,0.0,0.0,0.4,0.3,0.0,19.1,20.1,16.8,0.0,1.6
2,19.4,29.8,7.2,5.2,0.0,0.0,0.0,0.0,9.5,24.8,2023-06-07,0,2023,6,2,158,0,False,0,1.2246467991473532e-16,-1.0,0.4110537546870351,-0.9116111071930239,5,0.0,0.0,0.0,0.9,0.4,0.3,15.9,19.1,20.1,0.0,1.3
3,21.6,30.1,9.8,7.5,0.0,0.0,0.0,0.0,13.2,36.4,2023-06-08,0,2023,6,3,159,0,False,0,1.2246467991473532e-16,-1.0,0.3953117887649151,-0.9185469991587165,5,0.0,0.0,0.0,0.0,0.9,0.4,19.4,15.9,19.1,0.0,0.9000000000000001
3,20.6,27.2,13.5,12.0,0.0,0.0,0.0,0.0,20.7,48.2,2023-06-09,1,2023,6,4,160,0,False,0,1.2246467991473532e-16,-1.0,0.37945284372454435,-0.925211078289358,5,0.0,0.0,0.0,0.0,0.0,0.9,21.6,19.4,15.9,0.0,0.0
53,19.1,27.2,11.6,10.8,1.3,1.3,0.0,7.0,19.6,43.6,2023-06-10,0,2023,6,5,161,1,False,0,1.2246467991473532e-16,-1.0,0.36348161248290634,-0.9316013725767187,5,0.0,0.0,0.0,0.0,0.0,0.0,20.6,21.6,19.4,0.0,1.3
55,18.2,23.2,12.6,12.5,2.1,2.1,0.0,5.0,18.3,38.5,2023-06-11,0,2023,6,6,162,1,False,0,1.2246467991473532e-16,-1.0,0.3474028211842774,-0.9377159910299093,5,0.0,0.0,0.0,1.3,0.0,0.0,19.1,20.6,21.6,0.0,3.4000000000000004
51,20.7,27.6,13.3,12.2,0.3,0.3,0.0,2.0,11.0,24.1,2023-06-12,0,2023,6,0,163,0,False,0,1.2246467991473532e-16,-1.0,0.3312212278016865,-0.9435531242349544,5,0.0,0.0,0.0,2.1,1.3,0.0,18.2,19.1,20.6,0.0,3.6999999999999997
51,21.9,30.4,12.3,11.1,0.4,0.4,0.0,2.0,16.6,42.1,2023-06-13,0,2023,6,1,164,0,False,0,1.2246467991473532e-16,-1.0,0.31494162072895193,-0.9491110448902284,5,0.0,0.0,0.0,0.3,2.1,1.3,20.7,18.2,19.1,0.0,2.8
63,10.6,15.9,6.9,2.3,39.9,39.9,0.0,21.0,25.5,62.3,2023-06-14,0,2023,6,2,165,0,False,0,1.2246467991473532e-16,-1.0,0.2985688173637202,-0.9543881083175908,5,0.0,0.0,0.0,0.4,0.3,2.1,21.9,20.7,18.2,0.0,40.6
63,11.9,18.0,7.0,2.0,16.0,16.0,0.0,14.0,27.0,57.2,2023-06-15,0,2023,6,3,166,0,False,0,1.2246467991473532e-16,-1.0,0.2821076626819194,-0.9593827529490743,5,0.0,0.0,0.0,39.9,0.4,0.3,10.6,21.9,20.7,0.0,56.300000000000004
3,15.6,23.4,7.1,3.8,0.0,0.0,0.0,0.0,17.7,37.8,2023-06-16,0,2023,6,4,167,0,False,0,1.2246467991473532e-16,-1.0,0.26556302780405594,-0.9640935007889755,5,0.0,0.0,0.0,16.0,39.9,0.4,11.9,10.6,21.9,0.0,55.9
53,15.5,20.5,8.8,7.3,1.7,1.7,0.0,5.0,15.1,36.7,2023-06-17,0,2023,6,5,168,1,False,0,1.2246467991473532e-16,-1.0,0.24893980855376657,-0.9685189578512204,5,0.0,0.0,0.0,0.0,16.0,39.9,15.6,11.9,10.6,0.0,17.7
63,10.6,14.4,7.8,5.4,7.3,7.3,0.0,12.0,16.0,40.3,2023-06-18,0,2023,6,6,169,1,False,0,1.2246467991473532e-16,-1.0,0.23224292400907015,-0.9726578145718654,5,0.0,0.0,0.0,1.7,0.0,16.0,15.5,15.6,11.9,0.0,9.0
51,9.8,14.0,5.6,2.9,2.3,2.3,0.0,10.0,22.3,51.1,2023-06-19,1,2023,6,0,170,0,False,0,1.2246467991473532e-16,-1.0,0.21547731504673012,-0.976508846196619,5,0.0,0.0,0.0,7.3,1.7,0.0,10.6,15.5,15.6,0.0,11.3
55,6.6,8.1,5.5,1.9,16.5,16.5,0.0,24.0,21.8,41.0,2023-06-20,1,2023,6,1,171,0,False,0,1.2246467991473532e-16,-1.0,0.19864794288017112,-0.9800709131432666,5,0.0,0.0,0.0,2.3,7.3,1.7,9.8,10.6,15.5,0.0,26.1
63,10.1,15.7,4.4,1.1,4.9,4.9,0.0,9.0,12.4,26.3,2023-06-21,0,2023,6,2,172,0,False,0,1.2246467991473532e-16,-1.0,0.18175978759137534,-0.9833429613388902,5,0.0,0.0,0.0,16.5,2.3,7.3,6.6,9.8,10.6,0.0,23.700000000000003
53,12.5,20.0,3.3,0.2,0.8,0.8,0.0,3.0,10.1,21.6,2023-06-22,0,2023,6,3,173,0,False,0,1.2246467991473532e-16,-1.0,0.16481784665719793,-0.9863240225317866,5,0.0,0.0,0.0,4.9,16.5,2.3,10.1,6.6,9.8,0.0,22.2
2,14.9,22.7,5.4,2.6,0.0,0.0,0.0,0.0,9.7,22.3,2023-06-23,0,2023,6,4,174,0,False,0,1.2246467991473532e-16,-1.0,0.14782713347053048,-0.9890132145779883,5,0.0,0.0,0.0,0.8,4.9,16.5,12.5,10.1,6.6,0.0,5.7
53,16.5,23.7,7.1,5.0,1.1,1.1,0.0,4.0,13.9,27.4,2023-06-24,0,2023,6,5,175,1,False,0,1.2246467991473532e-16,-1.0,0.13079267585675922,-0.9914097417023038,5,0.0,0.0,0.0,0.0,0.8,4.9,14.9,12.5,10.1,0.0,1.9000000000000001
53,16.5,21.7,10.6,7.5,1.4,1.4,0.0,4.0,14.5,32.8,2023-06-25,0,2023,6,6,176,1,False,0,1.2246467991473532e-16,-1.0,0.11371951458594969,-0.9935128947338007,5,0.0,0.0,0.0,1.1,0.0,0.8,16.5,14.9,12.5,0.0,2.5
51,17.6,24.3,9.3,7.7,0.1,0.1,0.0,1.0,7.4,20.9,2023-06-26,0,2023,6,0,177,0,False,0,1.2246467991473532e-16,-1.0,0.0966127018812031,-0.9953220513156602,5,0.0,0.0,0.0,1.4,1.1,0.0,16.5,16.5,14.9,0.0,2.6
51,17.9,25.7,10.6,8.7,0.8,0.8,0.0,2.0,12.3,22.7,2023-06-27,0,2023,6,1,178,0,False,0,1.2246467991473532e-16,-1.0,0.07947729992362097,-0.9968366760893436,5,0.0,0.0,0.0,0.1,1.4,1.1,17.6,16.5,16.5,0.0,2.3
51,18.4,25.5,11.1,9.9,0.1,0.1,0.0,1.0,7.9,22.0,2023-06-28,0,2023,6,2,179,0,False,0,1.2246467991473532e-16,-1.0,0.062318379354325076,-0.998056320853012,5,0.0,0.0,0.0,0.8,0.1,1.4,17.9,17.6,16.5,0.0,1.0
51,19.6,28.6,10.4,9.1,0.2,0.2,0.0,1.0,12.6,25.6,2023-06-29,0,2023,6,3,180,0,False,0,1.2246467991473532e-16,-1.0,0.04514101777397193,-0.9989806246941579,5,0.0,0.0,0.0,0.1,0.8,0.1,18.4,17.9,17.6,0.0,1.1
63,20.0,27.4,13.5,13.3,4.5,4.5,0.0,3.0,9.7,25.2,2023-06-30,0,2023,6,4,181,0,False,0,1.2246467991473532e-16,-1.0,0.02795029824021032,-0.999609314096404,5,0.0,0.0,0.0,0.2,0.1,0.8,19.6,18.4,17.9,0.0,4.8
51,19.9,28.8,11.7,11.5,0.2,0.2,0.0,2.0,27.6,50.4,2023-07-01,0,2023,7,5,182,1,False,0,-0.4999999999999997,-0.8660254037844388,0.01075130776352193,-0.9999422030204416,5,0.0,0.0,0.0,4.5,0.2,0.1,20.0,19.6,18.4,0.0,4.9
53,13.5,20.9,8.7,6.4,2.2,2.2,0.0,7.0,20.8,50.8,2023-07-02,0,2023,7,6,183,1,False,0,-0.4999999999999997,-0.8660254037844388,-0.00645086419810515,-0.9999791929590823,5,0.0,0.0,0.0,0.2,4.5,0.2,19.9,20.0,19.6,0.0,6.9
51,12.5,18.1,6.3,3.8,0.9,0.9,0.0,5.0,23.0,49.3,2023-07-03,0,2023,7,0,184,0,False,0,-0.4999999999999997,-0.8660254037844388,-0.023651127245231586,-0.9997202729664083,5,0.0,0.0,0.0,2.2,0.2,4.5,13.5,19.9,20.0,0.0,3.3000000000000003
51,14.1,19.5,8.6,6.6,0.3,0.3,0.0,3.0,10.5,21.6,2023-07-04,0,2023,7,1,185,0,False,0,-0.4999999999999997,-0.8660254037844388,-0.04084439154329611,-0.9991655196610109,5,0.0,0.0,0.0,0.9,2.2,0.2,12.5,13.5,19.9,0.0,3.4000000000000004
1,16.3,25.0,5.7,3.3,0.0,0.0,0.0,0.0,8.0,20.9,2023-07-05,1,2023,7,2,186,0,False,0,-0.4999999999999997,-0.8660254037844388,-0.05802556932878035,-0.9983150972033183,5,0.0,0.0,0.0,0.3,0.9,2.2,14.1,12.5,13.5,0.0,1.2
61,16.0,22.5,10.5,8.3,3.5,3.5,0.0,3.0,11.3,24.5,2023-07-06,1,2023,7,3,187,0,False,0,-0.4999999999999997,-0.8660254037844388,-0.07518957641475855,-0.9971692572470178,5,0.0,0.0,0.0,0.0,0.3,0.9,16.3,14.1,12.5,0.0,3.8
53,16.4,23.7,8.9,7.6,2.4,2.4,0.0,5.0,9.7,27.0,2023-07-07,0,2023,7,4,188,0,False,0,-0.4999999999999997,-0.8660254037844388,-0.09233133369539122,-0.9957283388645872,5,0.0,0.0,0.0,3.5,0.0,0.3,16.0,16.3,14.1,0.0,5.9
1,18.4,27.7,8.4,6.5,0.0,0.0,0.0,0.0,9.6,23.0,2023-07-08,0,2023,7,5,189,1,False,0,-0.4999999999999997,-0.8660254037844388,-0.10944576864891556,-0.993992768446958,5,0.0,0.0,0.0,2.4,3.5,0.0,16.4,16.0,16.3,0.0,5.9
53,20.4,30.0,10.8,9.0,0.7,0.7,0.0,1.0,9.8,16.9,2023-07-09,0,2023,7,6,190,1,False,0,-0.4999999999999997,-0.8660254037844388,-0.12652781683868314,-0.9919630595773397,5,0.0,0.0,0.0,0.0,2.4,3.5,18.4,16.4,16.0,0.0,3.0999999999999996
61,18.5,27.3,11.9,11.1,3.5,3.5,0.0,5.0,17.3,39.6,2023-07-10,0,2023,7,0,191,0,False,0,-0.4999999999999997,-0.8660254037844388,-0.1435724234118113,-0.9896398128792412,5,0.0,0.0,0.0,0.7,0.0,2.4,20.4,18.4,16.4,0.0,4.199999999999999
55,14.7,18.7,11.5,10.8,3.3,3.3,0.0,12.0,12.4,29.5,2023-07-11,0,2023,7,1,192,0,False,0,-0.4999999999999997,-0.8660254037844388,-0.16057454459499376,-0.9870237158387383,5,0.0,0.0,0.0,3.5,0.7,0.0,18.5,20.4,18.4,0.0,7.5
53,16.7,22.6,10.1,9.3,2.2,2.2,0.0,6.0,13.0,29.2,2023-07-12,0,2023,7,2,193,0,False,0,-0.4999999999999997,-0.8660254037844388,-0.17752914918703497,-0.984115542601034,5,0.0,0.0,0.0,3.3,3.5,0.7,14.7,18.5,20.4,0.0,9.0
61,16.7,22.3,12.5,10.5,3.0,3.0,0.0,9.0,12.4,33.8,2023-07-13,0,2023,7,3,194,0,False,0,-0.4999999999999997,-0.8660254037844388,-0.19443122004766195,-0.9809161537413774,5,0.0,0.0,0.0,2.2,3.3,3.5,16.7,14.7,18.5,0.0,8.5
51,17.5,23.3,11.7,9.8,0.2,0.2,0.0,2.0,13.5,35.6,2023-07-14,0,2023,7,4,195,0,False,0,-0.4999999999999997,-0.8660254037844388,-0.2112757555821793,-0.9774264960104055,5,0.0,0.0,0.0,3.0,2.2,3.3,16.7,16.7,14.7,0.0,5.3999999999999995
55,18.0,26.0,10.8,9.9,1.7,1.7,0.0,3.0,9.5,21.6,2023-07-15,0,2023,7,5,196,1,False,0,-0.4999999999999997,-0.8660254037844388,-0.2280577712215198,-0.9736476020539838,5,0.0,0.0,0.0,0.2,3.0,2.2,17.5,16.7,16.7,0.0,4.8999999999999995
51,19.3,26.5,11.5,11.1,0.3,0.3,0.0,3.0,15.5,35.6,2023-07-16,0,2023,7,6,197,1,False,0,-0.4999999999999997,-0.8660254037844388,-0.24477230089725957,-0.9695805901076308,5,0.0,0.0,0.0,1.7,0.2,3.0,18.0,17.5,16.7,0.0,2.1999999999999993
63,16.4,24.2,10.0,9.7,4.1,4.1,0.0,4.0,18.1,44.3,2023-07-17,0,2023,7,0,198,0,False,0,-0.4999999999999997,-0.8660254037844388,-0.2614143985111562,-0.965226663665613,5,0.0,0.0,0.0,0.3,1.7,0.2,19.3,18.0,17.5,0.0,6.099999999999999
53,16.6,23.5,10.4,7.7,0.9,0.9,0.0,1.0,20.2,41.4,2023-07-18,0,2023,7,1,199,0,False,0,-0.4999999999999997,-0.8660254037844388,-0.2779791393987801,-0.9605871111248129,5,0.0,0.0,0.0,4.1,0.3,1.7,16.4,19.3,18.0,0.0,5.299999999999999
3,16.5,24.2,8.3,6.5,0.0,0.0,0.0,0.0,11.2,26.6,2023-07-19,1,2023,7,2,200,0,False,0,-0.4999999999999997,-0.8660254037844388,-0.2944616217868012,-0.9556633054034704,5,0.0,0.0,0.0,0.9,4.1,0.3,16.6,16.4,19.3,0.0,4.999999999999999
3,19.2,27.0,11.4,10.5,0.0,0.0,0.0,0.0,11.7,33.8,2023-07-20,0,2023,7,3,201,0,False,0,-0.4999999999999997,-0.8660254037844388,-0.3108569682435036,-0.9504567035349151,5,0.0,0.0,0.0,0.0,0.9,4.1,16.5,16.6,16.4,0.0,0.8999999999999991
3,20.2,29.2,10.8,10.1,0.0,0.0,0.0,0.0,9.2,22.0,2023-07-21,0,2023,7,4,202,0,False,0,-0.4999999999999997,-0.8660254037844388,-0.3271603271220951,-0.9449688462364056,5,0.0,0.0,0.0,0.0,0.0,0.9,19.2,16.5,16.6,0.0,0.0
53,21.8,31.5,12.5,12.3,0.9,0.9,0.0,2.0,7.4,23.0,2023-07-22,0,2023,7,5,203,1,False,0,-0.4999999999999997,-0.8660254037844388,-0.34336687399638804,-0.939201357453208,5,0.0,0.0,0.0,0.0,0.0,0.0,20.2,19.2,16.5,0.0,0.8999999999999991
1,21.1,29.5,13.1,11.6,0.0,0.0,0.0,0.0,15.6,32.8,2023-07-23,0,2023,7,6,204,1,False,0,-0.4999999999999997,-0.8660254037844388,-0.3594718130884232,-0.9331559438780432,5,0.0,0.0,0.0,0.9,0.0,0.0,21.8,20.2,19.2,0.0,0.8999999999999991
51,23.1,34.5,11.9,11.0,0.1,0.1,0.0,1.0,18.4,43.6,2023-07-24,0,2023,7,0,205,0,False,0,-0.4999999999999997,-0.8660254037844388,-0.3754703786876202,-0.9268343944460494,5,0.0,0.0,0.0,0.0,0.9,0.0,21.1,21.8,20.2,0.0,0.9999999999999991
2,19.5,25.4,12.1,10.5,0.0,0.0,0.0,0.0,22.8,40.3,2023-07-25,0,2023,7,1,206,0,False,0,-0.4999999999999997,-0.8660254037844388,-0.3913578365610259,-0.9202385798054075,5,0.0,0.0,0.0,0.1,0.0,0.9,23.1,21.1,21.8,0.0,0.09999999999999912
2,16.7,24.6,8.6,5.2,0.0,0.0,0.0,0.0,18.5,37.1,2023-07-26,0,2023,7,2,207,0,False,0,-0.4999999999999997,-0.8660254037844388,-0.4071294853542516,-0.9133704517637858,5,0.0,0.0,0.0,0.0,0.1,0.0,19.5,23.1,21.1,0.0,0.09999999999999912
63,13.1,19.1,6.4,4.7,6.7,6.7,0.0,8.0,15.0,31.3,2023-07-27,1,2023,7,3,208,0,False,0,-0.4999999999999997,-0.8660254037844388,-0.4227806579826773,-0.9062320427107697,5,0.0,0.0,0.0,0.0,0.0,0.1,16.7,19.5,23.1,0.0,6.699999999999999
51,11.6,14.7,9.5,8.4,3.4,3.4,0.0,17.0,13.0,28.1,2023-07-28,0,2023,7,4,209,0,False,0,-0.4999999999999997,-0.8660254037844388,-0.4383067230125192,-0.898825465016444,5,0.0,0.0,0.0,6.7,0.0,0.0,13.1,16.7,19.5,0.0,10.1
3,17.4,24.9,10.8,9.7,0.0,0.0,0.0,0.0,13.6,31.7,2023-07-29,0,2023,7,5,210,1,False,0,-0.4999999999999997,-0.8660254037844388,-0.45370308603134424,-0.8911529104063088,5,0.0,0.0,0.0,3.4,6.7,0.0,11.6,13.1,16.7,0.0,10.1
53,20.0,31.8,11.2,10.3,1.6,1.6,0.0,4.0,12.4,32.8,2023-07-30,0,2023,7,6,211,1,False,0,-0.4999999999999997,-0.8660254037844388,-0.46896519100763184,-0.8832166493127127,5,0.0,0.0,0.0,0.0,3.4,6.7,17.4,11.6,13.1,0.0,4.999999999999999
1,19.9,28.6,12.4,11.7,0.0,0.0,0.0,0.0,10.8,21.6,2023-07-31,0,2023,7,0,212,0,False,0,-0.4999999999999997,-0.8660254037844388,-0.48408852163897587,-0.8750190302029955,5,0.0,0.0,0.0,1.6,0.0,3.4,20.0,17.4,11.6,0.0,1.5999999999999992
2,18.8,26.6,10.5,9.5,0.0,0.0,0.0,0.0,10.8,27.0,2023-08-01,0,2023,8,1,213,0,False,0,-0.8660254037844385,-0.5000000000000004,-0.4990686026885319,-0.8665624788845385,5,0.0,0.0,0.0,0.0,1.6,0.0,19.9,20.0,17.4,0.0,1.5999999999999992
0,19.6,29.6,8.8,7.2,0.0,0.0,0.0,0.0,13.9,32.0,2023-08-02,0,2023,8,2,214,0,False,0,-0.8660254037844385,-0.5000000000000004,-0.5139010013093103,-0.8578494977869301,5,0.0,0.0,0.0,0.0,0.0,1.6,18.8,19.9,20.0,0.0,0.0
3,18.1,24.6,12.4,10.2,0.0,0.0,0.0,0.0,20.8,37.8,2023-08-03,0,2023,8,3,215,0,False,0,-0.8660254037844385,-0.5000000000000004,-0.5285813283559292,-0.8488826652214553,5,0.0,0.0,0.0,0.0,0.0,0.0,19.6,18.8,19.9,0.0,0.0
51,19.2,25.9,14.9,14.4,0.2,0.2,0.0,2.0,13.0,31.0,2023-08-04,0,2023,8,4,216,0,False,0,-0.8660254037844385,-0.5000000000000004,-0.5431052396834317,-0.8396646346181327,5,0.0,0.0,0.0,0.0,0.0,0.0,18.1,19.6,18.8,0.0,0.19999999999999912
51,18.0,23.8,11.2,10.0,0.3,0.3,0.0,3.0,9.4,21.6,2023-08-05,0,2023,8,5,217,1,False,0,-0.8660254037844385,-0.5000000000000004,-0.5574684374327892,-0.8301981337405212,5,0.0,0.0,0.0,0.2,0.0,0.0,19.2,18.1,19.6,0.0,0.4999999999999991
3,18.7,27.3,9.1,7.9,0.0,0.0,0.0,0.0,12.2,34.2,2023-08-06,0,2023,8,6,218,1,False,0,-0.8660254037844385,-0.5000000000000004,-0.5716666713027052,-0.8204859638785327,5,0.0,0.0,0.0,0.3,0.2,0.0,18.0,19.2,18.1,0.0,0.4999999999999991
53,18.5,26.9,10.4,9.0,0.5,0.5,0.0,1.0,9.1,18.4,2023-08-07,0,2023,8,0,219,0,False,0,-0.8660254037844385,-0.5000000000000004,-0.5856957398073508,-0.8105309990194823,5,0.0,0.0,0.0,0.0,0.3,0.2,18.7,18.0,19.2,0.0,0.7999999999999992
53,17.0,25.9,10.7,9.9,2.5,2.5,0.0,8.0,15.5,27.0,2023-08-08,0,2023,8,1,220,0,False,0,-0.8660254037844385,-0.5000000000000004,-0.5995514915196489,-0.8003361849976323,5,0.0,0.0,0.0,0.5,0.0,0.3,18.5,18.7,18.0,0.0,2.999999999999999
63,17.3,23.5,12.4,12.4,3.8,3.8,0.0,5.0,13.5,31.3,2023-08-09,0,2023,8,2,221,0,False,0,-0.8660254037844385,-0.5000000000000004,-0.6132298262997502,-0.7899045386224707,5,0.0,0.0,0.0,2.5,0.5,0.0,17.0,18.5,18.7,0.0,6.799999999999999
3,16.1,21.7,10.3,9.1,0.0,0.0,0.0,0.0,15.8,41.4,2023-08-10,0,2023,8,3,222,0,False,0,-0.8660254037844385,-0.5000000000000004,-0.6267266965083301,-0.7792391467859886,5,0.0,0.0,0.0,3.8,2.5,0.5,17.3,17.0,18.5,0.0,6.299999999999999
3,16.7,24.2,8.1,5.2,0.0,0.0,0.0,0.0,11.3,31.0,2023-08-11,0,2023,8,4,223,0,False,0,-0.8660254037844385,-0.5000000000000004,-0.6400381082043503,-0.7683431655492202,5,0.0,0.0,0.0,0.0,3.8,2.5,16.1,17.3,17.0,0.0,3.799999999999999
51,16.6,22.8,11.9,10.6,0.3,0.3,0.0,3.0,12.3,27.7,2023-08-12,0,2023,8,5,224,1,False,0,-0.8660254037844385,-0.5000000000000004,-0.65316012232693,-0.7572198192083127,5,0.0,0.0,0.0,0.0,0.0,3.8,16.7,16.1,17.3,0.0,0.2999999999999991
2,19.1,29.3,9.1,7.5,0.0,0.0,0.0,0.0,9.1,21.6,2023-08-13,0,2023,8,6,225,1,False,0,-0.8660254037844385,-0.5000000000000004,-0.666088855860977,-0.7458723993404063,5,0.0,0.0,0.0,0.3,0.0,0.0,16.6,16.7,16.1,0.0,0.2999999999999991
3,23.4,34.5,12.2,10.7,0.0,0.0,0.0,0.0,11.6,27.7,2023-08-14,0,2023,8,0,226,0,False,0,-0.8660254037844385,-0.5000000000000004,-0.6788204829862355,-0.734304263829602,5,0.0,0.0,0.0,0.0,0.3,0.0,19.1,16.6,16.7,0.0,0.2999999999999991
3,23.1,34.1,11.4,10.8,0.0,0.0,0.0,0.0,21.5,39.2,2023-08-15,0,2023,8,1,227,0,False,0,-0.8660254037844385,-0.5000000000000004,-0.6913512362094071,-0.722518835873311,5,0.0,0.0,0.0,0.0,0.0,0.3,23.4,19.1,16.6,0.0,0.0
1,21.1,28.4,13.4,12.1,0.0,0.0,0.0,0.0,19.1,38.9,2023-08-16,0,2023,8,2,228,0,False,0,-0.8660254037844385,-0.5000000000000004,-0.7036774074790128,-0.7105196029692745,5,0.0,0.0,0.0,0.0,0.0,0.0,23.1,23.4,19.1,0.0,0.0
3,23.6,34.3,11.5,10.3,0.0,0.0,0.0,0.0,13.8,33.8,2023-08-17,0,2023,8,3,229,0,False,0,-0.8660254037844385,-0.5000000000000004,-0.7157953492826642,-0.6983101158835584,5,0.0,0.0,0.0,0.0,0.0,0.0,21.1,23.1,23.4,0.0,0.0
61,13.1,21.2,6.7,2.2,4.6,4.6,0.0,7.0,25.8,52.2,2023-08-18,0,2023,8,4,230,0,False,0,-0.8660254037844385,-0.5000000000000004,-0.7277014757264236,-0.6858939875998223,5,0.0,0.0,0.0,0.0,0.0,0.0,23.6,21.1,23.1,0.0,4.599999999999999
51,10.1,16.6,3.3,1.1,0.1,0.1,0.0,1.0,17.9,36.4,2023-08-19,0,2023,8,5,231,1,False,0,-0.8660254037844385,-0.5000000000000004,-0.7393922635959241,-0.673274892250183,5,0.0,0.0,0.0,4.6,0.0,0.0,13.1,23.6,21.1,0.0,4.699999999999998
3,12.4,20.2,4.4,1.7,0.0,0.0,0.0,0.0,14.8,37.1,2023-08-20,0,2023,8,6,232,1,False,0,-0.8660254037844385,-0.5000000000000004,-0.7508642533989489,-0.6604565640279754,5,0.0,0.0,0.0,0.1,4.6,0.0,10.1,13.1,23.6,0.0,4.699999999999998
55,13.0,18.7,6.6,4.9,7.5,7.5,0.0,12.0,13.2,34.9,2023-08-21,0,2023,8,0,233,0,False,0,-0.8660254037844385,-0.5000000000000004,-0.7621140503891487,-0.6474427960827475,5,0.0,0.0,0.0,0.0,0.1,4.6,12.4,10.1,13.1,0.0,7.599999999999999
53,15.7,19.1,13.7,13.9,7.5,7.5,0.0,21.0,10.4,22.7,2023-08-22,0,2023,8,1,234,0,False,0,-0.8660254037844385,-0.5000000000000004,-0.7731383255706026,-0.6342374393978054,5,0.0,0.0,0.0,7.5,0.0,0.1,13.0,12.4,10.1,0.0,15.0
3,16.5,22.2,11.2,7.8,0.0,0.0,0.0,0.0,21.9,46.8,2023-08-23,0,2023,8,2,235,0,False,0,-0.8660254037844385,-0.5000000000000004,-0.7839338166829201,-0.620844401650647,5,0.0,0.0,0.0,7.5,7.5,0.0,15.7,13.0,12.4,0.0,15.0
3,13.4,19.1,7.4,4.7,0.0,0.0,0.0,0.0,22.9,46.1,2023-08-24,0,2023,8,3,236,0,False,0,-0.8660254037844385,-0.5000000000000004,-0.7944973291665992,-0.6072676460566135,5,0.0,0.0,0.0,0.0,7.5,7.5,16.5,15.7,13.0,0.0,7.499999999999999
3,15.4,23.2,8.2,7.0,0.0,0.0,0.0,0.0,18.6,42.8,2023-08-25,0,2023,8,4,237,0,False,0,-0.8660254037844385,-0.5000000000000004,-0.8048257371083452,-0.593511190196115,5,0.0,0.0,0.0,0.0,0.0,7.5,13.4,16.5,15.7,0.0,0.0
3,19.8,28.3,10.9,9.1,0.0,0.0,0.0,0.0,12.3,26.6,2023-08-26,0,2023,8,5,238,1,False,0,-0.8660254037844385,-0.5000000000000004,-0.8149159841660791,-0.5795791048257612,5,0.0,0.0,0.0,0.0,0.0,0.0,15.4,13.4,16.5,0.0,0.0
1,19.1,28.2,10.2,8.2,0.0,0.0,0.0,0.0,10.0,15.8,2023-08-27,0,2023,8,6,239,1,False,0,-0.8660254037844385,-0.5000000000000004,-0.8247650844733614,-0.5654755126737576,5,0.0,0.0,0.0,0.0,0.0,0.0,19.8,15.4,13.4,0.0,0.0
0,20.1,31.1,10.8,8.9,0.0,0.0,0.0,0.0,10.1,17.3,2023-08-28,0,2023,8,0,240,0,False,0,-0.8660254037844385,-0.5000000000000004,-0.8343701235229538,-0.5512045872199277,5,0.0,0.0,0.0,0.0,0.0,0.0,19.1,19.8,15.4,0.0,0.0
1,20.6,31.0,9.6,7.6,0.0,0.0,0.0,0.0,16.1,38.2,2023-08-29,0,2023,8,1,241,0,False,0,-0.8660254037844385,-0.5000000000000004,-0.8437282590292712,-0.5367705514607103,5,0.0,0.0,0.0,0.0,0.0,0.0,20.1,19.1,19.8,0.0,0.0
61,17.6,21.7,12.6,10.1,9.2,9.2,0.0,12.0,22.0,45.4,2023-08-30,0,2023,8,2,242,0,False,0,-0.8660254037844385,-0.5000000000000004,-0.8528367217694595,-0.522177676659508,5,0.0,0.0,0.0,0.0,0.0,0.0,20.6,20.1,19.1,0.0,9.2
61,15.2,17.8,13.3,11.9,6.8,6.8,0.0,14.0,20.9,40.7,2023-08-31,0,2023,8,3,243,0,False,0,-0.8660254037844385,-0.5000000000000004,-0.8616928164028522,-0.5074302810827518,5,0.0,0.0,0.0,9.2,0.0,0.0,17.6,20.6,20.1,0.0,16.0
53,17.0,24.9,12.1,11.0,2.6,2.6,0.0,10.0,17.7,31.3,2023-09-01,0,2023,9,4,244,0,False,0,-1.0,-1.8369701987210297e-16,-0.8702939222685674,-0.49253272872205434,5,0.0,0.0,0.0,6.8,9.2,0.0,15.2,17.6,20.6,0.0,18.599999999999998
3,19.9,28.7,12.4,9.7,0.0,0.0,0.0,0.0,14.4,27.4,2023-09-02,0,2023,9,5,245,1,False,0,-1.0,-1.8369701987210297e-16,-0.8786374941610001,-0.4774894280028391,5,0.0,0.0,0.0,2.6,6.8,9.2,17.0,15.2,17.6,0.0,9.4
61,16.0,23.6,10.0,8.2,2.6,2.6,0.0,6.0,16.2,38.9,2023-09-03,0,2023,9,6,246,1,False,0,-1.0,-1.8369701987210297e-16,-0.886721063082993,-0.46230483047981086,5,0.0,0.0,0.0,0.0,2.6,6.8,19.9,17.0,15.2,0.0,5.2
55,9.9,11.2,7.5,5.7,5.7,5.7,0.0,17.0,8.4,19.8,2023-09-04,0,2023,9,0,247,0,False,0,-1.0,-1.8369701987210297e-16,-0.8945422369764496,-0.4469834295196741,5,0.0,0.0,0.0,2.6,0.0,2.6,16.0,19.9,17.0,0.0,8.3
51,12.6,20.9,7.3,5.4,0.2,0.2,0.0,1.0,15.1,36.7,2023-09-05,0,2023,9,1,248,0,False,0,-1.0,-1.8369701987210297e-16,-0.9020987014301837,-0.43152975897147144,5,0.0,0.0,0.0,5.7,2.6,0.0,9.9,16.0,19.9,0.0,8.5
53,10.6,17.0,5.7,3.7,1.9,1.9,0.0,6.0,13.4,30.2,2023-09-06,0,2023,9,2,249,0,False,0,-1.0,-1.8369701987210297e-16,-0.9093882203647925,-0.4159483918249421,5,0.0,0.0,0.0,0.2,5.7,2.6,12.6,9.9,16.0,0.0,7.8
51,11.7,19.5,4.6,2.1,0.3,0.3,0.0,3.0,10.7,28.8,2023-09-07,1,2023,9,3,250,0,False,0,-1.0,-1.8369701987210297e-16,-0.9164086366943458,-0.4002439388573056,5,0.0,0.0,0.0,1.9,0.2,5.7,10.6,12.6,9.9,0.0,2.399999999999999
51,12.1,19.1,6.3,4.0,0.2,0.2,0.0,1.0,8.9,20.5,2023-09-08,1,2023,9,4,251,0,False,0,-1.0,-1.8369701987210297e-16,-0.9231578729647039,-0.38442104726885545,5,0.0,0.0,0.0,0.3,1.9,0.2,11.7,10.6,12.6,0.0,2.3999999999999986
0,12.8,21.7,4.3,2.0,0.0,0.0,0.0,0.0,13.8,31.7,2023-09-09,0,2023,9,5,252,1,False,0,-1.0,-1.8369701987210297e-16,-0.9296339319682695,-0.3684843993077793,5,0.0,0.0,0.0,0.2,0.3,1.9,12.1,11.7,10.6,0.0,0.4999999999999991
0,13.9,22.6,5.4,2.9,0.0,0.0,0.0,0.0,19.5,44.3,2023-09-10,0,2023,9,6,253,1,False,0,-1.0,-1.8369701987210297e-16,-0.9358348973349941,-0.35243871088460327,5,0.0,0.0,0.0,0.0,0.2,0.3,12.8,12.1,11.7,0.0,0.19999999999999912
3,15.6,25.3,5.4,3.1,0.0,0.0,0.0,0.0,12.8,24.8,2023-09-11,2,2023,9,0,254,0,False,0,-1.0,-1.8369701987210297e-16,-0.9417589340994617,-0.33628873017668287,5,0.0,0.0,0.0,0.0,0.0,0.2,13.9,12.8,12.1,0.0,0.0
53,17.3,24.0,11.7,9.5,0.6,0.6,0.0,1.0,12.5,25.2,2023-09-12,2,2023,9,1,255,0,False,0,-1.0,-1.8369701987210297e-16,-0.9474042892438845,-0.32003923622313857,5,0.0,0.0,0.0,0.0,0.0,0.0,15.6,13.9,12.8,0.0,0.5999999999999991
3,15.4,21.3,11.4,8.9,0.0,0.0,0.0,0.0,11.4,32.4,2023-09-13,0,2023,9,2,256,0,False,0,-1.0,-1.8369701987210297e-16,-0.9527692922168511,-0.30369503751065885,5,0.0,0.0,0.0,0.6,0.0,0.0,17.3,15.6,13.9,0.0,0.5999999999999991
51,12.5,21.2,4.3,2.0,0.1,0.1,0.0,1.0,11.4,20.2,2023-09-14,0,2023,9,3,257,0,False,0,-1.0,-1.8369701987210297e-16,-0.9578523554276669,-0.28726097055059635,5,0.0,0.0,0.0,0.0,0.6,0.0,15.4,17.3,15.6,0.0,0.6999999999999991
1,14.0,27.2,2.9,0.0,0.0,0.0,0.0,0.0,9.5,24.8,2023-09-15,0,2023,9,4,258,0,False,0,-1.0,-1.8369701987210297e-16,-0.9626519747161487,-0.2707418984477642,5,0.0,0.0,0.0,0.1,0.0,0.6,12.5,15.4,17.3,0.0,0.09999999999999912
0,17.3,29.4,7.4,3.5,0.0,0.0,0.0,0.0,12.3,24.8,2023-09-16,0,2023,9,5,259,1,False,0,-1.0,-1.8369701987210297e-16,-0.9671667297977312,-0.2541427094613622,5,0.0,0.0,0.0,0.0,0.1,0.0,14.0,12.5,15.4,0.0,0.09999999999999912
3,16.2,25.0,8.9,5.2,0.0,0.0,0.0,0.0,19.1,41.8,2023-09-17,0,2023,9,6,260,1,False,0,-1.0,-1.8369701987210297e-16,-0.97139528468375,-0.23746831555846842,5,0.0,0.0,0.0,0.0,0.0,0.1,17.3,14.0,12.5,0.0,0.0
61,12.4,19.6,7.2,5.4,4.3,4.3,0.0,5.0,22.8,52.2,2023-09-18,1,2023,9,0,261,0,False,0,-1.0,-1.8369701987210297e-16,-0.9753363880767837,-0.2207236509605022,5,0.0,0.0,0.0,0.0,0.0,0.0,16.2,17.3,14.0,0.0,4.299999999999999
53,8.4,13.9,2.6,-0.4,0.9,0.9,0.0,2.0,11.6,22.3,2023-09-19,1,2023,9,1,262,0,False,0,-1.0,-1.8369701987210297e-16,-0.9789888737409319,-0.20391367068311472,5,0.0,0.0,0.0,4.3,0.0,0.0,12.4,16.2,17.3,0.0,5.199999999999999
53,6.8,8.6,3.7,0.1,1.8,1.8,0.0,9.0,20.2,44.6,2023-09-20,0,2023,9,2,263,0,False,0,-1.0,-1.8369701987210297e-16,-0.9823516608469237,-0.18704334906991657,5,0.0,0.0,0.0,0.9,4.3,0.0,8.4,12.4,16.2,0.0,6.999999999999999
3,9.5,16.0,4.2,1.8,0.0,0.0,0.0,0.0,10.6,24.8,2023-09-21,0,2023,9,3,264,0,False,0,-1.0,-1.8369701987210297e-16,-0.9854237542919524,-0.17011767832049052,5,0.0,0.0,0.0,1.8,0.9,4.3,6.8,8.4,12.4,0.0,2.6999999999999993
0,10.6,19.3,3.1,-0.1,0.0,0.0,0.0,0.0,15.9,35.6,2023-09-22,0,2023,9,4,265,0,False,0,-1.0,-1.8369701987210297e-16,-0.9882042449941422,-0.15314166701312007,5,0.0,0.0,0.0,0.0,1.8,0.9,9.5,6.8,8.4,0.0,1.7999999999999994
3,13.2,21.2,7.0,4.5,0.0,0.0,0.0,0.0,17.4,39.6,2023-09-23,0,2023,9,5,266,1,False,0,-1.0,-1.8369701987210297e-16,-0.9906923101615609,-0.13612033862266704,5,0.0,0.0,0.0,0.0,0.0,1.8,10.6,9.5,6.8,0.0,0.0
3,13.0,19.7,8.7,5.5,0.0,0.0,0.0,0.0,12.4,31.3,2023-09-24,0,2023,9,6,267,1,False,0,-1.0,-1.8369701987210297e-16,-0.9928872135356962,-0.11905873003404988,5,0.0,0.0,0.0,0.0,0.0,0.0,13.2,10.6,9.5,0.0,0.0
51,11.8,20.3,3.0,0.1,0.2,0.2,0.0,1.0,20.7,41.4,2023-09-25,0,2023,9,0,268,0,False,0,-1.0,-1.8369701987210297e-16,-0.994788305609327,-0.10196189005174576,5,0.0,0.0,0.0,0.0,0.0,0.0,13.0,13.2,10.6,0.0,0.19999999999999912
51,14.6,21.3,8.6,5.3,0.1,0.1,0.0,1.0,20.7,47.5,2023-09-26,0,2023,9,1,269,0,False,0,-1.0,-1.8369701987210297e-16,-0.9963950238187231,-0.08483487790576538,5,0.0,0.0,0.0,0.2,0.0,0.0,11.8,13.0,13.2,0.0,0.29999999999999916
3,10.9,16.4,5.5,1.7,0.0,0.0,0.0,0.0,12.3,26.6,2023-09-27,0,2023,9,2,270,0,False,0,-1.0,-1.8369701987210297e-16,-0.9977068927101168,-0.06768276175455162,5,0.0,0.0,0.0,0.1,0.2,0.0,14.6,11.8,13.0,0.0,0.29999999999999916
55,8.9,16.4,3.8,0.1,1.5,1.5,0.0,2.0,11.5,22.0,2023-09-28,0,2023,9,3,271,0,False,0,-1.0,-1.8369701987210297e-16,-0.9987235240803972,-0.050510617185222886,5,0.0,0.0,0.0,0.0,0.1,0.2,10.9,14.6,11.8,0.0,1.5999999999999992
51,6.3,13.2,0.3,-2.7,0.2,0.2,0.0,2.0,11.7,25.6,2023-09-29,0,2023,9,4,272,0,False,0,-1.0,-1.8369701987210297e-16,-0.9994446170919858,-0.033323525711631344,5,0.0,0.0,0.0,1.5,0.0,0.1,8.9,10.9,14.6,0.0,1.699999999999999
53,4.5,5.4,3.5,0.2,10.1,10.1,0.0,22.0,13.8,24.8,2023-09-30,0,2023,9,5,273,1,False,0,-1.0,-1.8369701987210297e-16,-0.9998699583618592,-0.016126573270657762,5,0.0,0.0,0.0,0.2,1.5,0.0,6.3,8.9,10.9,0.0,11.799999999999999
53,5.7,10.9,2.7,0.1,1.5,1.5,0.0,5.0,14.2,32.4,2023-10-01,0,2023,10,6,274,1,True,0,-0.8660254037844386,0.5000000000000001,-0.9999994220246925,0.001075151282798226,5,0.0,0.0,0.0,10.1,0.2,1.5,4.5,6.3,8.9,0.0,11.799999999999999
3,7.7,16.9,0.5,-2.4,0.0,0.0,0.0,0.0,11.4,23.4,2023-10-02,2,2023,10,0,275,0,True,0,-0.8660254037844386,0.5000000000000001,-0.999832969770105,0.018276557681691223,5,0.0,0.0,0.0,1.5,10.1,0.2,5.7,4.5,6.3,0.0,11.6
51,8.7,15.7,3.3,0.1,0.8,0.8,0.0,3.0,11.1,21.2,2023-10-03,0,2023,10,1,276,0,True,0,-0.8660254037844386,0.5000000000000001,-0.9993706508539969,0.03547255575312556,5,0.0,0.0,0.0,0.0,1.5,10.1,7.7,5.7,4.5,0.0,2.3
55,8.2,11.6,2.2,-0.6,4.9,4.9,0.0,13.0,12.7,33.1,2023-10-04,2,2023,10,2,277,0,True,0,-0.8660254037844386,0.5000000000000001,-0.9986126020839734,0.052658056924614005,5,0.0,0.0,0.0,0.8,0.0,1.5,8.7,7.7,5.7,0.0,5.7
3,4.5,9.9,-0.9,-4.7,0.0,0.0,0.0,0.0,12.7,25.6,2023-10-05,0,2023,10,3,278,0,True,1,-0.8660254037844386,0.5000000000000001,-0.9975590477788613,0.06982797572987089,5,0.0,0.0,0.0,4.9,0.8,0.0,8.2,8.7,7.7,0.0,5.7
3,8.1,21.7,-2.7,-6.7,0.0,0.0,0.0,0.0,14.3,21.6,2023-10-06,2,2023,10,4,279,0,True,1,-0.8660254037844386,0.5000000000000001,-0.9962102997023297,0.0869772313136861,5,0.0,0.0,0.0,0.0,4.9,0.8,4.5,8.2,8.7,0.0,4.9
2,13.4,23.2,5.3,1.6,0.0,0.0,0.0,0.0,15.5,34.9,2023-10-07,0,2023,10,5,280,1,True,0,-0.8660254037844386,0.5000000000000001,-0.9945667569706337,0.1041007489354256,5,0.0,0.0,0.0,0.0,0.0,4.9,8.1,4.5,8.2,0.0,0.0
2,13.8,27.1,4.4,0.7,0.0,0.0,0.0,0.0,12.2,22.7,2023-10-08,0,2023,10,6,281,1,True,0,-0.8660254037844386,0.5000000000000001,-0.9926289059345095,0.121193461470736,5,0.0,0.0,0.0,0.0,0.0,0.0,13.4,8.1,4.5,0.0,0.0
1,14.3,25.8,5.2,1.6,0.0,0.0,0.0,0.0,12.1,24.5,2023-10-09,0,2023,10,0,282,0,True,0,-0.8660254037844386,0.5000000000000001,-0.9903973200352558,0.1382503109109819,5,0.0,0.0,0.0,0.0,0.0,0.0,13.8,13.4,8.1,0.0,0.0
51,13.5,20.3,9.2,5.5,0.3,0.3,0.0,1.0,14.4,35.3,2023-10-10,3,2023,10,1,283,0,True,0,-0.8660254037844386,0.5000000000000001,-0.9878726596350429,0.15526624985999563,5,0.0,0.0,0.0,0.0,0.0,0.0,14.3,13.8,13.4,0.0,0.3
53,8.5,9.8,6.6,3.4,4.1,4.1,0.0,20.0,15.2,27.7,2023-10-11,1,2023,10,2,284,0,True,0,-0.8660254037844386,0.5000000000000001,-0.9850556718215013,0.172236243027682,5,0.0,0.0,0.0,0.3,0.0,0.0,13.5,14.3,13.8,0.0,4.3999999999999995
61,7.1,8.9,5.7,3.0,8.4,8.4,0.0,15.0,17.1,34.6,2023-10-12,0,2023,10,3,285,0,True,0,-0.8660254037844386,0.5000000000000001,-0.981947190186646,0.18915526872004093,5,0.0,0.0,0.0,4.1,0.3,0.0,8.5,13.5,14.3,0.0,12.8
51,6.1,8.9,4.0,0.6,0.7,0.7,0.0,6.0,20.6,41.8,2023-10-13,2,2023,10,4,286,0,True,0,-0.8660254037844386,0.5000000000000001,-0.9785481345802031,0.20601832032517084,5,0.0,0.0,0.0,8.4,4.1,0.3,7.1,8.5,13.5,0.0,13.199999999999998
3,6.3,14.5,1.3,-2.1,0.0,0.0,0.0,0.0,16.1,33.5,2023-10-14,1,2023,10,5,287,1,True,0,-0.8660254037844386,0.5000000000000001,-0.9748595108374125,0.22282040779479959,5,0.0,0.0,0.0,0.7,8.4,4.1,6.1,7.1,8.5,0.0,9.099999999999998
3,9.7,19.2,4.3,1.0,0.0,0.0,0.0,0.0,12.6,26.6,2023-10-15,0,2023,10,6,288,1,True,0,-0.8660254037844386,0.5000000000000001,-0.9708824104813836,0.23955655912092708,5,0.0,0.0,0.0,0.0,0.7,8.4,6.3,6.1,7.1,0.0,0.7
51,8.4,13.1,3.4,0.4,0.4,0.4,0.0,2.0,16.4,32.0,2023-10-16,1,2023,10,0,289,0,True,0,-0.8660254037844386,0.5000000000000001,-0.9666180104000972,0.2562218218071163,5,0.0,0.0,0.0,0.0,0.0,0.7,9.7,6.3,6.1,0.0,0.4
61,9.9,15.9,4.2,1.2,4.2,4.2,0.0,6.0,28.0,52.2,2023-10-17,1,2023,10,1,290,0,True,0,-0.8660254037844386,0.5000000000000001,-0.9620675724981452,0.27281126433401914,5,0.0,0.0,0.0,0.4,0.0,0.0,8.4,9.7,6.3,0.0,4.6000000000000005
3,12.6,20.0,4.8,1.7,0.0,0.0,0.0,0.0,21.2,42.5,2023-10-18,1,2023,10,2,291,0,True,0,-0.8660254037844386,0.5000000000000001,-0.957232443323312,0.28931997761869527,5,0.0,0.0,0.0,4.2,0.4,0.0,9.9,8.4,9.7,0.0,4.6000000000000005
51,14.0,22.6,8.8,6.0,0.2,0.2,0.0,2.0,16.1,26.6,2023-10-19,2,2023,10,3,292,0,True,0,-0.8660254037844386,0.5000000000000001,-0.9521140536681102,0.3057430764672831,5,0.0,0.0,0.0,0.0,4.2,0.4,12.6,9.9,8.4,0.0,4.4
51,6.3,10.8,1.3,-1.8,0.4,0.4,0.0,2.0,13.8,33.5,2023-10-20,3,2023,10,4,293,0,True,0,-0.8660254037844386,0.5000000000000001,-0.9467139181463862,0.3220757010206104,5,0.0,0.0,0.0,0.2,0.0,4.2,14.0,12.6,9.9,0.0,0.6000000000000001
51,4.9,10.0,0.5,-2.8,0.2,0.2,0.0,2.0,15.6,31.3,2023-10-21,1,2023,10,5,294,1,True,0,-0.8660254037844386,0.5000000000000001,-0.9410336347451197,0.3383130181923076,5,0.0,0.0,0.0,0.4,0.2,0.0,6.3,14.0,12.6,0.0,0.8
51,2.5,4.4,0.4,-2.8,2.0,2.0,0.0,15.0,13.1,28.4,2023-10-22,1,2023,10,6,295,1,True,0,-0.8660254037844386,0.5000000000000001,-0.9350748843515574,0.3544502230989869,5,0.0,0.0,0.0,0.2,0.4,0.2,4.9,6.3,14.0,0.0,2.6
73,-1.9,1.7,-6.3,-11.3,10.5,0.2,7.21,23.0,16.2,33.1,2023-10-23,62,2023,10,0,296,0,True,1,-0.8660254037844386,0.5000000000000001,-0.9288394302558068,0.3704825404820963,5,0.0,0.0,0.0,2.0,0.2,0.4,2.5,4.9,6.3,7.210000000000001,12.7
73,-10.2,-6.8,-15.6,-20.1,2.9,0.0,2.03,16.0,13.9,27.0,2023-10-24,118,2023,10,1,297,0,True,0,-0.8660254037844386,0.5000000000000001,-0.9223291176290545,0.3864052261209853,5,7.21,0.0,0.0,10.5,2.0,0.2,-1.9,2.5,4.9,9.24,15.4
3,-13.6,-7.4,-18.3,-23.9,0.0,0.0,0.0,0.0,12.7,16.9,2023-10-25,234,2023,10,2,298,0,True,0,-0.8660254037844386,0.5000000000000001,-0.9155458729775467,0.40221356823680365,5,2.03,7.21,0.0,2.9,10.5,2.0,-10.2,-1.9,2.5,9.24,13.399999999999999
71,-10.8,-6.7,-17.0,-21.5,0.7,0.0,0.49,7.0,13.1,25.2,2023-10-26,322,2023,10,3,299,0,True,0,-0.8660254037844386,0.5000000000000001,-0.9084917035725082,0.41790288888678667,5,0.0,2.03,7.21,0.0,2.9,10.5,-13.6,-10.2,-1.9,2.5200000000000005,3.599999999999998
3,-9.5,-4.4,-13.5,-18.5,0.0,0.0,0.0,0.0,11.7,19.8,2023-10-27,112,2023,10,4,300,0,True,0,-0.8660254037844386,0.5000000000000001,-0.9011686968561569,0.4334685453485363,5,0.49,0.0,2.03,0.7,0.0,2.9,-10.8,-13.6,-10.2,0.4900000000000009,0.6999999999999982
71,-5.3,-0.2,-10.3,-15.9,0.4,0.0,0.28,3.0,18.9,35.3,2023-10-28,115,2023,10,5,301,1,True,0,-0.8660254037844386,0.5000000000000001,-0.8935790198239952,0.4489059314938798,5,0.0,0.49,0.0,0.0,0.7,0.0,-9.5,-10.8,-13.6,0.7700000000000009,1.0999999999999983
3,-5.4,3.2,-11.6,-16.3,0.0,0.0,0.0,0.0,14.8,25.2,2023-10-29,110,2023,10,6,302,1,True,1,-0.8660254037844386,0.5000000000000001,-0.8857249183835637,0.4642104791518923,5,0.28,0.0,0.49,0.4,0.0,0.7,-5.3,-9.5,-10.8,0.2800000000000009,0.39999999999999825
3,-1.7,2.1,-5.0,-9.5,0.0,0.0,0.0,0.0,15.7,27.0,2023-10-30,252,2023,10,0,303,0,True,1,-0.8660254037844386,0.5000000000000001,-0.8776087166898392,0.4793776594606945,5,0.0,0.28,0.0,0.0,0.4,0.0,-5.4,-5.3,-9.5,0.2800000000000009,0.39999999999999825
3,1.4,8.7,-4.6,-9.0,0.0,0.0,0.0,0.0,15.6,24.1,2023-10-31,170,2023,10,1,304,0,True,1,-0.8660254037844386,0.5000000000000001,-0.8692328164574792,0.49440298420761813,5,0.0,0.0,0.28,0.0,0.0,0.4,-1.7,-5.4,-5.3,0.0,0.0
3,-0.5,7.2,-6.6,-11.1,0.0,0.0,0.0,0.0,10.5,15.8,2023-11-01,93,2023,11,2,305,0,True,1,-0.5000000000000004,0.8660254037844384,-0.8605996962501181,0.5092820071573356,5,0.0,0.0,0.0,0.0,0.0,0.0,1.4,-1.7,-5.4,0.0,0.0
71,2.4,4.4,0.3,-3.6,0.4,0.0,0.28,4.0,15.1,26.3,2023-11-02,66,2023,11,3,306,0,True,0,-0.5000000000000004,0.8660254037844384,-0.8517119107469189,0.5240103253675756,5,0.0,0.0,0.0,0.0,0.0,0.0,-0.5,1.4,-1.7,0.2800000000000009,0.39999999999999825
71,3.3,9.8,-1.6,-5.2,0.3,0.0,0.21,3.0,12.3,20.9,2023-11-03,38,2023,11,4,307,0,True,1,-0.5000000000000004,0.8660254037844384,-0.8425720899866032,0.5385835804920232,5,0.28,0.0,0.0,0.4,0.0,0.0,2.4,-0.5,1.4,0.4900000000000009,0.6999999999999982
3,4.1,7.2,0.8,-2.8,0.0,0.0,0.0,0.0,15.2,24.8,2023-11-04,7,2023,11,5,308,1,True,0,-0.5000000000000004,0.8660254037844384,-0.8331829385891785,0.5529974600700271,5,0.21,0.28,0.0,0.3,0.4,0.0,3.3,2.4,-0.5,0.4900000000000009,0.6999999999999982
3,5.8,12.1,0.9,-3.1,0.0,0.0,0.0,0.0,14.9,32.0,2023-11-05,2,2023,11,6,309,1,True,0,-0.5000000000000004,0.8660254037844384,-0.8235472349556007,0.5672476988027229,5,0.0,0.21,0.28,0.0,0.3,0.4,4.1,3.3,2.4,0.21000000000000088,0.2999999999999982
51,1.7,7.5,-2.3,-6.5,0.3,0.3,0.0,3.0,9.8,22.3,2023-11-06,6,2023,11,0,310,0,True,1,-0.5000000000000004,0.8660254037844384,-0.8136678304455991,0.5813300798152042,5,0.0,0.0,0.21,0.0,0.0,0.3,5.8,4.1,3.3,0.0,0.2999999999999982
71,3.0,8.4,-0.9,-4.9,2.2,1.9,0.21,9.0,13.0,31.3,2023-11-07,2,2023,11,1,311,0,True,1,-0.5000000000000004,0.8660254037844384,-0.8035476485339116,0.5952404359043674,5,0.0,0.0,0.0,0.3,0.0,0.0,1.7,5.8,4.1,0.21000000000000088,2.4999999999999982
2,2.2,7.0,-1.0,-6.8,0.0,0.0,0.0,0.0,18.6,40.7,2023-11-08,6,2023,11,2,312,0,True,1,-0.5000000000000004,0.8660254037844384,-0.7931896839451843,0.6089746507720486,5,0.21,0.0,0.0,2.2,0.3,0.0,3.0,1.7,5.8,0.21000000000000088,2.4999999999999982
3,0.9,7.6,-3.1,-7.6,0.0,0.0,0.0,0.0,11.9,22.7,2023-11-09,1,2023,11,3,313,0,True,1,-0.5000000000000004,0.8660254037844384,-0.7825970017677834,0.6225286602431057,5,0.0,0.21,0.0,0.0,2.2,0.3,2.2,3.0,1.7,0.21000000000000088,2.1999999999999984
3,1.4,8.0,-1.7,-6.0,0.0,0.0,0.0,0.0,13.2,27.4,2023-11-10,5,2023,11,4,314,0,True,1,-0.5000000000000004,0.8660254037844384,-0.7717727365467836,0.6358984534680745,5,0.0,0.0,0.21,0.0,0.0,2.2,0.9,2.2,3.0,0.0,0.0
3,4.5,10.5,-1.9,-6.1,0.0,0.0,0.0,0.0,30.8,65.9,2023-11-11,1,2023,11,5,315,1,True,1,-0.5000000000000004,0.8660254037844384,-0.7607200913564104,0.6490800741100398,5,0.0,0.0,0.0,0.0,0.0,0.0,1.4,0.9,2.2,0.0,0.0
3,3.5,8.5,0.6,-4.7,0.0,0.0,0.0,0.0,20.8,43.2,2023-11-12,0,2023,11,6,316,1,True,0,-0.5000000000000004,0.8660254037844384,-0.7494423368521954,0.6620696215153815,5,0.0,0.0,0.0,0.0,0.0,0.0,4.5,1.4,0.9,0.0,0.0
3,3.8,13.6,-2.7,-6.8,0.0,0.0,0.0,0.0,22.4,41.8,2023-11-13,3,2023,11,0,317,0,True,1,-0.5000000000000004,0.8660254037844384,-0.7379428103031386,0.6748632518680403,5,0.0,0.0,0.0,0.0,0.0,0.0,3.5,4.5,1.4,0.0,0.0
3,1.7,7.1,-1.3,-6.7,0.0,0.0,0.0,0.0,20.8,45.0,2023-11-14,1,2023,11,1,318,0,True,1,-0.5000000000000004,0.8660254037844384,-0.7262249146041543,0.6874571793269664,5,0.0,0.0,0.0,0.0,0.0,0.0,3.8,3.5,4.5,0.0,0.0
73,-1.2,2.4,-3.4,-7.8,1.5,0.0,1.05,7.0,11.0,24.1,2023-11-15,7,2023,11,2,319,0,True,1,-0.5000000000000004,0.8660254037844384,-0.7142921172691032,0.699847677146407,5,0.0,0.0,0.0,0.0,0.0,0.0,1.7,3.8,3.5,1.050000000000001,1.4999999999999982
71,-1.4,6.2,-7.8,-12.4,0.1,0.0,0.07,1.0,18.3,25.2,2023-11-16,71,2023,11,3,320,0,True,1,-0.5000000000000004,0.8660254037844384,-0.7021479494046978,0.7120310787787131,5,1.05,0.0,0.0,1.5,0.0,0.0,-1.2,1.7,3.8,1.120000000000001,1.5999999999999983
3,7.3,15.5,3.4,-2.1,0.0,0.0,0.0,0.0,19.9,38.2,2023-11-17,58,2023,11,4,321,0,True,0,-0.5000000000000004,0.8660254037844384,-0.6897960046655887,0.7240037789593305,5,0.07,1.05,0.0,0.1,1.5,0.0,-1.4,-1.2,1.7,1.120000000000001,1.5999999999999983
2,4.8,13.4,-0.1,-4.4,0.0,0.0,0.0,0.0,14.6,22.7,2023-11-18,4,2023,11,5,322,1,True,1,-0.5000000000000004,0.8660254037844384,-0.6772399381909491,0.7357622347736527,5,0.0,0.07,1.05,0.0,0.1,1.5,7.3,-1.4,-1.2,0.0700000000000009,0.09999999999999823
2,5.2,12.3,0.4,-4.0,0.0,0.0,0.0,0.0,22.5,35.3,2023-11-19,2,2023,11,6,323,1,True,0,-0.5000000000000004,0.8660254037844384,-0.6644834655228552,0.7473029667054296,5,0.0,0.0,0.07,0.0,0.0,0.1,4.8,7.3,-1.4,0.0,0.0
3,1.1,5.7,-2.8,-7.0,0.0,0.0,0.0,0.0,19.6,34.6,2023-11-20,5,2023,11,0,324,0,True,1,-0.5000000000000004,0.8660254037844384,-0.6515303615068021,0.75862255966641,5,0.0,0.0,0.0,0.0,0.0,0.0,5.2,4.8,7.3,0.0,0.0
3,6.5,10.8,-1.4,-5.5,0.0,0.0,0.0,0.0,22.9,46.8,2023-11-21,8,2023,11,1,325,0,True,1,-0.5000000000000004,0.8660254037844384,-0.6383844591746642,0.7697176640069211,5,0.0,0.0,0.0,0.0,0.0,0.0,1.1,5.2,4.8,0.0,0.0
73,-0.5,2.5,-2.6,-5.9,2.7,0.0,1.89,10.0,11.4,25.9,2023-11-22,0,2023,11,2,326,0,True,1,-0.5000000000000004,0.8660254037844384,-0.6250496486104377,0.7805849965070866,5,0.0,0.0,0.0,0.0,0.0,0.0,6.5,1.1,5.2,1.8900000000000008,2.6999999999999984
71,-2.7,0.3,-6.8,-10.7,0.8,0.0,0.56,8.0,10.0,20.5,2023-11-23,2,2023,11,3,327,0,True,1,-0.5000000000000004,0.8660254037844384,-0.6115298757991053,0.7912213413483807,5,1.89,0.0,0.0,2.7,0.0,0.0,-0.5,6.5,1.1,2.450000000000001,3.4999999999999982
3,-5.3,1.4,-11.2,-15.9,0.0,0.0,0.0,0.0,12.0,19.4,2023-11-24,6,2023,11,4,328,0,True,1,-0.5000000000000004,0.8660254037844384,-0.5978291414589552,0.801623551065242,5,0.56,1.89,0.0,0.8,2.7,0.0,-2.7,-0.5,6.5,2.450000000000001,3.4999999999999982
3,-2.2,4.6,-6.3,-11.3,0.0,0.0,0.0,0.0,20.5,38.2,2023-11-25,6,2023,11,5,329,1,True,1,-0.5000000000000004,0.8660254037844384,-0.5839514998576998,0.8117885474764613,5,0.0,0.56,1.89,0.0,0.8,2.7,-5.3,-2.7,-0.5,0.5600000000000009,0.7999999999999983
3,-1.9,4.8,-5.2,-9.4,0.0,0.0,0.0,0.0,14.4,26.3,2023-11-26,15,2023,11,6,330,1,True,1,-0.5000000000000004,0.8660254037844384,-0.5699010576127624,0.8217133225960589,5,0.0,0.0,0.56,0.0,0.0,0.8,-2.2,-5.3,-2.7,0.0,0.0
3,-1.1,4.9,-5.8,-10.1,0.0,0.0,0.0,0.0,16.2,27.0,2023-11-27,7,2023,11,0,331,0,True,1,-0.5000000000000004,0.8660254037844384,-0.5556819724760489,0.8313949395234058,5,0.0,0.0,0.0,0.0,0.0,0.0,-1.9,-2.2,-5.3,0.0,0.0
3,1.6,8.5,-2.2,-7.4,0.0,0.0,0.0,0.0,18.0,31.7,2023-11-28,8,2023,11,1,332,0,True,1,-0.5000000000000004,0.8660254037844384,-0.5412984521036173,0.8408305333122887,5,0.0,0.0,0.0,0.0,0.0,0.0,-1.1,-1.9,-2.2,0.0,0.0
3,-1.6,1.8,-5.6,-9.8,0.0,0.0,0.0,0.0,14.2,25.9,2023-11-29,0,2023,11,2,333,0,True,1,-0.5000000000000004,0.8660254037844384,-0.5267547528105542,0.8500173118187018,5,0.0,0.0,0.0,0.0,0.0,0.0,1.6,-1.1,-1.9,0.0,0.0
3,-4.7,-1.3,-8.5,-12.9,0.0,0.0,0.0,0.0,11.0,25.2,2023-11-30,0,2023,11,3,334,0,True,0,-0.5000000000000004,0.8660254037844384,-0.5120551783114646,0.8589525565270845,5,0.0,0.0,0.0,0.0,0.0,0.0,-1.6,1.6,-1.1,0.0,0.0
3,-7.0,-1.2,-10.6,-14.8,0.0,0.0,0.0,0.0,11.9,20.9,2023-12-01,1,2023,12,4,335,0,True,0,-2.4492935982947064e-16,1.0,-0.4972040784469378,0.8676336233547726,5,0.0,0.0,0.0,0.0,0.0,0.0,-4.7,-1.6,1.6,0.0,0.0
71,-3.0,1.0,-6.7,-12.1,0.4,0.0,0.28,4.0,19.1,34.9,2023-12-02,4,2023,12,5,336,1,True,1,-2.4492935982947064e-16,1.0,-0.4822058478963526,0.8760579434344281,5,0.0,0.0,0.0,0.0,0.0,0.0,-7.0,-4.7,-1.6,0.2800000000000009,0.39999999999999825
71,-1.7,2.6,-6.2,-11.0,0.3,0.1,0.14,1.0,18.5,29.5,2023-12-03,2,2023,12,6,337,1,True,1,-2.4492935982947064e-16,1.0,-0.46706492487743034,0.8842230238742036,5,0.28,0.0,0.0,0.4,0.0,0.0,-3.0,-7.0,-4.7,0.42000000000000093,0.6999999999999982
51,1.6,6.5,-2.6,-7.9,0.1,0.1,0.0,1.0,21.6,42.1,2023-12-04,1,2023,12,0,338,0,True,1,-2.4492935982947064e-16,1.0,-0.451785789832884,0.8921264484954345,5,0.14,0.28,0.0,0.3,0.4,0.0,-1.7,-3.0,-7.0,0.42000000000000093,0.7999999999999983
51,7.2,14.1,2.8,-1.5,0.2,0.2,0.0,1.0,29.1,58.3,2023-12-05,1,2023,12,1,339,0,True,0,-2.4492935982947064e-16,1.0,-0.4363729641045924,0.8997658785476209,5,0.0,0.14,0.28,0.1,0.3,0.4,1.6,-1.7,-3.0,0.1400000000000009,0.5999999999999982
51,1.9,5.9,-1.3,-4.9,0.3,0.3,0.0,3.0,10.9,15.8,2023-12-06,2,2023,12,2,340,0,True,1,-2.4492935982947064e-16,1.0,-0.42083100859565564,0.9071390534005044,5,0.0,0.0,0.14,0.2,0.1,0.3,7.2,1.6,-1.7,0.0,0.5999999999999983
73,-0.2,1.3,-2.3,-5.7,8.9,0.2,6.09,24.0,19.7,43.2,2023-12-07,38,2023,12,3,341,0,True,1,-2.4492935982947064e-16,1.0,-0.4051645224207563,0.9142437912130223,5,0.0,0.0,0.0,0.3,0.2,0.1,1.9,7.2,1.6,6.090000000000001,9.399999999999999
73,-3.8,-1.6,-9.8,-14.6,6.0,0.0,4.2,20.0,10.7,15.5,2023-12-08,106,2023,12,4,342,0,True,0,-2.4492935982947064e-16,1.0,-0.3893781415452015,0.9210779895789526,5,6.09,0.0,0.0,8.9,0.3,0.2,-0.2,1.9,7.2,10.290000000000001,15.2
3,-9.5,-3.9,-14.2,-19.7,0.0,0.0,0.0,0.0,14.2,23.4,2023-12-09,156,2023,12,5,343,1,True,0,-2.4492935982947064e-16,1.0,-0.37347653741307074,0.9276396261490467,5,4.2,6.09,0.0,6.0,8.9,0.3,-3.8,-0.2,1.9,10.290000000000001,14.899999999999999
73,-3.5,3.4,-11.1,-16.2,0.3,0.0,0.21,1.0,14.9,29.2,2023-12-10,311,2023,12,6,344,1,True,1,-2.4492935982947064e-16,1.0,-0.3574644155648614,0.9339267592294762,5,0.0,4.2,6.09,0.0,6.0,8.9,-9.5,-3.8,-0.2,4.410000000000001,6.299999999999998
73,-2.8,0.3,-9.6,-14.2,1.1,0.0,0.77,4.0,12.3,23.8,2023-12-11,465,2023,12,0,345,0,True,1,-2.4492935982947064e-16,1.0,-0.34134651424503615,0.9399375283564133,5,0.21,0.0,4.2,0.3,0.0,6.0,-3.5,-9.5,-3.8,0.9800000000000009,1.3999999999999984
0,-5.1,0.1,-9.6,-14.2,0.0,0.0,0.0,0.0,15.8,24.8,2023-12-12,463,2023,12,1,346,0,True,1,-2.4492935982947064e-16,1.0,-0.3251276029999093,0.9456701548465688,5,0.77,0.21,0.0,1.1,0.3,0.0,-2.8,-3.5,-9.5,0.9800000000000009,1.3999999999999984
3,3.4,9.8,-4.0,-9.0,0.0,0.0,0.0,0.0,17.7,32.0,2023-12-13,457,2023,12,2,347,0,True,1,-2.4492935982947064e-16,1.0,-0.30881248126625377,0.9511229423235357,5,0.0,0.77,0.21,0.0,1.1,0.3,-5.1,-2.8,-3.5,0.7700000000000009,1.0999999999999983
73,2.3,5.0,-0.7,-4.1,3.0,0.1,2.03,12.0,17.0,34.9,2023-12-14,200,2023,12,3,348,0,True,1,-2.4492935982947064e-16,1.0,-0.29240597695107734,0.9562942772197719,5,0.0,0.0,0.77,0.0,0.0,1.1,3.4,-5.1,-2.8,2.0300000000000007,2.9999999999999982
3,-2.8,2.2,-8.7,-13.2,0.0,0.0,0.0,0.0,17.7,32.4,2023-12-15,256,2023,12,4,349,0,True,1,-2.4492935982947064e-16,1.0,-0.27591294500296043,0.9611826292540837,5,2.03,0.0,0.0,3.0,0.0,0.0,2.3,3.4,-5.1,2.0300000000000007,2.9999999999999982
3,0.9,3.6,-1.2,-5.4,0.0,0.0,0.0,0.0,14.6,28.8,2023-12-16,336,2023,12,5,350,1,True,1,-2.4492935982947064e-16,1.0,-0.2593382659754056,0.9657865518844574,5,0.0,2.03,0.0,0.0,3.0,0.0,-2.8,2.3,3.4,2.0300000000000007,2.9999999999999982
3,-2.2,0.9,-7.6,-12.0,0.0,0.0,0.0,0.0,13.5,29.2,2023-12-17,326,2023,12,6,351,1,True,1,-2.4492935982947064e-16,1.0,-0.2426868445825954,0.9701046827361175,5,0.0,0.0,2.03,0.0,0.0,3.0,0.9,-2.8,2.3,0.0,0.0
51,1.9,5.1,-0.6,-5.0,0.1,0.1,0.0,1.0,11.9,20.2,2023-12-18,431,2023,12,0,352,0,True,1,-2.4492935982947064e-16,1.0,-0.22596360824801906,0.974135744004672,5,0.0,0.0,0.0,0.0,0.0,0.0,-2.2,0.9,-2.8,0.0,0.09999999999999823
3,-1.2,0.4,-2.3,-6.0,0.0,0.0,0.0,0.0,10.3,20.9,2023-12-19,392,2023,12,1,353,0,True,1,-2.4492935982947064e-16,1.0,-0.20917350564635637,0.9778785428342386,5,0.0,0.0,0.0,0.1,0.0,0.0,1.9,-2.2,0.9,0.0,0.09999999999999823
3,1.7,8.3,-3.8,-7.8,0.0,0.0,0.0,0.0,15.2,29.2,2023-12-20,378,2023,12,2,354,0,True,1,-2.4492935982947064e-16,1.0,-0.19232150523909483,0.9813319716704275,5,0.0,0.0,0.0,0.0,0.1,0.0,-1.2,1.9,-2.2,0.0,0.09999999999999823
51,1.6,5.2,-0.7,-4.9,0.1,0.1,0.0,1.0,12.4,23.0,2023-12-21,287,2023,12,3,355,0,True,1,-2.4492935982947064e-16,1.0,-0.17541259380427843,0.9844950085880858,5,0.0,0.0,0.0,0.0,0.0,0.1,1.7,-1.2,1.9,0.0,0.09999999999999823
3,3.6,9.9,-1.9,-6.2,0.0,0.0,0.0,0.0,14.0,23.8,2023-12-22,172,2023,12,4,356,0,True,1,-2.4492935982947064e-16,1.0,-0.15845177496083632,0.9873667175937016,5,0.0,0.0,0.0,0.1,0.0,0.0,1.6,1.7,-1.2,0.0,0.09999999999999823
73,-3.1,1.5,-11.3,-16.3,2.3,0.2,1.47,8.0,23.1,47.5,2023-12-23,78,2023,12,5,357,1,True,1,-2.4492935982947064e-16,1.0,-0.14144406768794202,0.9899462489023779,5,0.0,0.0,0.0,0.0,0.1,0.0,3.6,1.6,1.7,1.4700000000000009,2.399999999999998
0,-9.9,-0.2,-15.9,-21.0,0.0,0.0,0.0,0.0,14.8,26.6,2023-12-24,105,2023,12,6,358,1,True,0,-2.4492935982947064e-16,1.0,-0.12439450483979998,0.9922328391893008,5,1.47,0.0,0.0,2.3,0.0,0.1,-3.1,3.6,1.6,1.4700000000000009,2.299999999999998
3,-4.0,3.2,-10.9,-16.0,0.0,0.0,0.0,0.0,15.2,28.1,2023-12-25,90,2023,12,0,359,0,True,1,-2.4492935982947064e-16,1.0,-0.10730813165636247,0.9942258118156161,5,0.0,1.47,0.0,0.0,2.3,0.0,-9.9,-3.1,3.6,1.4700000000000009,2.299999999999998
3,0.5,8.1,-2.8,-7.8,0.0,0.0,0.0,0.0,14.9,24.5,2023-12-26,96,2023,12,1,360,0,True,1,-2.4492935982947064e-16,1.0,-0.09019000427034513,0.9959245770286599,5,0.0,0.0,1.47,0.0,0.0,2.3,-4.0,-9.9,-3.1,0.0,0.0
3,-2.1,3.9,-7.0,-11.5,0.0,0.0,0.0,0.0,12.3,23.0,2023-12-27,230,2023,12,2,361,0,True,1,-2.4492935982947064e-16,1.0,-0.07304518821104743,0.9973286321364752,5,0.0,0.0,0.0,0.0,0.0,0.0,0.5,-4.0,-9.9,0.0,0.0
3,2.9,8.4,-1.0,-5.4,0.0,0.0,0.0,0.0,18.4,32.8,2023-12-28,236,2023,12,3,362,0,True,1,-2.4492935982947064e-16,1.0,-0.05587875690537313,0.9984375616565666,5,0.0,0.0,0.0,0.0,0.0,0.0,-2.1,0.5,-4.0,0.0,0.0
3,-0.9,5.2,-5.0,-9.1,0.0,0.0,0.0,0.0,11.9,21.2,2023-12-29,169,2023,12,4,363,0,True,1,-2.4492935982947064e-16,1.0,-0.03869579017652689,0.9992510374388481,5,0.0,0.0,0.0,0.0,0.0,0.0,2.9,-2.1,0.5,0.0,0.0
3,-1.9,5.5,-6.6,-11.0,0.0,0.0,0.0,0.0,9.0,17.3,2023-12-30,85,2023,12,5,364,1,True,1,-2.4492935982947064e-16,1.0,-0.021501372740813793,0.999768818762748,5,0.0,0.0,0.0,0.0,0.0,0.0,-0.9,2.9,-2.1,0.0,0.0
71,3.8,8.8,-1.6,-5.7,0.8,0.7,0.07,3.0,14.0,27.0,2023-12-31,65,2023,12,6,365,1,True,1,-2.4492935982947064e-16,1.0,-0.004300592702981974,0.9999907524084426,5,0.0,0.0,0.0,0.0,0.0,0.0,-1.9,-0.9,2.9,0.0700000000000009,0.7999999999999983
73,-0.5,3.1,-5.9,-9.9,3.6,0.9,1.89,6.0,15.0,28.8,2024-01-01,216,2024,1,0,1,0,True,1,0.49999999999999994,0.8660254037844387,0.017201575418260506,0.9998520419557735,6,0.07,0.0,0.0,0.8,0.0,0.0,3.8,-1.9,-0.9,1.9600000000000009,4.399999999999999
3,-3.6,0.7,-6.4,-10.8,0.0,0.0,0.0,0.0,8.8,18.0,2024-01-02,404,2024,1,1,2,0,True,1,0.49999999999999994,0.8660254037844387,0.03439806061360801,0.9994082116062598,6,1.89,0.07,0.0,3.6,0.8,0.0,-0.5,3.8,-1.9,1.9600000000000009,4.399999999999999
3,-5.4,-3.1,-8.2,-12.6,0.0,0.0,0.0,0.0,9.0,22.0,2024-01-03,400,2024,1,2,3,0,True,0,0.49999999999999994,0.8660254037844387,0.051584366869408364,0.9986686402879997,6,0.0,1.89,0.07,0.0,3.6,0.8,-3.6,-0.5,3.8,1.8900000000000008,3.5999999999999983
3,-2.2,3.9,-5.5,-9.7,0.0,0.0,0.0,0.0,12.0,21.6,2024-01-04,308,2024,1,3,4,0,True,1,0.49999999999999994,0.8660254037844387,0.06875540848113941,0.9976335468520451,6,0.0,0.0,1.89,0.0,0.0,3.6,-5.4,-3.6,-0.5,0.0,0.0
73,-2.1,1.8,-6.0,-10.2,1.1,0.0,0.77,6.0,16.5,33.1,2024-01-05,244,2024,1,4,5,0,True,1,0.49999999999999994,0.8660254037844387,0.08590610426133272,0.9963032375991965,6,0.0,0.0,0.0,0.0,0.0,0.0,-2.2,-5.4,-3.6,0.7700000000000009,1.0999999999999979
73,-4.4,-1.0,-8.7,-14.9,2.5,0.0,1.75,7.0,19.7,37.8,2024-01-06,209,2024,1,5,6,1,True,0,0.49999999999999994,0.8660254037844387,0.10303137904317879,0.9946781061893646,6,0.77,0.0,0.0,1.1,0.0,0.0,-2.1,-2.2,-5.4,2.520000000000001,3.599999999999998
73,-13.0,-9.1,-19.3,-24.5,3.0,0.0,2.1,14.0,19.0,38.9,2024-01-07,57,2024,1,6,7,1,True,0,0.49999999999999994,0.8660254037844387,0.1201261651823505,0.9927586335250793,6,1.75,0.77,0.0,2.5,1.1,0.0,-4.4,-2.1,-2.2,4.620000000000001,6.599999999999998
3,-14.4,-5.7,-19.1,-23.9,0.0,0.0,0.0,0.0,10.6,21.6,2024-01-08,190,2024,1,0,8,0,True,0,0.49999999999999994,0.8660254037844387,0.13718540405660057,0.9905453876091833,6,2.1,1.75,0.77,3.0,2.5,1.1,-13.0,-4.4,-2.1,3.850000000000001,5.499999999999998
71,-10.6,-6.6,-15.1,-20.8,0.7,0.0,0.49,4.0,18.1,34.6,2024-01-09,161,2024,1,1,9,0,True,0,0.49999999999999994,0.8660254037844387,0.1542040475626894,0.988039023376751,6,0.0,2.1,1.75,0.0,3.0,2.5,-14.4,-13.0,-4.4,2.5900000000000007,3.6999999999999975
73,-20.1,-15.5,-25.2,-30.8,2.6,0.0,1.82,15.0,14.6,28.1,2024-01-10,151,2024,1,2,10,0,True,0,0.49999999999999994,0.8660254037844387,0.17117705961019986,0.985240282501282,6,0.49,0.0,2.1,0.7,0.0,3.0,-10.6,-14.4,-13.0,2.310000000000001,3.299999999999998
71,-29.9,-25.9,-32.9,-38.9,0.5,0.0,0.35,5.0,14.4,30.6,2024-01-11,178,2024,1,3,11,0,True,0,0.49999999999999994,0.8660254037844387,0.18809941761179758,0.9821499931752291,6,1.82,0.49,0.0,2.6,0.7,0.0,-20.1,-10.6,-14.4,2.660000000000001,3.799999999999998
3,-36.9,-32.1,-42.0,-47.3,0.0,0.0,0.0,0.0,12.0,25.6,2024-01-12,189,2024,1,4,12,0,True,0,0.49999999999999994,0.8660254037844387,0.20496611396949532,0.9787690698649216,6,0.35,1.82,0.49,0.5,2.6,0.7,-29.9,-20.1,-10.6,2.170000000000001,3.099999999999998
2,-36.8,-28.9,-42.9,-48.8,0.0,0.0,0.0,0.0,11.5,17.3,2024-01-13,124,2024,1,5,13,1,True,0,0.49999999999999994,0.8660254037844387,0.22177215755648186,0.975098513039961,6,0.0,0.35,1.82,0.0,0.5,2.6,-36.9,-29.9,-20.1,0.35000000000000087,0.4999999999999982
2,-34.7,-28.4,-39.6,-44.6,0.0,0.0,0.0,0.0,9.4,13.3,2024-01-14,97,2024,1,6,14,1,True,0,0.49999999999999994,0.8660254037844387,0.23851257519407648,0.9711394088771653,6,0.0,0.0,0.35,0.0,0.0,0.5,-36.8,-36.9,-29.9,0.0,0.0
3,-27.0,-14.6,-38.3,-43.9,0.0,0.0,0.0,0.0,13.8,25.6,2024-01-15,226,2024,1,0,15,0,True,0,0.49999999999999994,0.8660254037844387,0.2551824131233728,0.9668929289391521,6,0.0,0.0,0.0,0.0,0.0,0.0,-34.7,-36.8,-36.9,0.0,0.0
73,-9.7,-5.7,-14.0,-19.5,2.7,0.0,1.89,12.0,15.2,25.2,2024-01-16,138,2024,1,1,16,0,True,0,0.49999999999999994,0.8660254037844387,0.2717767384711357,0.9623603298276545,6,0.0,0.0,0.0,0.0,0.0,0.0,-27.0,-34.7,-36.8,1.8900000000000008,2.6999999999999984
73,-16.3,-12.9,-17.9,-23.3,5.4,0.0,3.78,24.0,10.9,22.0,2024-01-17,143,2024,1,2,17,0,True,0,0.49999999999999994,0.8660254037844387,0.2882906407095177,0.9575429528116719,6,1.89,0.0,0.0,2.7,0.0,0.0,-9.7,-27.0,-34.7,5.670000000000001,8.099999999999998
71,-20.9,-16.6,-26.9,-31.8,0.3,0.0,0.21,2.0,12.7,24.5,2024-01-18,291,2024,1,3,18,0,True,0,0.49999999999999994,0.8660254037844387,0.3047192331091634,0.9524422234305676,6,3.78,1.89,0.0,5.4,2.7,0.0,-16.3,-9.7,-27.0,5.880000000000001,8.399999999999999
3,-21.1,-16.9,-27.5,-32.6,0.0,0.0,0.0,0.0,13.0,25.9,2024-01-19,415,2024,1,4,19,0,True,0,0.49999999999999994,0.8660254037844387,0.321057654185271,0.9470596510722283,6,0.21,3.78,1.89,0.3,5.4,2.7,-20.9,-16.3,-9.7,3.9900000000000007,5.699999999999998
3,-12.1,-6.9,-17.6,-22.1,0.0,0.0,0.0,0.0,8.1,15.8,2024-01-20,430,2024,1,5,20,1,True,0,0.49999999999999994,0.8660254037844387,0.3373010691361842,0.9413968285264122,6,0.0,0.21,3.78,0.0,0.3,5.4,-21.1,-20.9,-16.3,0.21000000000000044,0.2999999999999982
3,-12.0,-10.6,-13.1,-17.5,0.0,0.0,0.0,0.0,10.0,20.2,2024-01-21,277,2024,1,6,21,1,True,0,0.49999999999999994,0.8660254037844387,0.3534446712740877,0.9354554315134164,6,0.0,0.0,0.21,0.0,0.0,0.3,-12.1,-21.1,-20.9,0.0,0.0
3,-14.0,-11.9,-15.6,-20.8,0.0,0.0,0.0,0.0,12.0,27.0,2024-01-22,239,2024,1,0,22,0,True,0,0.49999999999999994,0.8660254037844387,0.3694836834473831,0.9292372181882051,6,0.0,0.0,0.0,0.0,0.0,0.0,-12.0,-12.1,-21.1,0.0,0.0
3,-2.1,3.7,-10.7,-15.1,0.0,0.0,0.0,0.0,12.6,23.8,2024-01-23,428,2024,1,1,23,0,True,1,0.49999999999999994,0.8660254037844387,0.38541335945432564,0.9227440286201427,6,0.0,0.0,0.0,0.0,0.0,0.0,-14.0,-12.0,-12.1,0.0,0.0
3,-2.5,1.7,-5.5,-10.2,0.0,0.0,0.0,0.0,10.7,19.1,2024-01-24,707,2024,1,2,24,0,True,1,0.49999999999999994,0.8660254037844387,0.4012289854475009,0.9159777842484877,6,0.0,0.0,0.0,0.0,0.0,0.0,-2.1,-14.0,-12.0,0.0,0.0
3,0.8,5.2,-2.5,-6.8,0.0,0.0,0.0,0.0,13.3,24.5,2024-01-25,562,2024,1,3,25,0,True,1,0.49999999999999994,0.8660254037844387,0.4169258813287287,0.908940487313808,6,0.0,0.0,0.0,0.0,0.0,0.0,-2.5,-2.1,-14.0,0.0,0.0
3,-1.4,3.3,-5.4,-9.9,0.0,0.0,0.0,0.0,13.3,23.8,2024-01-26,519,2024,1,4,26,0,True,1,0.49999999999999994,0.8660254037844387,0.4324994021339788,0.901634220265486,6,0.0,0.0,0.0,0.0,0.0,0.0,0.8,-2.5,-2.1,0.0,0.0
3,1.8,6.7,-5.1,-9.8,0.0,0.0,0.0,0.0,16.9,23.0,2024-01-27,278,2024,1,5,27,1,True,1,0.49999999999999994,0.8660254037844387,0.44794493940789115,0.8940611451454876,6,0.0,0.0,0.0,0.0,0.0,0.0,-1.4,0.8,-2.5,0.0,0.0
51,4.9,8.0,1.7,-2.2,0.2,0.2,0.0,2.0,22.3,36.0,2024-01-28,215,2024,1,6,28,1,True,0,0.49999999999999994,0.8660254037844387,0.4632579225674917,0.88622350294858,6,0.0,0.0,0.0,0.0,0.0,0.0,1.8,-1.4,0.8,0.0,0.19999999999999823
3,4.6,7.4,1.4,-2.5,0.0,0.0,0.0,0.0,14.8,29.2,2024-01-29,382,2024,1,0,29,0,True,0,0.49999999999999994,0.8660254037844387,0.4784338202547012,0.8781236129591848,6,0.0,0.0,0.0,0.2,0.0,0.0,4.9,1.8,-1.4,0.0,0.19999999999999823
3,6.5,8.8,5.0,0.8,0.0,0.0,0.0,0.0,20.0,32.8,2024-01-30,285,2024,1,1,30,0,True,0,0.49999999999999994,0.8660254037844387,0.49346814167723735,0.8697638720650646,6,0.0,0.0,0.0,0.0,0.2,0.0,4.6,4.9,1.8,0.0,0.19999999999999823
3,3.6,8.8,-1.6,-5.2,0.0,0.0,0.0,0.0,17.5,32.8,2024-01-31,220,2024,1,2,31,0,True,1,0.49999999999999994,0.8660254037844387,0.5083564379375122,0.8611467540480452,6,0.0,0.0,0.0,0.0,0.0,0.2,6.5,4.6,4.9,0.0,0.0
3,5.5,13.4,2.0,-1.9,0.0,0.0,0.0,0.0,15.6,28.8,2024-02-01,273,2024,2,3,32,0,True,0,0.8660254037844386,0.5000000000000001,0.5230943033491326,0.8522748088519838,6,0.0,0.0,0.0,0.0,0.0,0.0,3.6,6.5,4.6,0.0,0.0
3,4.4,11.8,0.7,-3.1,0.0,0.0,0.0,0.0,10.5,21.2,2024-02-02,185,2024,2,4,33,0,True,0,0.8660254037844386,0.5000000000000001,0.5376773767406141,0.8431506618282,6,0.0,0.0,0.0,0.0,0.0,0.0,5.5,3.6,6.5,0.0,0.0
71,2.5,4.5,-2.1,-7.4,2.3,1.1,0.84,14.0,20.9,41.8,2024-02-03,100,2024,2,5,34,1,True,1,0.8660254037844386,0.5000000000000001,0.5521013427459208,0.8337770129585915,6,0.0,0.0,0.0,0.0,0.0,0.0,4.4,5.5,3.6,0.8400000000000004,2.299999999999998
73,-5.6,-2.6,-8.7,-12.6,5.3,0.0,3.71,21.0,16.9,36.4,2024-02-04,79,2024,2,6,35,1,True,0,0.8660254037844386,0.5000000000000001,0.5663619330814524,0.8241566360566663,6,0.84,0.0,0.0,2.3,0.0,0.0,2.5,4.4,5.5,4.550000000000001,7.599999999999998
3,-8.4,-3.9,-11.1,-15.0,0.0,0.0,0.0,0.0,8.9,13.7,2024-02-05,296,2024,2,0,36,0,True,0,0.8660254037844386,0.5000000000000001,0.580454927809098,0.8142923779467267,6,3.71,0.84,0.0,5.3,2.3,0.0,-5.6,2.5,4.4,4.550000000000001,7.599999999999998
71,-7.4,-6.0,-8.7,-12.9,0.1,0.0,0.07,1.0,10.4,23.4,2024-02-06,258,2024,2,1,37,0,True,0,0.8660254037844386,0.5000000000000001,0.5943761565849831,0.804187157621448,6,0.0,3.71,0.84,0.0,5.3,2.3,-8.4,-5.6,2.5,3.7800000000000002,5.399999999999998
3,-7.0,-6.3,-8.5,-12.3,0.0,0.0,0.0,0.0,9.9,18.7,2024-02-07,224,2024,2,2,38,0,True,0,0.8660254037844386,0.5000000000000001,0.6081214998935418,0.7938439653781019,6,0.07,0.0,3.71,0.1,0.0,5.3,-7.4,-8.4,-5.6,0.07000000000000045,0.09999999999999823
71,-5.3,-3.6,-6.6,-10.5,0.3,0.0,0.21,3.0,9.5,17.3,2024-02-08,210,2024,2,3,39,0,True,0,0.8660254037844386,0.5000000000000001,0.6216868902665479,0.7832658619336791,6,0.0,0.07,0.0,0.0,0.1,0.0,-7.0,-7.4,-8.4,0.28000000000000047,0.39999999999999825
71,-7.8,-4.4,-15.1,-20.1,0.7,0.0,0.49,6.0,11.6,23.8,2024-02-09,170,2024,2,4,40,0,True,0,0.8660254037844386,0.5000000000000001,0.6350683134867438,0.7724559775191742,6,0.21,0.0,0.07,0.3,0.0,0.1,-5.3,-7.0,-7.4,0.7000000000000004,0.9999999999999982
3,-8.2,1.1,-17.9,-23.3,0.0,0.0,0.0,0.0,14.6,22.3,2024-02-10,152,2024,2,5,41,1,True,1,0.8660254037844386,0.5000000000000001,0.6482618097757122,0.7614175109532997,6,0.49,0.21,0.0,0.7,0.3,0.0,-7.8,-5.3,-7.0,0.7000000000000004,0.9999999999999982
73,-2.0,1.5,-4.7,-8.9,0.9,0.0,0.63,4.0,13.7,23.0,2024-02-11,195,2024,2,6,42,1,True,1,0.8660254037844386,0.5000000000000001,0.6612634749656386,0.7501537286959042,6,0.0,0.49,0.21,0.0,0.7,0.3,-8.2,-7.8,-5.3,1.1200000000000006,1.5999999999999983
73,-2.4,2.3,-7.1,-11.3,1.5,0.0,1.12,7.0,15.7,36.0,2024-02-12,242,2024,2,0,43,0,True,1,0.8660254037844386,0.5000000000000001,0.6740694616546161,0.7386679638813748,6,0.63,0.0,0.49,0.9,0.0,0.7,-2.0,-8.2,-7.8,1.7500000000000007,2.3999999999999986
73,-6.3,-4.4,-13.1,-18.3,1.4,0.0,0.98,11.0,15.5,42.1,2024-02-13,112,2024,2,1,44,0,True,0,0.8660254037844386,0.5000000000000001,0.6866759803451553,0.726963615332308,6,1.12,0.63,0.0,1.5,0.9,0.0,-2.4,-2.0,-8.2,2.7300000000000004,3.799999999999998
71,-12.8,-6.1,-19.3,-24.8,0.0,0.0,0.07,0.0,15.1,33.1,2024-02-14,101,2024,2,2,45,0,True,0,0.8660254037844386,0.5000000000000001,0.6990793005655562,0.7150441465537444,6,0.98,1.12,0.63,1.4,1.5,0.9,-6.3,-2.4,-2.0,2.170000000000001,2.8999999999999986
71,-12.5,-8.1,-19.5,-24.2,0.2,0.0,0.14,2.0,7.2,11.5,2024-02-15,82,2024,2,3,46,0,True,0,0.8660254037844386,0.5000000000000001,0.7112757519738152,0.7029130847082615,6,0.07,0.98,1.12,0.0,1.4,1.5,-12.8,-6.3,-2.4,1.1900000000000006,1.5999999999999983
0,-12.5,-1.6,-20.0,-25.4,0.0,0.0,0.0,0.0,11.3,20.9,2024-02-16,83,2024,2,4,47,0,True,0,0.8660254037844386,0.5000000000000001,0.7232617254437388,0.6905740195722293,6,0.14,0.07,0.98,0.2,0.0,1.4,-12.5,-12.8,-6.3,0.21000000000000069,0.19999999999999846
0,-6.5,3.8,-12.6,-18.2,0.0,0.0,0.0,0.0,15.5,26.3,2024-02-17,73,2024,2,5,48,1,True,1,0.8660254037844386,0.5000000000000001,0.7350336741329413,0.6780306024735382,6,0.0,0.14,0.07,0.0,0.2,0.0,-12.5,-12.5,-12.8,0.14000000000000068,0.19999999999999846
3,-4.8,3.7,-11.2,-16.3,0.0,0.0,0.0,0.0,14.2,25.6,2024-02-18,71,2024,2,6,49,1,True,1,0.8660254037844386,0.5000000000000001,0.746588114532413,0.6652865452111116,6,0.0,0.0,0.14,0.0,0.0,0.2,-6.5,-12.5,-12.5,0.0,0.0
3,-4.9,2.7,-9.8,-14.8,0.0,0.0,0.0,0.0,9.8,18.0,2024-02-19,57,2024,2,0,50,0,True,1,0.8660254037844386,0.5000000000000001,0.7579216274973472,0.6523456189565257,6,0.0,0.0,0.0,0.0,0.0,0.0,-4.8,-6.5,-12.5,0.0,0.0
3,-1.4,6.8,-7.6,-12.0,0.0,0.0,0.0,0.0,11.2,22.0,2024-02-20,151,2024,2,1,51,0,True,1,0.8660254037844386,0.5000000000000001,0.7690308592589181,0.6392116531380588,6,0.0,0.0,0.0,0.0,0.0,0.0,-4.9,-4.8,-6.5,0.0,0.0
3,-1.6,4.1,-7.0,-11.3,0.0,0.0,0.0,0.0,10.6,18.0,2024-02-21,168,2024,2,2,52,0,True,1,0.8660254037844386,0.5000000000000001,0.7799125224167177,0.6258885343075018,6,0.0,0.0,0.0,0.0,0.0,0.0,-1.4,-4.9,-4.8,0.0,0.0
3,1.0,8.2,-4.6,-9.4,0.0,0.0,0.0,0.0,17.6,28.4,2024-02-22,195,2024,2,3,53,0,True,1,0.8660254037844386,0.5000000000000001,0.7905633969115482,0.612380204990065,6,0.0,0.0,0.0,0.0,0.0,0.0,-1.6,-1.4,-4.9,0.0,0.0
3,3.6,8.6,0.5,-4.9,0.0,0.0,0.0,0.0,26.0,41.4,2024-02-23,133,2024,2,4,54,0,True,0,0.8660254037844386,0.5000000000000001,0.8009803309782905,0.5986906625177214,6,0.0,0.0,0.0,0.0,0.0,0.0,1.0,-1.6,-1.4,0.0,0.0
73,-1.9,4.1,-6.0,-10.7,2.3,0.1,1.54,13.0,24.9,41.8,2024-02-24,90,2024,2,5,55,1,True,1,0.8660254037844386,0.5000000000000001,0.8111602420785621,0.5848239578463322,6,0.0,0.0,0.0,0.0,0.0,0.0,3.6,1.0,-1.6,1.5400000000000007,2.299999999999998
71,-3.0,3.3,-9.4,-13.7,0.5,0.0,0.35,3.0,21.4,40.7,2024-02-25,74,2024,2,6,56,1,True,1,0.8660254037844386,0.5000000000000001,0.8211001178128892,0.5707841943569036,6,1.54,0.0,0.0,2.3,0.0,0.0,-1.9,3.6,1.0,1.8900000000000006,2.799999999999998
73,-13.9,-1.6,-20.2,-25.1,2.2,0.0,1.54,11.0,29.6,55.8,2024-02-26,62,2024,2,0,57,0,True,0,0.8660254037844386,0.5000000000000001,0.8307970168121247,0.5565755266413303,6,0.35,1.54,0.0,0.5,2.3,0.0,-3.0,-1.9,3.6,3.4300000000000006,4.999999999999998
71,-20.5,-17.5,-23.2,-27.8,1.0,0.0,0.7,10.0,11.6,26.3,2024-02-27,70,2024,2,1,58,0,True,0,0.8660254037844386,0.5000000000000001,0.8402480696078469,0.5422021592729844,6,1.54,0.35,1.54,2.2,0.5,2.3,-13.9,-3.0,-1.9,2.5900000000000007,3.6999999999999984
3,-10.1,2.0,-21.2,-26.4,0.0,0.0,0.0,0.0,16.7,37.8,2024-02-28,125,2024,2,2,59,0,True,1,0.8660254037844386,0.5000000000000001,0.8494504794814806,0.527668345562516,6,0.7,1.54,0.35,1.0,2.2,0.5,-20.5,-13.9,-3.0,2.24,3.1999999999999984
71,0.8,7.0,-9.3,-15.3,1.2,0.3,0.63,7.0,27.6,59.4,2024-02-29,119,2024,2,3,60,0,True,1,0.8660254037844386,0.5000000000000001,0.8584015232918917,0.512978386299228,6,0.0,0.7,1.54,0.0,1.0,2.2,-10.1,-20.5,-13.9,1.3300000000000005,2.1999999999999984
73,-11.8,-9.8,-13.3,-18.2,2.7,0.0,1.89,16.0,15.5,35.6,2024-03-01,63,2024,3,4,61,0,True,0,1.0,6.123233995736766e-17,0.8670985522812081,0.4981366284784055,6,0.63,0.0,0.7,1.2,0.0,1.0,0.8,-10.1,-20.5,2.5200000000000005,3.8999999999999986
73,-16.1,-12.4,-21.1,-26.4,6.8,0.0,4.76,18.0,16.6,35.6,2024-03-02,32,2024,3,5,62,1,True,0,1.0,6.123233995736766e-17,0.8755389928586302,0.4831474640149687,6,1.89,0.63,0.0,2.7,1.2,0.0,-11.8,0.8,-10.1,7.28,10.7
71,-22.2,-17.5,-26.7,-32.7,0.1,0.0,0.07,1.0,13.3,28.1,2024-03-03,163,2024,3,6,63,1,True,0,1.0,6.123233995736766e-17,0.8837203473619977,0.4680153284438345,6,4.76,1.89,0.63,6.8,2.7,1.2,-16.1,-11.8,0.8,6.720000000000001,9.6
3,-22.0,-18.4,-24.6,-29.9,0.0,0.0,0.0,0.0,9.8,16.2,2024-03-04,248,2024,3,0,64,0,True,0,1.0,6.123233995736766e-17,0.8916401947968874,0.45274469960737107,6,0.07,4.76,1.89,0.1,6.8,2.7,-22.2,-16.1,-11.8,4.83,6.899999999999998
71,-19.8,-14.8,-24.9,-30.0,0.6,0.0,0.42,6.0,7.9,14.4,2024-03-05,229,2024,3,1,65,0,True,0,1.0,6.123233995736766e-17,0.8992961915530253,0.4373400963303323,6,0.0,0.07,4.76,0.0,0.1,6.8,-22.0,-22.2,-16.1,0.49,0.6999999999999982
3,-16.0,-10.2,-21.6,-26.1,0.0,0.0,0.0,0.0,10.9,14.8,2024-03-06,179,2024,3,2,66,0,True,0,1.0,6.123233995736766e-17,0.9066860720977985,0.4218060770826634,6,0.42,0.0,0.07,0.6,0.0,0.1,-19.8,-22.0,-22.2,0.42,0.5999999999999982
1,-13.2,-1.9,-22.8,-28.2,0.0,0.0,0.0,0.0,11.6,20.5,2024-03-07,465,2024,3,3,67,0,True,0,1.0,6.123233995736766e-17,0.9138076496466615,0.4061472386305789,6,0.0,0.42,0.0,0.0,0.6,0.0,-16.0,-19.8,-22.0,0.42,0.5999999999999982
3,-2.5,4.9,-10.0,-15.3,0.0,0.0,0.0,0.0,13.0,22.7,2024-03-08,252,2024,3,4,68,0,True,1,1.0,6.123233995736766e-17,0.9206588168102428,0.3903682146763026,6,0.0,0.0,0.42,0.0,0.0,0.6,-13.2,-16.0,-19.8,0.0,0.0
3,3.1,9.8,-2.1,-6.3,0.0,0.0,0.0,0.0,21.7,34.6,2024-03-09,232,2024,3,5,69,1,True,1,1.0,6.123233995736766e-17,0.9272375462179537,0.374473674486883,6,0.0,0.0,0.0,0.0,0.0,0.0,-2.5,-13.2,-16.0,0.0,0.0
3,2.9,7.9,-1.7,-6.3,0.0,0.0,0.0,0.0,22.2,37.8,2024-03-10,150,2024,3,6,70,1,True,1,1.0,6.123233995736766e-17,0.9335418911179212,0.35846832151248087,6,0.0,0.0,0.0,0.0,0.0,0.0,3.1,-2.5,-13.2,0.0,0.0
3,2.3,7.4,-1.7,-6.2,0.0,0.0,0.0,0.0,12.2,26.3,2024-03-11,227,2024,3,0,71,0,True,1,1.0,6.123233995736766e-17,0.9395699859530622,0.342356891994542,6,0.0,0.0,0.0,0.0,0.0,0.0,2.9,3.1,-2.5,0.0,0.0
3,2.5,8.4,-2.6,-6.9,0.0,0.0,0.0,0.0,10.8,28.1,2024-03-12,191,2024,3,1,72,0,True,1,1.0,6.123233995736766e-17,0.945320046913132,0.3261441535642696,6,0.0,0.0,0.0,0.0,0.0,0.0,2.3,2.9,3.1,0.0,0.0
71,0.6,5.5,-3.7,-7.9,0.5,0.4,0.07,5.0,17.9,34.6,2024-03-13,114,2024,3,2,73,0,True,1,1.0,6.123233995736766e-17,0.9507903724625832,0.3098349038318025,6,0.0,0.0,0.0,0.0,0.0,0.0,2.5,2.3,2.9,0.07,0.4999999999999982
3,1.2,9.0,-5.7,-9.8,0.0,0.0,0.0,0.0,14.8,25.2,2024-03-14,134,2024,3,3,74,0,True,1,1.0,6.123233995736766e-17,0.9559793438440766,0.2934339689665273,6,0.07,0.0,0.0,0.5,0.0,0.0,0.6,2.5,2.3,0.07,0.4999999999999982
3,5.8,12.5,1.5,-2.3,0.0,0.0,0.0,0.0,17.4,31.3,2024-03-15,74,2024,3,4,75,0,True,0,1.0,6.123233995736766e-17,0.9608854255574977,0.27694620226893646,6,0.0,0.07,0.0,0.0,0.5,0.0,1.2,0.6,2.5,0.07,0.4999999999999982
3,5.4,14.3,-1.3,-5.0,0.0,0.0,0.0,0.0,10.2,18.4,2024-03-16,39,2024,3,5,76,1,True,1,1.0,6.123233995736766e-17,0.9655071658143364,0.2603764827344581,6,0.0,0.0,0.07,0.0,0.0,0.5,5.8,1.2,0.6,0.0,0.0
3,6.0,17.0,-1.8,-5.3,0.0,0.0,0.0,0.0,15.1,28.8,2024-03-17,21,2024,3,6,77,1,True,1,1.0,6.123233995736766e-17,0.969843196967294,0.24372971360968387,6,0.0,0.0,0.0,0.0,0.0,0.0,5.4,5.8,1.2,0.0,0.0
0,8.7,16.2,2.1,-1.9,0.0,0.0,0.0,0.0,16.9,31.0,2024-03-18,46,2024,3,0,78,0,True,0,1.0,6.123233995736766e-17,0.9738922359149924,0.22701082094141847,6,0.0,0.0,0.0,0.0,0.0,0.0,6.0,5.4,5.8,0.0,0.0
73,1.6,5.5,-1.7,-6.1,1.2,0.1,0.77,8.0,18.0,36.4,2024-03-19,24,2024,3,1,79,0,True,1,1.0,6.123233995736766e-17,0.9776530844816641,0.2102247521189836,6,0.0,0.0,0.0,0.0,0.0,0.0,8.7,6.0,5.4,0.77,1.1999999999999982
73,-5.8,-2.2,-8.8,-13.2,6.0,0.0,4.2,24.0,15.5,32.4,2024-03-20,86,2024,3,2,80,0,True,0,1.0,6.123233995736766e-17,0.981124629771712,0.19337647441020586,6,0.77,0.0,0.0,1.2,0.0,0.0,1.6,8.7,6.0,4.970000000000001,7.199999999999998
73,-8.4,-4.8,-10.7,-14.9,5.6,0.0,3.92,14.0,11.4,20.9,2024-03-21,141,2024,3,3,81,0,True,0,1.0,6.123233995736766e-17,0.984305844499033,0.17647097349152166,6,4.2,0.77,0.0,6.0,1.2,0.0,-5.8,1.6,8.7,8.89,12.799999999999997
71,-8.7,-6.6,-11.3,-15.7,1.4,0.0,0.98,14.0,11.8,25.2,2024-03-22,140,2024,3,4,82,0,True,0,1.0,6.123233995736766e-17,0.9871957872910085,0.15951325197263655,6,3.92,4.2,0.77,5.6,6.0,1.2,-8.4,-5.8,1.6,9.1,12.999999999999998
73,-8.3,-7.0,-9.2,-13.6,6.0,0.0,4.2,24.0,10.8,23.8,2024-03-23,56,2024,3,5,83,1,True,0,1.0,6.123233995736766e-17,0.9897936029670716,0.14250832791617088,6,0.98,3.92,4.2,1.4,5.6,6.0,-8.7,-8.4,-5.8,9.1,12.999999999999996
73,-8.7,-5.6,-11.1,-16.2,1.1,0.0,0.84,10.0,15.9,28.8,2024-03-24,157,2024,3,6,84,1,True,0,1.0,6.123233995736766e-17,0.992098522791769,0.12546123335273648,6,4.2,0.98,3.92,6.0,1.4,5.6,-8.3,-8.7,-8.4,6.02,8.499999999999998
71,-10.5,-7.2,-14.3,-19.5,0.8,0.0,0.56,8.0,15.5,28.8,2024-03-25,370,2024,3,0,85,0,True,0,1.0,6.123233995736766e-17,0.9941098647022418,0.10837701279187609,6,0.84,4.2,0.98,1.1,6.0,1.4,-8.7,-8.3,-8.7,5.6,7.899999999999998
73,-7.1,-1.6,-10.8,-15.4,0.4,0.0,0.28,2.0,10.3,22.0,2024-03-26,284,2024,3,1,86,0,True,0,1.0,6.123233995736766e-17,0.9958270335100595,0.09126072172931188,6,0.56,0.84,4.2,0.8,1.1,6.0,-10.5,-8.7,-8.3,1.6800000000000002,2.2999999999999976
3,-0.4,4.9,-6.4,-11.1,0.0,0.0,0.0,0.0,12.6,23.0,2024-03-27,189,2024,3,2,87,0,True,1,1.0,6.123233995736766e-17,0.9972495210773451,0.07411742515094437,6,0.28,0.56,0.84,0.4,0.8,1.1,-7.1,-10.5,-8.7,0.8400000000000001,1.1999999999999975
71,-2.3,0.7,-7.0,-11.0,1.0,0.1,0.63,6.0,17.9,32.8,2024-03-28,90,2024,3,3,88,0,True,1,1.0,6.123233995736766e-17,0.998376906467142,0.056952196034039754,6,0.0,0.28,0.56,0.0,0.4,0.8,-0.4,-7.1,-10.5,0.91,1.3999999999999972
71,-7.2,-5.6,-9.8,-14.1,1.7,0.0,1.19,15.0,8.5,15.8,2024-03-29,19,2024,3,4,89,0,True,0,1.0,6.123233995736766e-17,0.9992088560679753,0.03977011384605572,6,0.63,0.0,0.28,1.0,0.0,0.4,-2.3,-0.4,-7.1,1.8199999999999998,2.6999999999999975
3,-8.2,-0.2,-16.5,-21.4,0.0,0.0,0.0,0.0,12.3,23.4,2024-03-30,34,2024,3,5,90,1,True,0,1.0,6.123233995736766e-17,0.9997451236925734,0.022576263041545485,6,1.19,0.63,0.0,1.7,1.0,0.0,-7.2,-2.3,-0.4,1.8199999999999998,2.6999999999999975
3,-1.9,3.9,-7.4,-12.0,0.0,0.0,0.0,0.0,12.4,19.8,2024-03-31,35,2024,3,6,91,1,True,1,1.0,6.123233995736766e-17,0.9999855506507186,0.005375731557583884,6,0.0,1.19,0.63,0.0,1.7,1.0,-8.2,-7.2,-2.3,1.19,1.6999999999999975
2,4.7,12.1,-1.0,-5.0,0.0,0.0,0.0,0.0,15.3,28.1,2024-04-01,38,2024,4,0,92,0,True,1,0.8660254037844387,-0.4999999999999998,0.9999300657962057,-0.011826390691832589,6,0.0,0.0,1.19,0.0,0.0,1.7,-1.9,-8.2,-7.2,0.0,0.0
3,8.0,15.6,1.3,-2.5,0.0,0.0,0.0,0.0,21.3,45.7,2024-04-02,29,2024,4,1,93,0,True,0,0.8660254037844387,-0.4999999999999998,0.9995786855478958,-0.029025013321975237,6,0.0,0.0,0.0,0.0,0.0,0.0,4.7,-1.9,-8.2,0.0,0.0
53,6.1,10.0,2.6,-0.4,2.0,2.0,0.0,7.0,23.4,49.3,2024-04-03,12,2024,4,2,94,0,True,0,0.8660254037844387,-0.4999999999999998,0.9989315138848577,-0.046215046983708354,6,0.0,0.0,0.0,0.0,0.0,0.0,8.0,4.7,-1.9,0.0,1.9999999999999976
73,0.4,2.5,-0.6,-4.9,11.6,0.2,7.98,24.0,17.2,33.1,2024-04-04,6,2024,4,3,95,0,True,1,0.8660254037844387,-0.4999999999999998,0.9979887423155984,-0.06339140486951038,6,0.0,0.0,0.0,2.0,0.0,0.0,6.1,8.0,4.7,7.98,13.599999999999998
73,-0.8,0.7,-2.1,-6.1,2.2,0.0,1.54,11.0,13.1,28.4,2024-04-05,47,2024,4,4,96,0,True,1,0.8660254037844387,-0.4999999999999998,0.9967506498213929,-0.08054900421874167,6,7.98,0.0,0.0,11.6,2.0,0.0,0.4,6.1,8.0,9.52,15.799999999999997
71,0.9,4.1,-1.9,-5.4,0.9,0.0,0.63,6.0,11.0,20.5,2024-04-06,45,2024,4,5,97,1,True,1,0.8660254037844387,-0.4999999999999998,0.9952176027737294,-0.09768276782171598,6,1.54,7.98,0.0,2.2,11.6,2.0,-0.8,0.4,6.1,10.15,14.699999999999998
51,3.9,9.8,-0.7,-4.0,0.4,0.4,0.0,4.0,10.6,16.2,2024-04-07,21,2024,4,6,98,1,True,1,0.8660254037844387,-0.4999999999999998,0.9933900548258936,-0.11478762552212701,6,0.63,1.54,7.98,0.9,2.2,11.6,0.9,-0.8,0.4,2.17,3.4999999999999982
3,4.4,10.3,-1.1,-5.6,0.0,0.0,0.0,0.0,14.2,30.2,2024-04-08,12,2024,4,0,99,0,True,1,0.8660254037844387,-0.4999999999999998,0.9912685467787256,-0.13185851571739118,6,0.0,0.63,1.54,0.4,0.9,2.2,3.9,0.9,-0.8,0.63,1.2999999999999983
53,4.3,12.1,-1.2,-5.3,2.0,2.0,0.0,7.0,22.5,43.6,2024-04-09,8,2024,4,1,100,0,True,1,0.8660254037844387,-0.4999999999999998,0.9888537064205885,-0.1488903868564548,6,0.0,0.0,0.63,0.0,0.4,0.9,4.4,3.9,0.9,0.0,2.399999999999998
3,2.5,9.3,-3.1,-7.2,0.0,0.0,0.0,0.0,12.1,23.4,2024-04-10,3,2024,4,2,101,0,True,1,0.8660254037844387,-0.4999999999999998,0.986146248341595,-0.16587819893463143,6,0.0,0.0,0.0,2.0,0.0,0.4,4.3,4.4,3.9,0.0,1.9999999999999982
3,5.1,12.7,-2.8,-7.7,0.0,0.0,0.0,0.0,13.0,28.4,2024-04-11,8,2024,4,3,102,0,True,1,0.8660254037844387,-0.4999999999999998,0.9831469737221499,-0.1828169249850199,6,0.0,0.0,0.0,0.0,2.0,0.0,2.5,4.3,4.4,0.0,1.9999999999999982
51,8.2,15.3,1.7,-2.2,0.1,0.1,0.0,1.0,12.1,26.3,2024-04-12,3,2024,4,4,103,0,True,0,0.8660254037844387,-0.4999999999999998,0.9798567700958665,-0.1997015525660636,6,0.0,0.0,0.0,0.0,0.0,2.0,5.1,2.5,4.3,0.0,0.09999999999999823
3,8.5,17.1,-0.2,-3.8,0.0,0.0,0.0,0.0,10.3,23.4,2024-04-13,3,2024,4,5,104,1,True,1,0.8660254037844387,-0.4999999999999998,0.9762766110869321,-0.21652708524481437,6,0.0,0.0,0.0,0.1,0.0,0.0,8.2,5.1,2.5,0.0,0.09999999999999823
3,8.4,16.6,-1.2,-5.2,0.0,0.0,0.0,0.0,10.7,21.6,2024-04-14,0,2024,4,6,105,1,True,1,0.8660254037844387,-0.4999999999999998,0.9724075561219968,-0.23328854407545518,6,0.0,0.0,0.0,0.0,0.1,0.0,8.5,8.2,5.1,0.0,0.09999999999999823
53,8.7,16.6,3.6,0.2,1.2,1.2,0.0,3.0,21.4,44.3,2024-04-15,3,2024,4,0,106,0,True,0,0.8660254037844387,-0.4999999999999998,0.9682507501166718,-0.2499809690726521,6,0.0,0.0,0.0,0.0,0.0,0.1,8.4,8.5,8.2,0.0,1.1999999999999982
73,1.3,2.8,-0.5,-6.8,6.9,1.8,3.57,21.0,25.1,49.0,2024-04-16,5,2024,4,1,107,0,True,1,0.8660254037844387,-0.4999999999999998,0.9638074231367307,-0.26659942067929354,6,0.0,0.0,0.0,1.2,0.0,0.0,8.7,8.4,8.5,3.57,8.099999999999998
71,-0.1,3.5,-2.7,-10.0,0.7,0.0,0.49,7.0,32.3,64.1,2024-04-17,9,2024,4,2,108,0,True,1,0.8660254037844387,-0.4999999999999998,0.9590788900341131,-0.28313898122818354,6,3.57,0.0,0.0,6.9,1.2,0.0,1.3,8.7,8.4,4.06,8.799999999999999
3,-0.7,2.6,-4.0,-9.3,0.0,0.0,0.0,0.0,24.4,51.1,2024-04-18,13,2024,4,3,109,0,True,1,0.8660254037844387,-0.4999999999999998,0.9540665500578387,-0.2995947563972602,6,0.49,3.57,0.0,0.7,6.9,1.2,-0.1,1.3,8.7,4.06,7.599999999999999
3,-1.2,3.9,-6.2,-10.7,0.0,0.0,0.0,0.0,11.3,28.4,2024-04-19,2,2024,4,4,110,0,True,1,0.8660254037844387,-0.4999999999999998,0.9487718864399473,-0.31596187665790293,6,0.0,0.49,3.57,0.0,0.7,6.9,-0.7,-0.1,1.3,0.49,0.6999999999999982
0,1.6,10.4,-7.8,-12.1,0.0,0.0,0.0,0.0,20.5,43.2,2024-04-20,0,2024,4,5,111,1,True,1,0.8660254037844387,-0.4999999999999998,0.9431964659565866,-0.33223549871590435,6,0.0,0.0,0.49,0.0,0.0,0.7,-1.2,-0.7,-0.1,0.0,0.0
51,5.2,11.0,-0.7,-4.9,0.4,0.4,0.0,4.0,25.5,50.4,2024-04-21,0,2024,4,6,112,1,True,1,0.8660254037844387,-0.4999999999999998,0.9373419384643772,-0.3484108069446808,6,0.0,0.0,0.0,0.0,0.0,0.0,1.6,-1.2,-0.7,0.0,0.39999999999999825
3,8.4,14.6,3.4,-2.3,0.0,0.0,0.0,0.0,23.1,53.6,2024-04-22,10,2024,4,0,113,0,True,0,0.8660254037844387,-0.4999999999999998,0.9312100364121947,-0.3644830148102912,6,0.0,0.0,0.0,0.4,0.0,0.0,5.2,1.6,-1.2,0.0,0.39999999999999825
3,8.8,17.1,-0.8,-5.3,0.0,0.0,0.0,0.0,14.1,34.2,2024-04-23,3,2024,4,1,114,0,True,1,0.8660254037844387,-0.4999999999999998,0.9248025743285089,-0.38044736628785164,6,0.0,0.0,0.0,0.0,0.4,0.0,8.4,5.2,1.6,0.0,0.39999999999999825
3,9.5,17.6,-1.0,-5.3,0.0,0.0,0.0,0.0,15.8,31.7,2024-04-24,1,2024,4,2,115,0,True,1,0.8660254037844387,-0.4999999999999998,0.9181214482844364,-0.39629913726891813,6,0.0,0.0,0.0,0.0,0.0,0.4,8.8,8.4,5.2,0.0,0.0
53,8.7,15.9,0.3,-2.9,0.7,0.7,0.0,3.0,19.5,41.0,2024-04-25,1,2024,4,3,116,0,True,0,0.8660254037844387,-0.4999999999999998,0.9111686353326631,-0.41203363695942635,6,0.0,0.0,0.0,0.0,0.0,0.0,9.5,8.8,8.4,0.0,0.6999999999999982
51,5.2,7.3,3.2,-0.3,0.8,0.8,0.0,6.0,18.7,34.6,2024-04-26,1,2024,4,4,117,0,True,0,0.8660254037844387,-0.4999999999999998,0.9039461929224011,-0.42764620926777464,6,0.0,0.0,0.0,0.7,0.0,0.0,8.7,9.5,8.8,0.0,1.4999999999999982
53,8.2,15.5,1.7,-2.6,0.6,0.6,0.0,1.0,18.5,43.2,2024-04-27,0,2024,4,5,118,1,True,0,0.8660254037844387,-0.4999999999999998,0.8964562582905575,-0.44313223418263453,6,0.0,0.0,0.0,0.8,0.7,0.0,5.2,8.7,9.5,0.0,2.0999999999999983
51,9.6,15.3,3.6,-0.9,0.2,0.2,0.0,2.0,21.3,41.4,2024-04-28,0,2024,4,6,119,1,True,0,0.8660254037844387,-0.4999999999999998,0.8887010478292915,-0.45848712914008766,6,0.0,0.0,0.0,0.6,0.8,0.7,8.2,5.2,8.7,0.0,1.5999999999999983
71,6.4,10.5,2.1,-1.5,1.6,1.5,0.07,7.0,12.5,30.6,2024-04-29,2,2024,4,0,120,0,True,0,0.8660254037844387,-0.4999999999999998,0.8806828564301475,-0.47370635037968,6,0.0,0.0,0.0,0.2,0.6,0.8,9.6,8.2,5.2,0.07,2.3999999999999986
73,2.0,5.1,0.3,-3.9,8.8,2.5,4.41,16.0,22.2,50.4,2024-04-30,5,2024,4,1,121,0,True,0,0.8660254037844387,-0.4999999999999998,0.8724040568049612,-0.48878539428899265,6,0.07,0.0,0.0,1.6,0.2,0.6,6.4,9.6,8.2,4.48,10.6
73,1.2,3.2,-0.5,-4.1,8.1,1.9,4.34,23.0,24.6,45.4,2024-05-01,3,2024,5,2,122,0,False,1,0.49999999999999994,-0.8660254037844387,0.8638670987837349,-0.503719798736334,6,4.41,0.07,0.0,8.8,1.6,0.2,2.0,6.4,9.6,8.82,18.5
73,2.9,7.0,0.2,-3.6,4.4,1.2,2.24,18.0,20.6,55.8,2024-05-02,1,2024,5,3,123,0,False,0,0.49999999999999994,-0.8660254037844387,0.8550745085896932,-0.518505144391157,6,4.34,4.41,0.07,8.1,8.8,1.6,1.2,2.0,6.4,10.99,21.299999999999997
51,6.1,12.2,0.2,-3.5,0.8,0.8,0.0,7.0,13.5,36.4,2024-05-03,2,2024,5,4,124,0,False,0,0.49999999999999994,-0.8660254037844387,0.8460288880917339,-0.533137056031809,6,2.24,4.34,4.41,4.4,8.1,8.8,2.9,1.2,2.0,6.58,13.299999999999999
3,7.2,14.5,-2.2,-6.0,0.0,0.0,0.0,0.0,15.3,31.7,2024-05-04,1,2024,5,5,125,1,False,1,0.49999999999999994,-0.8660254037844387,0.8367329140344921,-0.5476112038402312,6,0.0,2.24,4.34,0.8,4.4,8.1,6.1,2.9,1.2,2.24,5.199999999999998
51,7.1,13.5,1.2,-2.0,2.2,2.2,0.0,9.0,14.3,35.3,2024-05-05,0,2024,5,6,126,1,False,0,0.49999999999999994,-0.8660254037844387,0.8271893372462497,-0.5619233046832195,6,0.0,0.0,2.24,0.0,0.8,4.4,7.2,6.1,2.9,0.0,2.9999999999999982
63,7.9,15.9,1.1,-1.9,7.8,7.8,0.0,10.0,21.9,42.1,2024-05-06,0,2024,5,0,127,0,False,0,0.49999999999999994,-0.8660254037844387,0.8174009818249189,-0.5760691233798758,6,0.0,0.0,0.0,2.2,0.0,0.8,7.1,7.2,6.1,0.0,9.999999999999998
53,5.3,6.1,4.6,-1.9,15.2,15.2,0.0,24.0,35.0,69.8,2024-05-07,0,2024,5,1,128,0,False,0,0.49999999999999994,-0.8660254037844387,0.8073707443023492,-0.5900444739548627,6,0.0,0.0,0.0,7.8,2.2,0.0,7.9,7.1,7.2,0.0,25.199999999999996
51,8.4,13.8,4.9,0.2,0.4,0.4,0.0,3.0,22.5,43.9,2024-05-08,1,2024,5,2,129,0,False,0,0.49999999999999994,-0.8660254037844387,0.7971015927871943,-0.6038452208771035,6,0.0,0.0,0.0,15.2,7.8,2.2,5.3,7.9,7.1,0.0,23.4
3,12.1,22.2,2.2,-1.6,0.0,0.0,0.0,0.0,14.5,27.0,2024-05-09,0,2024,5,3,130,0,False,0,0.49999999999999994,-0.8660254037844387,0.7865965660866021,-0.6174672802835514,6,0.0,0.0,0.0,0.4,15.2,7.8,8.4,5.3,7.9,0.0,15.599999999999998
3,16.6,26.0,6.9,2.8,0.0,0.0,0.0,0.0,15.9,31.0,2024-05-10,0,2024,5,4,131,0,False,0,0.49999999999999994,-0.8660254037844387,0.7758587728069828,-0.6309066211876704,6,0.0,0.0,0.0,0.0,0.4,15.2,12.1,8.4,5.3,0.0,0.39999999999999825
53,16.2,22.8,7.9,3.8,1.1,1.1,0.0,2.0,15.5,27.7,2024-05-11,1,2024,5,5,132,1,False,0,0.49999999999999994,-0.8660254037844387,0.7648913904341225,-0.6441592666722685,6,0.0,0.0,0.0,0.0,0.0,0.4,16.6,12.1,8.4,0.0,1.0999999999999983
51,16.0,25.4,6.9,3.8,0.1,0.1,0.0,1.0,16.8,37.1,2024-05-12,0,2024,5,6,133,1,False,0,0.49999999999999994,-0.8660254037844387,0.753697664392914,-0.6572212950663319,6,0.0,0.0,0.0,1.1,0.0,0.0,16.2,16.6,12.1,0.0,1.1999999999999984
53,12.4,17.1,7.7,5.4,2.3,2.3,0.0,7.0,16.9,37.8,2024-05-13,0,2024,5,0,134,0,False,0,0.49999999999999994,-0.8660254037844387,0.742280907086982,-0.6700888411055113,6,0.0,0.0,0.0,0.1,1.1,0.0,16.0,16.2,16.6,0.0,3.4999999999999982
53,12.8,18.7,7.5,5.1,1.0,1.0,0.0,3.0,12.0,23.8,2024-05-14,0,2024,5,1,135,0,False,0,0.49999999999999994,-0.8660254037844387,0.7306444969184916,-0.6827580970759147,6,0.0,0.0,0.0,2.3,0.1,1.1,12.4,16.0,16.2,0.0,3.399999999999998
51,13.4,19.9,6.2,2.9,0.1,0.1,0.0,1.0,18.7,42.8,2024-05-15,0,2024,5,2,136,0,False,0,0.49999999999999994,-0.8660254037844387,0.7187918772884232,-0.6952253139408722,6,0.0,0.0,0.0,1.0,2.3,0.1,12.8,12.4,16.0,0.0,3.399999999999998
61,11.6,18.8,6.8,4.8,6.4,6.4,0.0,14.0,19.6,47.9,2024-05-16,0,2024,5,3,137,0,False,0,0.49999999999999994,-0.8660254037844387,0.7067265555776158,-0.7074868024503348,6,0.0,0.0,0.0,0.1,1.0,2.3,13.4,12.8,12.4,0.0,7.499999999999998
73,6.1,9.7,3.0,-1.4,13.7,12.6,0.77,18.0,18.7,40.7,2024-05-17,0,2024,5,4,138,0,False,0,0.49999999999999994,-0.8660254037844387,0.6944521021088763,-0.719538934232584,6,0.0,0.0,0.0,6.4,0.1,1.0,11.6,13.4,12.8,0.77,20.199999999999996
53,7.0,12.3,0.7,-3.1,0.8,0.8,0.0,1.0,12.6,26.3,2024-05-18,0,2024,5,5,139,1,False,0,0.49999999999999994,-0.8660254037844387,0.6819721490904629,-0.7313781428679254,6,0.77,0.0,0.0,13.7,6.4,0.1,6.1,11.6,13.4,0.77,20.899999999999995
51,6.4,11.1,1.5,-2.4,0.5,0.5,0.0,4.0,11.9,32.4,2024-05-19,0,2024,5,6,140,1,False,0,0.49999999999999994,-0.8660254037844387,0.6692903895412567,-0.7430009249440493,6,0.0,0.77,0.0,0.8,13.7,6.4,7.0,6.1,11.6,0.77,14.999999999999998
71,5.9,9.2,3.0,-0.2,7.1,7.0,0.07,20.0,15.0,52.2,2024-05-20,0,2024,5,0,141,0,False,0,0.49999999999999994,-0.8660254037844387,0.6564105761979381,-0.7544038410927472,6,0.0,0.0,0.77,0.5,0.8,13.7,6.4,7.0,6.1,0.07,8.399999999999999
53,9.2,14.6,2.9,-0.1,1.8,1.8,0.0,5.0,11.5,22.3,2024-05-21,0,2024,5,1,142,0,False,0,0.49999999999999994,-0.8660254037844387,0.6433365204044917,-0.765583517007675,6,0.07,0.0,0.0,7.1,0.5,0.8,5.9,6.4,7.0,0.07,9.399999999999999
55,7.3,10.4,5.3,2.1,9.4,9.4,0.0,22.0,14.5,28.4,2024-05-22,0,2024,5,2,143,0,False,0,0.49999999999999994,-0.8660254037844387,0.6300720909843687,-0.7765366444428655,6,0.0,0.07,0.0,1.8,7.1,0.5,9.2,5.9,6.4,0.07,18.299999999999997
55,7.8,10.6,5.6,3.0,3.6,3.6,0.0,13.0,13.6,32.0,2024-05-23,0,2024,5,3,144,0,False,0,0.49999999999999994,-0.8660254037844387,0.6166212130956382,-0.7872599821916922,6,0.0,0.0,0.07,9.4,1.8,7.1,7.3,9.2,5.9,0.0,14.799999999999999
61,8.6,14.3,1.9,-0.9,3.0,3.0,0.0,6.0,7.3,25.6,2024-05-24,0,2024,5,4,145,0,False,0,0.49999999999999994,-0.8660254037844387,0.6029878670694714,-0.7977503570459932,6,0.0,0.0,0.0,3.6,9.4,1.8,7.8,7.3,9.2,0.0,15.999999999999998
55,10.2,15.8,2.9,0.7,2.0,2.0,0.0,5.0,7.4,24.1,2024-05-25,0,2024,5,5,146,1,False,0,0.49999999999999994,-0.8660254037844387,0.5891760872322963,-0.8080046647350754,6,0.0,0.0,0.0,3.0,3.6,9.4,8.6,7.8,7.3,0.0,8.599999999999998
51,10.8,16.2,5.1,1.8,0.1,0.1,0.0,1.0,18.4,40.0,2024-05-26,0,2024,5,6,147,1,False,0,0.49999999999999994,-0.8660254037844387,0.5751899607119775,-0.8180198708443174,6,0.0,0.0,0.0,2.0,3.0,3.6,10.2,8.6,7.8,0.0,5.099999999999999
2,13.8,20.9,5.4,1.8,0.0,0.0,0.0,0.0,13.0,30.6,2024-05-27,0,2024,5,0,148,0,False,0,0.49999999999999994,-0.8660254037844387,0.5610336262283677,-0.8277930117131022,6,0.0,0.0,0.0,0.1,2.0,3.0,10.8,10.2,8.6,0.0,2.0999999999999983
55,15.5,22.6,7.8,5.1,1.4,1.4,0.0,3.0,20.2,46.4,2024-05-28,0,2024,5,1,149,0,False,0,0.49999999999999994,-0.8660254037844387,0.5467112728685939,-0.8373211953118121,6,0.0,0.0,0.0,0.0,0.1,2.0,13.8,10.8,10.2,0.0,1.4999999999999982
51,12.8,16.4,8.0,3.6,0.2,0.2,0.0,2.0,21.7,47.9,2024-05-29,0,2024,5,2,150,0,False,0,0.49999999999999994,-0.8660254037844387,0.5322271388474397,-0.8466016020976267,6,0.0,0.0,0.0,1.4,0.0,0.1,15.5,13.8,10.8,0.0,1.599999999999998
53,9.3,15.1,5.5,1.1,3.7,3.7,0.0,7.0,17.7,49.0,2024-05-30,0,2024,5,3,151,0,False,0,0.49999999999999994,-0.8660254037844387,0.5175855102531889,-0.8556314858488706,6,0.0,0.0,0.0,0.2,1.4,0.0,12.8,15.5,13.8,0.0,5.299999999999998
51,10.5,15.9,4.6,0.3,0.1,0.1,0.0,1.0,19.5,43.9,2024-05-31,0,2024,5,4,152,0,False,0,0.49999999999999994,-0.8660254037844387,0.5027907197793043,-0.8644081744776648,6,0.0,0.0,0.0,3.7,0.2,1.4,9.3,12.8,15.5,0.0,3.9999999999999982
51,11.9,18.9,3.2,-0.7,0.4,0.4,0.0,1.0,13.4,27.4,2024-06-01,0,2024,6,5,153,1,False,0,1.2246467991473532e-16,-1.0,0.4878471454423119,-0.8729290708206411,6,0.0,0.0,0.0,0.1,3.7,0.2,10.5,9.3,12.8,0.0,4.1999999999999975
3,13.9,20.0,6.3,3.9,0.0,0.0,0.0,0.0,11.7,25.9,2024-06-02,0,2024,6,6,154,1,False,0,1.2246467991473532e-16,-1.0,0.47275920928627757,-0.881191653407483,6,0.0,0.0,0.0,0.4,0.1,3.7,11.9,10.5,9.3,0.0,0.4999999999999978
55,13.8,19.2,9.3,6.6,2.1,2.1,0.0,7.0,15.6,40.7,2024-06-03,0,2024,6,0,155,0,False,0,1.2246467991473532e-16,-1.0,0.4575313760742512,-0.8891934772070711,6,0.0,0.0,0.0,0.0,0.4,0.1,13.9,11.9,10.5,0.0,2.499999999999998
3,13.6,19.2,8.2,3.1,0.0,0.0,0.0,0.0,27.4,61.6,2024-06-04,0,2024,6,1,156,0,False,0,1.2246467991473532e-16,-1.0,0.44216815196707204,-0.8969321743510065,6,0.0,0.0,0.0,2.1,0.0,0.4,13.8,13.9,11.9,0.0,2.099999999999998
3,13.4,19.3,6.2,1.6,0.0,0.0,0.0,0.0,20.1,45.4,2024-06-05,0,2024,6,2,157,0,False,0,1.2246467991473532e-16,-1.0,0.42667408318992467,-0.9044054548343001,6,0.0,0.0,0.0,0.0,2.1,0.0,13.6,13.8,13.9,0.0,2.099999999999998
3,14.1,21.4,4.6,1.1,0.0,0.0,0.0,0.0,16.9,42.1,2024-06-06,0,2024,6,3,158,0,False,0,1.2246467991473532e-16,-1.0,0.4110537546870351,-0.9116111071930239,6,0.0,0.0,0.0,0.0,0.0,2.1,13.4,13.6,13.8,0.0,0.0
51,13.9,20.5,7.1,3.3,0.8,0.8,0.0,6.0,15.8,41.0,2024-06-07,0,2024,6,4,159,0,False,0,1.2246467991473532e-16,-1.0,0.3953117887649151,-0.9185469991587165,6,0.0,0.0,0.0,0.0,0.0,0.0,14.1,13.4,13.6,0.0,0.7999999999999978
51,9.4,13.1,6.6,3.7,0.3,0.3,0.0,3.0,18.6,40.0,2024-06-08,0,2024,6,5,160,1,False,0,1.2246467991473532e-16,-1.0,0.37945284372454435,-0.925211078289358,6,0.0,0.0,0.0,0.8,0.0,0.0,13.9,14.1,13.4,0.0,1.0999999999999979
3,11.9,18.9,5.6,2.8,0.0,0.0,0.0,0.0,18.1,43.6,2024-06-09,0,2024,6,6,161,1,False,0,1.2246467991473532e-16,-1.0,0.36348161248290634,-0.9316013725767187,6,0.0,0.0,0.0,0.3,0.8,0.0,9.4,13.9,14.1,0.0,1.0999999999999979
61,16.2,21.5,11.3,10.1,5.7,5.7,0.0,8.0,13.8,35.3,2024-06-10,0,2024,6,0,162,0,False,0,1.2246467991473532e-16,-1.0,0.3474028211842774,-0.9377159910299093,6,0.0,0.0,0.0,0.0,0.3,0.8,11.9,9.4,13.9,0.0,5.999999999999998
51,16.7,25.1,8.1,5.1,0.1,0.1,0.0,1.0,17.3,48.2,2024-06-11,0,2024,6,1,163,0,False,0,1.2246467991473532e-16,-1.0,0.3312212278016865,-0.9435531242349544,6,0.0,0.0,0.0,5.7,0.0,0.3,16.2,11.9,9.4,0.0,5.799999999999998
51,14.4,19.7,7.7,4.5,0.3,0.3,0.0,3.0,21.0,47.5,2024-06-12,0,2024,6,2,164,0,False,0,1.2246467991473532e-16,-1.0,0.31494162072895193,-0.9491110448902284,6,0.0,0.0,0.0,0.1,5.7,0.0,16.7,16.2,11.9,0.0,6.099999999999999
3,14.6,23.0,4.4,1.4,0.0,0.0,0.0,0.0,14.8,28.4,2024-06-13,0,2024,6,3,165,0,False,0,1.2246467991473532e-16,-1.0,0.2985688173637202,-0.9543881083175908,6,0.0,0.0,0.0,0.3,0.1,5.7,14.4,16.7,16.2,0.0,0.39999999999999825
3,17.3,24.7,10.3,7.4,0.0,0.0,0.0,0.0,18.8,43.6,2024-06-14,0,2024,6,4,166,0,False,0,1.2246467991473532e-16,-1.0,0.2821076626819194,-0.9593827529490743,6,0.0,0.0,0.0,0.0,0.3,0.1,14.6,14.4,16.7,0.0,0.29999999999999827
61,10.3,15.6,6.6,3.8,10.0,10.0,0.0,13.0,13.3,30.2,2024-06-15,0,2024,6,5,167,1,False,0,1.2246467991473532e-16,-1.0,0.26556302780405594,-0.9640935007889755,6,0.0,0.0,0.0,0.0,0.0,0.3,17.3,14.6,14.4,0.0,9.999999999999998
61,8.4,11.0,6.6,2.4,6.9,6.9,0.0,15.0,25.8,49.7,2024-06-16,0,2024,6,6,168,1,False,0,1.2246467991473532e-16,-1.0,0.24893980855376657,-0.9685189578512204,6,0.0,0.0,0.0,10.0,0.0,0.0,10.3,17.3,14.6,0.0,16.9
61,7.8,12.8,3.8,0.8,6.2,6.2,0.0,12.0,15.8,31.0,2024-06-17,0,2024,6,0,169,0,False,0,1.2246467991473532e-16,-1.0,0.23224292400907015,-0.9726578145718654,6,0.0,0.0,0.0,6.9,10.0,0.0,8.4,10.3,17.3,0.0,23.099999999999998
51,7.1,10.9,3.1,-0.2,2.3,2.3,0.0,14.0,10.8,27.4,2024-06-18,0,2024,6,1,170,0,False,0,1.2246467991473532e-16,-1.0,0.21547731504673012,-0.976508846196619,6,0.0,0.0,0.0,6.2,6.9,10.0,7.8,8.4,10.3,0.0,15.399999999999999
51,9.8,15.6,1.8,-1.1,0.4,0.4,0.0,4.0,8.5,25.2,2024-06-19,0,2024,6,2,171,0,False,0,1.2246467991473532e-16,-1.0,0.19864794288017112,-0.9800709131432666,6,0.0,0.0,0.0,2.3,6.2,6.9,7.1,7.8,8.4,0.0,8.899999999999999
53,12.2,19.4,3.7,1.1,1.0,1.0,0.0,3.0,8.0,25.9,2024-06-20,0,2024,6,3,172,0,False,0,1.2246467991473532e-16,-1.0,0.18175978759137534,-0.9833429613388902,6,0.0,0.0,0.0,0.4,2.3,6.2,9.8,7.1,7.8,0.0,3.699999999999998
53,13.0,20.3,5.0,2.5,1.7,1.7,0.0,3.0,13.9,33.8,2024-06-21,0,2024,6,4,173,0,False,0,1.2246467991473532e-16,-1.0,0.16481784665719793,-0.9863240225317866,6,0.0,0.0,0.0,1.0,0.4,2.3,12.2,9.8,7.1,0.0,3.0999999999999983
3,16.6,26.0,5.9,3.2,0.0,0.0,0.0,0.0,10.9,24.1,2024-06-22,0,2024,6,5,174,1,False,0,1.2246467991473532e-16,-1.0,0.14782713347053048,-0.9890132145779883,6,0.0,0.0,0.0,1.7,1.0,0.4,13.0,12.2,9.8,0.0,2.6999999999999984
53,19.0,26.4,10.0,8.2,0.8,0.8,0.0,3.0,18.5,38.5,2024-06-23,0,2024,6,6,175,1,False,0,1.2246467991473532e-16,-1.0,0.13079267585675922,-0.9914097417023038,6,0.0,0.0,0.0,0.0,1.7,1.0,16.6,13.0,12.2,0.0,2.4999999999999982
2,16.4,21.6,9.0,6.2,0.0,0.0,0.0,0.0,16.4,38.2,2024-06-24,0,2024,6,0,176,0,False,0,1.2246467991473532e-16,-1.0,0.11371951458594969,-0.9935128947338007,6,0.0,0.0,0.0,0.8,0.0,1.7,19.0,16.6,13.0,0.0,0.7999999999999985
51,14.8,21.7,6.7,4.1,0.1,0.1,0.0,1.0,15.3,32.8,2024-06-25,0,2024,6,1,177,0,False,0,1.2246467991473532e-16,-1.0,0.0966127018812031,-0.9953220513156602,6,0.0,0.0,0.0,0.0,0.8,0.0,16.4,19.0,16.6,0.0,0.8999999999999985
53,15.8,22.4,8.8,6.3,1.4,1.4,0.0,5.0,21.3,47.5,2024-06-26,0,2024,6,2,178,0,False,0,1.2246467991473532e-16,-1.0,0.07947729992362097,-0.9968366760893436,6,0.0,0.0,0.0,0.1,0.0,0.8,14.8,16.4,19.0,0.0,1.4999999999999982
63,12.1,15.0,10.0,6.4,19.6,19.6,0.0,14.0,28.2,44.6,2024-06-27,0,2024,6,3,179,0,False,0,1.2246467991473532e-16,-1.0,0.062318379354325076,-0.998056320853012,6,0.0,0.0,0.0,1.4,0.1,0.0,15.8,14.8,16.4,0.0,21.1
63,13.5,18.0,9.5,5.5,17.4,17.4,0.0,18.0,27.8,58.3,2024-06-28,0,2024,6,4,180,0,False,0,1.2246467991473532e-16,-1.0,0.04514101777397193,-0.9989806246941579,6,0.0,0.0,0.0,19.6,1.4,0.1,12.1,15.8,14.8,0.0,38.4
51,14.8,22.1,6.1,4.1,0.2,0.2,0.0,2.0,19.7,35.6,2024-06-29,0,2024,6,5,181,1,False,0,1.2246467991473532e-16,-1.0,0.02795029824021032,-0.999609314096404,6,0.0,0.0,0.0,17.4,19.6,1.4,13.5,12.1,15.8,0.0,37.2
53,14.3,19.1,11.0,9.5,2.6,2.6,0.0,10.0,12.1,24.8,2024-06-30,0,2024,6,6,182,1,False,0,1.2246467991473532e-16,-1.0,0.01075130776352193,-0.9999422030204416,6,0.0,0.0,0.0,0.2,17.4,19.6,14.8,13.5,12.1,0.0,20.2
53,15.6,20.5,12.1,10.5,2.4,2.4,0.0,7.0,16.4,46.4,2024-07-01,0,2024,7,0,183,0,False,0,-0.4999999999999997,-0.8660254037844388,-0.00645086419810515,-0.9999791929590823,6,0.0,0.0,0.0,2.6,0.2,17.4,14.3,14.8,13.5,0.0,5.2
53,15.2,20.3,12.1,9.8,2.5,2.5,0.0,7.0,14.9,33.8,2024-07-02,0,2024,7,1,184,0,False,0,-0.4999999999999997,-0.8660254037844388,-0.023651127245231586,-0.9997202729664083,6,0.0,0.0,0.0,2.4,2.6,0.2,15.6,14.3,14.8,0.0,7.5
53,12.8,15.8,9.7,7.2,4.1,4.1,0.0,13.0,22.7,50.8,2024-07-03,0,2024,7,2,185,0,False,0,-0.4999999999999997,-0.8660254037844388,-0.04084439154329611,-0.9991655196610109,6,0.0,0.0,0.0,2.5,2.4,2.6,15.2,15.6,14.3,0.0,9.0
53,16.1,21.8,10.9,9.1,1.1,1.1,0.0,3.0,11.1,22.3,2024-07-04,1,2024,7,3,186,0,False,0,-0.4999999999999997,-0.8660254037844388,-0.05802556932878035,-0.9983150972033183,6,0.0,0.0,0.0,4.1,2.5,2.4,12.8,15.2,15.6,0.0,7.699999999999999
51,16.9,24.3,9.4,7.2,0.4,0.4,0.0,3.0,11.4,23.4,2024-07-05,0,2024,7,4,187,0,False,0,-0.4999999999999997,-0.8660254037844388,-0.07518957641475855,-0.9971692572470178,6,0.0,0.0,0.0,1.1,4.1,2.5,16.1,12.8,15.2,0.0,5.6
51,18.3,23.2,12.7,10.2,0.4,0.4,0.0,3.0,18.1,36.4,2024-07-06,0,2024,7,5,188,1,False,0,-0.4999999999999997,-0.8660254037844388,-0.09233133369539122,-0.9957283388645872,6,0.0,0.0,0.0,0.4,1.1,4.1,16.9,16.1,12.8,0.0,1.9000000000000001
1,19.1,27.4,9.5,7.8,0.0,0.0,0.0,0.0,15.5,30.2,2024-07-07,0,2024,7,6,189,1,False,0,-0.4999999999999997,-0.8660254037844388,-0.10944576864891556,-0.993992768446958,6,0.0,0.0,0.0,0.4,0.4,1.1,18.3,16.9,16.1,0.0,0.8
3,22.2,30.1,12.5,10.6,0.0,0.0,0.0,0.0,13.5,25.9,2024-07-08,0,2024,7,0,190,0,False,0,-0.4999999999999997,-0.8660254037844388,-0.12652781683868314,-0.9919630595773397,6,0.0,0.0,0.0,0.0,0.4,0.4,19.1,18.3,16.9,0.0,0.4
51,22.5,30.4,13.5,13.1,0.2,0.2,0.0,2.0,19.8,40.7,2024-07-09,0,2024,7,1,191,0,False,0,-0.4999999999999997,-0.8660254037844388,-0.1435724234118113,-0.9896398128792412,6,0.0,0.0,0.0,0.0,0.0,0.4,22.2,19.1,18.3,0.0,0.2
51,24.4,33.9,13.5,12.9,0.6,0.6,0.0,3.0,11.8,29.2,2024-07-10,0,2024,7,2,192,0,False,0,-0.4999999999999997,-0.8660254037844388,-0.16057454459499376,-0.9870237158387383,6,0.0,0.0,0.0,0.2,0.0,0.0,22.5,22.2,19.1,0.0,0.8
51,23.0,30.0,13.7,11.9,0.6,0.6,0.0,5.0,14.7,39.2,2024-07-11,0,2024,7,3,193,0,False,0,-0.4999999999999997,-0.8660254037844388,-0.17752914918703497,-0.984115542601034,6,0.0,0.0,0.0,0.6,0.2,0.0,24.4,22.5,22.2,0.0,1.4
63,19.1,24.1,13.9,12.2,6.3,6.3,0.0,4.0,21.7,43.9,2024-07-12,0,2024,7,4,194,0,False,0,-0.4999999999999997,-0.8660254037844388,-0.19443122004766195,-0.9809161537413774,6,0.0,0.0,0.0,0.6,0.6,0.2,23.0,24.4,22.5,0.0,7.5
51,19.5,28.7,10.3,9.0,0.7,0.7,0.0,3.0,14.9,28.8,2024-07-13,0,2024,7,5,195,1,False,0,-0.4999999999999997,-0.8660254037844388,-0.2112757555821793,-0.9774264960104055,6,0.0,0.0,0.0,6.3,0.6,0.6,19.1,23.0,24.4,0.0,7.6000000000000005
51,17.7,22.1,12.1,11.8,0.1,0.1,0.0,1.0,14.5,36.0,2024-07-14,0,2024,7,6,196,1,False,0,-0.4999999999999997,-0.8660254037844388,-0.2280577712215198,-0.9736476020539838,6,0.0,0.0,0.0,0.7,6.3,0.6,19.5,19.1,23.0,0.0,7.1
51,20.1,28.3,11.7,10.8,0.4,0.4,0.0,1.0,12.1,26.6,2024-07-15,0,2024,7,0,197,0,False,0,-0.4999999999999997,-0.8660254037844388,-0.24477230089725957,-0.9695805901076308,6,0.0,0.0,0.0,0.1,0.7,6.3,17.7,19.5,19.1,0.0,1.2
53,21.9,29.2,13.9,13.7,1.2,1.2,0.0,7.0,13.2,30.6,2024-07-16,0,2024,7,1,198,0,False,0,-0.4999999999999997,-0.8660254037844388,-0.2614143985111562,-0.965226663665613,6,0.0,0.0,0.0,0.4,0.1,0.7,20.1,17.7,19.5,0.0,1.7
53,22.9,32.0,13.8,14.7,1.1,1.1,0.0,3.0,15.4,27.4,2024-07-17,0,2024,7,2,199,0,False,0,-0.4999999999999997,-0.8660254037844388,-0.2779791393987801,-0.9605871111248129,6,0.0,0.0,0.0,1.2,0.4,0.1,21.9,20.1,17.7,0.0,2.7
51,22.3,30.1,14.7,15.3,0.1,0.1,0.0,1.0,15.0,32.0,2024-07-18,0,2024,7,3,200,0,False,0,-0.4999999999999997,-0.8660254037844388,-0.2944616217868012,-0.9556633054034704,6,0.0,0.0,0.0,1.1,1.2,0.4,22.9,21.9,20.1,0.0,2.4
3,22.9,32.9,13.6,13.0,0.0,0.0,0.0,0.0,12.5,31.3,2024-07-19,0,2024,7,4,201,0,False,0,-0.4999999999999997,-0.8660254037844388,-0.3108569682435036,-0.9504567035349151,6,0.0,0.0,0.0,0.1,1.1,1.2,22.3,22.9,21.9,0.0,1.2000000000000002
51,23.0,32.0,13.6,12.7,0.4,0.4,0.0,2.0,10.7,26.3,2024-07-20,0,2024,7,5,202,1,False,0,-0.4999999999999997,-0.8660254037844388,-0.3271603271220951,-0.9449688462364056,6,0.0,0.0,0.0,0.0,0.1,1.1,22.9,22.3,22.9,0.0,0.5
3,24.6,33.9,14.7,15.0,0.0,0.0,0.0,0.0,15.2,35.6,2024-07-21,0,2024,7,6,203,1,False,0,-0.4999999999999997,-0.8660254037844388,-0.34336687399638804,-0.939201357453208,6,0.0,0.0,0.0,0.4,0.0,0.1,23.0,22.9,22.3,0.0,0.4
3,24.3,32.7,15.1,14.6,0.0,0.0,0.0,0.0,19.2,45.0,2024-07-22,0,2024,7,0,204,0,False,0,-0.4999999999999997,-0.8660254037844388,-0.3594718130884232,-0.9331559438780432,6,0.0,0.0,0.0,0.0,0.4,0.0,24.6,23.0,22.9,0.0,0.4
1,25.9,35.0,16.0,15.5,0.0,0.0,0.0,0.0,15.1,31.7,2024-07-23,0,2024,7,1,205,0,False,0,-0.4999999999999997,-0.8660254037844388,-0.3754703786876202,-0.9268343944460494,6,0.0,0.0,0.0,0.0,0.0,0.4,24.3,24.6,23.0,0.0,0.0
3,24.9,34.2,17.1,18.6,0.0,0.0,0.0,0.0,19.5,39.6,2024-07-24,0,2024,7,2,206,0,False,0,-0.4999999999999997,-0.8660254037844388,-0.3913578365610259,-0.9202385798054075,6,0.0,0.0,0.0,0.0,0.0,0.0,25.9,24.3,24.6,0.0,0.0
61,18.3,22.7,12.6,8.4,3.3,3.3,0.0,6.0,21.1,53.3,2024-07-25,0,2024,7,3,207,0,False,0,-0.4999999999999997,-0.8660254037844388,-0.4071294853542516,-0.9133704517637858,6,0.0,0.0,0.0,0.0,0.0,0.0,24.9,25.9,24.3,0.0,3.3
3,17.0,23.4,10.7,7.0,0.0,0.0,0.0,0.0,23.6,45.4,2024-07-26,0,2024,7,4,208,0,False,0,-0.4999999999999997,-0.8660254037844388,-0.4227806579826773,-0.9062320427107697,6,0.0,0.0,0.0,3.3,0.0,0.0,18.3,24.9,25.9,0.0,3.3
51,15.8,23.3,9.4,6.1,0.1,0.1,0.0,1.0,15.3,33.5,2024-07-27,0,2024,7,5,209,1,False,0,-0.4999999999999997,-0.8660254037844388,-0.4383067230125192,-0.898825465016444,6,0.0,0.0,0.0,0.0,3.3,0.0,17.0,18.3,24.9,0.0,3.4
3,18.6,27.0,8.6,6.3,0.0,0.0,0.0,0.0,10.8,25.9,2024-07-28,0,2024,7,6,210,1,False,0,-0.4999999999999997,-0.8660254037844388,-0.45370308603134424,-0.8911529104063088,6,0.0,0.0,0.0,0.1,0.0,3.3,15.8,17.0,18.3,0.0,0.1
51,20.0,28.1,10.7,7.9,0.1,0.1,0.0,1.0,14.6,35.6,2024-07-29,0,2024,7,0,211,0,False,0,-0.4999999999999997,-0.8660254037844388,-0.46896519100763184,-0.8832166493127127,6,0.0,0.0,0.0,0.0,0.1,0.0,18.6,15.8,17.0,0.0,0.2
53,19.4,26.5,12.4,12.0,1.0,1.0,0.0,3.0,7.2,21.6,2024-07-30,0,2024,7,1,212,0,False,0,-0.4999999999999997,-0.8660254037844388,-0.48408852163897587,-0.8750190302029955,6,0.0,0.0,0.0,0.1,0.0,0.1,20.0,18.6,15.8,0.0,1.1
0,22.3,30.9,12.7,10.1,0.0,0.0,0.0,0.0,16.5,35.6,2024-07-31,0,2024,7,2,213,0,False,0,-0.4999999999999997,-0.8660254037844388,-0.4990686026885319,-0.8665624788845385,6,0.0,0.0,0.0,1.0,0.1,0.0,19.4,20.0,18.6,0.0,1.1
2,22.1,33.0,10.9,9.8,0.0,0.0,0.0,0.0,17.1,40.3,2024-08-01,0,2024,8,3,214,0,False,0,-0.8660254037844385,-0.5000000000000004,-0.5139010013093103,-0.8578494977869301,6,0.0,0.0,0.0,0.0,1.0,0.1,22.3,19.4,20.0,0.0,1.0
3,21.7,29.3,15.1,12.8,0.0,0.0,0.0,0.0,20.7,41.8,2024-08-02,0,2024,8,4,215,0,False,0,-0.8660254037844385,-0.5000000000000004,-0.5285813283559292,-0.8488826652214553,6,0.0,0.0,0.0,0.0,0.0,1.0,22.1,22.3,19.4,0.0,0.0
61,19.6,27.9,13.2,11.6,1.4,1.4,0.0,2.0,22.4,31.0,2024-08-03,0,2024,8,5,216,1,False,0,-0.8660254037844385,-0.5000000000000004,-0.5431052396834317,-0.8396646346181327,6,0.0,0.0,0.0,0.0,0.0,0.0,21.7,22.1,22.3,0.0,1.4
51,18.3,26.7,10.4,9.5,0.7,0.7,0.0,4.0,15.4,37.8,2024-08-04,0,2024,8,6,217,1,False,0,-0.8660254037844385,-0.5000000000000004,-0.5574684374327892,-0.8301981337405212,6,0.0,0.0,0.0,1.4,0.0,0.0,19.6,21.7,22.1,0.0,2.0999999999999996
63,17.8,24.1,12.5,11.8,6.0,6.0,0.0,6.0,12.0,29.2,2024-08-05,0,2024,8,0,218,0,False,0,-0.8660254037844385,-0.5000000000000004,-0.5716666713027052,-0.8204859638785327,6,0.0,0.0,0.0,0.7,1.4,0.0,18.3,19.6,21.7,0.0,8.1
63,14.1,16.0,12.7,12.1,6.0,6.0,0.0,9.0,16.2,33.1,2024-08-06,0,2024,8,1,219,0,False,0,-0.8660254037844385,-0.5000000000000004,-0.5856957398073508,-0.8105309990194823,6,0.0,0.0,0.0,6.0,0.7,1.4,17.8,18.3,19.6,0.0,12.7
61,13.8,17.7,11.2,10.2,10.4,10.4,0.0,22.0,9.0,23.8,2024-08-07,0,2024,8,2,220,0,False,0,-0.8660254037844385,-0.5000000000000004,-0.5995514915196489,-0.8003361849976323,6,0.0,0.0,0.0,6.0,6.0,0.7,14.1,17.8,18.3,0.0,22.4
51,14.2,21.4,5.9,4.0,0.8,0.8,0.0,6.0,12.7,30.2,2024-08-08,0,2024,8,3,221,0,False,0,-0.8660254037844385,-0.5000000000000004,-0.6132298262997502,-0.7899045386224707,6,0.0,0.0,0.0,10.4,6.0,6.0,13.8,14.1,17.8,0.0,17.2
1,15.6,23.5,6.6,4.6,0.0,0.0,0.0,0.0,15.7,38.2,2024-08-09,0,2024,8,4,222,0,False,0,-0.8660254037844385,-0.5000000000000004,-0.6267266965083301,-0.7792391467859886,6,0.0,0.0,0.0,0.8,10.4,6.0,14.2,13.8,14.1,0.0,11.200000000000001
51,16.1,24.4,7.1,5.1,0.1,0.1,0.0,1.0,15.1,37.4,2024-08-10,0,2024,8,5,223,1,False,0,-0.8660254037844385,-0.5000000000000004,-0.6400381082043503,-0.7683431655492202,6,0.0,0.0,0.0,0.0,0.8,10.4,15.6,14.2,13.8,0.0,0.9
53,17.7,26.2,9.1,7.6,1.3,1.3,0.0,2.0,11.1,31.3,2024-08-11,0,2024,8,6,224,1,False,0,-0.8660254037844385,-0.5000000000000004,-0.65316012232693,-0.7572198192083127,6,0.0,0.0,0.0,0.1,0.0,0.8,16.1,15.6,14.2,0.0,1.4
53,16.7,25.2,9.4,8.2,1.2,1.2,0.0,2.0,16.0,33.8,2024-08-12,0,2024,8,0,225,0,False,0,-0.8660254037844385,-0.5000000000000004,-0.666088855860977,-0.7458723993404063,6,0.0,0.0,0.0,1.3,0.1,0.0,17.7,16.1,15.6,0.0,2.6
51,18.0,26.9,9.7,7.4,0.1,0.1,0.0,1.0,11.0,23.0,2024-08-13,0,2024,8,1,226,0,False,0,-0.8660254037844385,-0.5000000000000004,-0.6788204829862355,-0.734304263829602,6,0.0,0.0,0.0,1.2,1.3,0.1,16.7,17.7,16.1,0.0,2.6
61,17.9,26.0,11.5,9.9,1.4,1.4,0.0,2.0,10.8,21.6,2024-08-14,0,2024,8,2,227,0,False,0,-0.8660254037844385,-0.5000000000000004,-0.6913512362094071,-0.722518835873311,6,0.0,0.0,0.0,0.1,1.2,1.3,18.0,16.7,17.7,0.0,2.7
53,18.5,25.2,12.0,11.4,1.2,1.2,0.0,3.0,16.7,40.0,2024-08-15,0,2024,8,3,228,0,False,0,-0.8660254037844385,-0.5000000000000004,-0.7036774074790128,-0.7105196029692745,6,0.0,0.0,0.0,1.4,0.1,1.2,17.9,18.0,16.7,0.0,2.7
63,15.7,18.2,13.4,13.6,10.2,10.2,0.0,18.0,11.1,38.2,2024-08-16,0,2024,8,4,229,0,False,0,-0.8660254037844385,-0.5000000000000004,-0.7157953492826642,-0.6983101158835584,6,0.0,0.0,0.0,1.2,1.4,0.1,18.5,17.9,18.0,0.0,12.799999999999999
51,16.6,23.1,10.8,9.8,0.3,0.3,0.0,3.0,9.5,22.3,2024-08-17,0,2024,8,5,230,1,False,0,-0.8660254037844385,-0.5000000000000004,-0.7277014757264236,-0.6858939875998223,6,0.0,0.0,0.0,10.2,1.2,1.4,15.7,18.5,17.9,0.0,11.7
3,18.1,26.8,10.2,9.4,0.0,0.0,0.0,0.0,16.3,33.5,2024-08-18,0,2024,8,6,231,1,False,0,-0.8660254037844385,-0.5000000000000004,-0.7393922635959241,-0.673274892250183,6,0.0,0.0,0.0,0.3,10.2,1.2,16.6,15.7,18.5,0.0,10.5
51,20.7,30.7,10.5,9.4,0.6,0.6,0.0,2.0,13.7,31.3,2024-08-19,0,2024,8,0,232,0,False,0,-0.8660254037844385,-0.5000000000000004,-0.7508642533989489,-0.6604565640279754,6,0.0,0.0,0.0,0.0,0.3,10.2,18.1,16.6,15.7,0.0,0.8999999999999999
51,18.9,27.0,11.1,9.8,0.3,0.3,0.0,1.0,16.2,38.5,2024-08-20,0,2024,8,1,233,0,False,0,-0.8660254037844385,-0.5000000000000004,-0.7621140503891487,-0.6474427960827475,6,0.0,0.0,0.0,0.6,0.0,0.3,20.7,18.1,16.6,0.0,0.8999999999999999
61,14.2,19.0,9.3,6.9,4.1,4.1,0.0,9.0,15.1,32.4,2024-08-21,0,2024,8,2,234,0,False,0,-0.8660254037844385,-0.5000000000000004,-0.7731383255706026,-0.6342374393978054,6,0.0,0.0,0.0,0.3,0.6,0.0,18.9,20.7,18.1,0.0,5.0
51,14.4,22.2,8.7,6.8,0.1,0.1,0.0,1.0,12.2,28.1,2024-08-22,0,2024,8,3,235,0,False,0,-0.8660254037844385,-0.5000000000000004,-0.7839338166829201,-0.620844401650647,6,0.0,0.0,0.0,4.1,0.3,0.6,14.2,18.9,20.7,0.0,4.5
63,17.2,26.4,8.1,6.5,5.0,5.0,0.0,3.0,17.2,36.7,2024-08-23,0,2024,8,4,236,0,False,0,-0.8660254037844385,-0.5000000000000004,-0.7944973291665992,-0.6072676460566135,6,0.0,0.0,0.0,0.1,4.1,0.3,14.4,14.2,18.9,0.0,9.2
3,15.7,21.4,11.0,7.6,0.0,0.0,0.0,0.0,28.7,59.8,2024-08-24,0,2024,8,5,237,1,False,0,-0.8660254037844385,-0.5000000000000004,-0.8048257371083452,-0.593511190196115,6,0.0,0.0,0.0,5.0,0.1,4.1,17.2,14.4,14.2,0.0,5.1000000000000005
51,16.0,23.1,8.6,5.7,0.2,0.2,0.0,2.0,15.1,30.2,2024-08-25,0,2024,8,6,238,1,False,0,-0.8660254037844385,-0.5000000000000004,-0.8149159841660791,-0.5795791048257612,6,0.0,0.0,0.0,0.0,5.0,0.1,15.7,17.2,14.4,0.0,5.200000000000001
3,16.6,25.7,6.7,4.2,0.0,0.0,0.0,0.0,10.9,27.7,2024-08-26,0,2024,8,0,239,0,False,0,-0.8660254037844385,-0.5000000000000004,-0.8247650844733614,-0.5654755126737576,6,0.0,0.0,0.0,0.2,0.0,5.0,16.0,15.7,17.2,0.0,0.2000000000000009
51,16.1,23.9,9.9,5.9,0.4,0.4,0.0,4.0,20.6,49.7,2024-08-27,0,2024,8,1,240,0,False,0,-0.8660254037844385,-0.5000000000000004,-0.8343701235229538,-0.5512045872199277,6,0.0,0.0,0.0,0.0,0.2,0.0,16.6,16.0,15.7,0.0,0.600000000000001
63,8.5,10.6,6.0,2.0,27.6,27.6,0.0,21.0,33.8,76.7,2024-08-28,0,2024,8,2,241,0,False,0,-0.8660254037844385,-0.5000000000000004,-0.8437282590292712,-0.5367705514607103,6,0.0,0.0,0.0,0.4,0.0,0.2,16.1,16.6,16.0,0.0,28.000000000000004
1,15.0,24.0,6.2,2.7,0.0,0.0,0.0,0.0,18.8,32.0,2024-08-29,0,2024,8,3,242,0,False,0,-0.8660254037844385,-0.5000000000000004,-0.8528367217694595,-0.522177676659508,6,0.0,0.0,0.0,27.6,0.4,0.0,8.5,16.1,16.6,0.0,28.000000000000004
3,17.7,26.2,8.0,5.3,0.0,0.0,0.0,0.0,14.8,33.1,2024-08-30,0,2024,8,4,243,0,False,0,-0.8660254037844385,-0.5000000000000004,-0.8616928164028522,-0.5074302810827518,6,0.0,0.0,0.0,0.0,27.6,0.4,15.0,8.5,16.1,0.0,27.600000000000005
0,16.6,25.2,8.2,6.7,0.0,0.0,0.0,0.0,15.3,37.4,2024-08-31,0,2024,8,5,244,1,False,0,-0.8660254037844385,-0.5000000000000004,-0.8702939222685674,-0.49253272872205434,6,0.0,0.0,0.0,0.0,0.0,27.6,17.7,15.0,8.5,0.0,0.0
3,19.3,30.8,8.4,6.7,0.0,0.0,0.0,0.0,10.7,19.8,2024-09-01,0,2024,9,6,245,1,False,0,-1.0,-1.8369701987210297e-16,-0.8786374941610001,-0.4774894280028391,6,0.0,0.0,0.0,0.0,0.0,0.0,16.6,17.7,15.0,0.0,0.0
3,21.6,32.0,11.8,8.8,0.0,0.0,0.0,0.0,13.1,23.4,2024-09-02,0,2024,9,0,246,0,False,0,-1.0,-1.8369701987210297e-16,-0.886721063082993,-0.46230483047981086,6,0.0,0.0,0.0,0.0,0.0,0.0,19.3,16.6,17.7,0.0,0.0
51,19.7,26.0,13.2,11.5,0.3,0.3,0.0,3.0,15.6,30.2,2024-09-03,0,2024,9,1,247,0,False,0,-1.0,-1.8369701987210297e-16,-0.8945422369764496,-0.4469834295196741,6,0.0,0.0,0.0,0.0,0.0,0.0,21.6,19.3,16.6,0.0,0.30000000000000354
3,15.1,18.4,11.6,9.8,0.0,0.0,0.0,0.0,18.2,35.3,2024-09-04,0,2024,9,2,248,0,False,0,-1.0,-1.8369701987210297e-16,-0.9020987014301837,-0.43152975897147144,6,0.0,0.0,0.0,0.3,0.0,0.0,19.7,21.6,19.3,0.0,0.30000000000000354
0,16.7,27.5,5.9,3.8,0.0,0.0,0.0,0.0,11.4,22.3,2024-09-05,0,2024,9,3,249,0,False,0,-1.0,-1.8369701987210297e-16,-0.9093882203647925,-0.4159483918249421,6,0.0,0.0,0.0,0.0,0.3,0.0,15.1,19.7,21.6,0.0,0.30000000000000354
0,19.7,32.9,7.4,4.9,0.0,0.0,0.0,0.0,11.0,21.2,2024-09-06,0,2024,9,4,250,0,False,0,-1.0,-1.8369701987210297e-16,-0.9164086366943458,-0.4002439388573056,6,0.0,0.0,0.0,0.0,0.0,0.3,16.7,15.1,19.7,0.0,0.0
1,20.4,31.5,10.7,7.3,0.0,0.0,0.0,0.0,13.3,21.2,2024-09-07,0,2024,9,5,251,1,False,0,-1.0,-1.8369701987210297e-16,-0.9231578729647039,-0.38442104726885545,6,0.0,0.0,0.0,0.0,0.0,0.0,19.7,16.7,15.1,0.0,0.0
2,19.0,30.8,8.2,5.8,0.0,0.0,0.0,0.0,9.6,22.0,2024-09-08,0,2024,9,6,252,1,False,0,-1.0,-1.8369701987210297e-16,-0.9296339319682695,-0.3684843993077793,6,0.0,0.0,0.0,0.0,0.0,0.0,20.4,19.7,16.7,0.0,0.0
53,16.8,26.5,10.4,9.6,1.3,1.3,0.0,4.0,21.6,46.4,2024-09-09,0,2024,9,0,253,0,False,0,-1.0,-1.8369701987210297e-16,-0.9358348973349941,-0.35243871088460327,6,0.0,0.0,0.0,0.0,0.0,0.0,19.0,20.4,19.7,0.0,1.3000000000000036
53,12.1,17.6,8.0,6.2,3.6,3.6,0.0,13.0,17.6,37.4,2024-09-10,0,2024,9,1,254,0,False,0,-1.0,-1.8369701987210297e-16,-0.9417589340994617,-0.33628873017668287,6,0.0,0.0,0.0,1.3,0.0,0.0,16.8,19.0,20.4,0.0,4.900000000000004
53,10.2,14.8,6.5,4.3,2.6,2.6,0.0,8.0,11.1,24.5,2024-09-11,0,2024,9,2,255,0,False,0,-1.0,-1.8369701987210297e-16,-0.9474042892438845,-0.32003923622313857,6,0.0,0.0,0.0,3.6,1.3,0.0,12.1,16.8,19.0,0.0,7.5000000000000036
63,9.8,10.4,9.1,5.4,18.4,18.4,0.0,22.0,25.1,41.0,2024-09-12,0,2024,9,3,256,0,False,0,-1.0,-1.8369701987210297e-16,-0.9527692922168511,-0.30369503751065885,6,0.0,0.0,0.0,2.6,3.6,1.3,10.2,12.1,16.8,0.0,24.6
51,13.2,19.6,9.3,6.0,1.3,1.3,0.0,6.0,21.2,41.8,2024-09-13,0,2024,9,4,257,0,False,0,-1.0,-1.8369701987210297e-16,-0.9578523554276669,-0.28726097055059635,6,0.0,0.0,0.0,18.4,2.6,3.6,9.8,10.2,12.1,0.0,22.3
51,11.4,16.9,5.9,3.7,0.3,0.3,0.0,2.0,13.3,29.9,2024-09-14,0,2024,9,5,258,1,False,0,-1.0,-1.8369701987210297e-16,-0.9626519747161487,-0.2707418984477642,6,0.0,0.0,0.0,1.3,18.4,2.6,13.2,9.8,10.2,0.0,20.000000000000004
3,10.7,18.3,4.1,1.7,0.0,0.0,0.0,0.0,10.2,23.4,2024-09-15,0,2024,9,6,259,1,False,0,-1.0,-1.8369701987210297e-16,-0.9671667297977312,-0.2541427094613622,6,0.0,0.0,0.0,0.3,1.3,18.4,11.4,13.2,9.8,0.0,1.6000000000000036
0,12.7,22.2,4.2,1.7,0.0,0.0,0.0,0.0,9.6,17.6,2024-09-16,0,2024,9,0,260,0,False,0,-1.0,-1.8369701987210297e-16,-0.97139528468375,-0.23746831555846842,6,0.0,0.0,0.0,0.0,0.3,1.3,10.7,11.4,13.2,0.0,0.30000000000000354
3,11.8,19.7,5.3,3.2,0.0,0.0,0.0,0.0,14.3,30.2,2024-09-17,0,2024,9,1,261,0,False,0,-1.0,-1.8369701987210297e-16,-0.9753363880767837,-0.2207236509605022,6,0.0,0.0,0.0,0.0,0.0,0.3,12.7,10.7,11.4,0.0,0.0
51,13.0,20.5,6.5,4.0,0.1,0.1,0.0,1.0,20.7,46.8,2024-09-18,0,2024,9,2,262,0,False,0,-1.0,-1.8369701987210297e-16,-0.9789888737409319,-0.20391367068311472,6,0.0,0.0,0.0,0.0,0.0,0.0,11.8,12.7,10.7,0.0,0.10000000000000356
53,12.5,19.5,5.8,3.9,1.6,1.6,0.0,5.0,10.3,24.5,2024-09-19,0,2024,9,3,263,0,False,0,-1.0,-1.8369701987210297e-16,-0.9823516608469237,-0.18704334906991657,6,0.0,0.0,0.0,0.1,0.0,0.0,13.0,11.8,12.7,0.0,1.7000000000000037
61,7.1,10.0,3.7,0.7,6.4,6.4,0.0,11.0,21.9,47.5,2024-09-20,0,2024,9,4,264,0,False,0,-1.0,-1.8369701987210297e-16,-0.9854237542919524,-0.17011767832049052,6,0.0,0.0,0.0,1.6,0.1,0.0,12.5,13.0,11.8,0.0,8.100000000000005
3,7.7,16.9,-0.2,-3.3,0.0,0.0,0.0,0.0,10.1,31.3,2024-09-21,0,2024,9,5,265,1,False,1,-1.0,-1.8369701987210297e-16,-0.9882042449941422,-0.15314166701312007,6,0.0,0.0,0.0,6.4,1.6,0.1,7.1,12.5,13.0,0.0,8.000000000000004
3,14.1,22.2,6.8,3.7,0.0,0.0,0.0,0.0,14.9,33.5,2024-09-22,0,2024,9,6,266,1,False,0,-1.0,-1.8369701987210297e-16,-0.9906923101615609,-0.13612033862266704,6,0.0,0.0,0.0,0.0,6.4,1.6,7.7,7.1,12.5,0.0,6.400000000000004
3,14.7,23.0,7.1,4.4,0.0,0.0,0.0,0.0,16.4,27.0,2024-09-23,0,2024,9,0,267,0,False,0,-1.0,-1.8369701987210297e-16,-0.9928872135356962,-0.11905873003404988,6,0.0,0.0,0.0,0.0,0.0,6.4,14.1,7.7,7.1,0.0,0.0
3,18.8,27.5,12.0,9.4,0.0,0.0,0.0,0.0,14.8,24.1,2024-09-24,0,2024,9,1,268,0,False,0,-1.0,-1.8369701987210297e-16,-0.994788305609327,-0.10196189005174576,6,0.0,0.0,0.0,0.0,0.0,0.0,14.7,14.1,7.7,0.0,0.0
3,20.3,29.4,13.3,11.4,0.0,0.0,0.0,0.0,21.6,45.7,2024-09-25,0,2024,9,2,269,0,False,0,-1.0,-1.8369701987210297e-16,-0.9963950238187231,-0.08483487790576538,6,0.0,0.0,0.0,0.0,0.0,0.0,18.8,14.7,14.1,0.0,0.0
53,12.9,17.6,7.1,3.9,1.2,1.2,0.0,5.0,24.6,42.5,2024-09-26,0,2024,9,3,270,0,False,0,-1.0,-1.8369701987210297e-16,-0.9977068927101168,-0.06768276175455162,6,0.0,0.0,0.0,0.0,0.0,0.0,20.3,18.8,14.7,0.0,1.2000000000000035
2,14.2,21.6,7.8,3.9,0.0,0.0,0.0,0.0,24.9,55.1,2024-09-27,0,2024,9,4,271,0,False,0,-1.0,-1.8369701987210297e-16,-0.9987235240803972,-0.050510617185222886,6,0.0,0.0,0.0,1.2,0.0,0.0,12.9,20.3,18.8,0.0,1.2000000000000035
3,10.2,17.0,3.3,-0.3,0.0,0.0,0.0,0.0,13.9,28.8,2024-09-28,0,2024,9,5,272,1,False,0,-1.0,-1.8369701987210297e-16,-0.9994446170919858,-0.033323525711631344,6,0.0,0.0,0.0,0.0,1.2,0.0,14.2,12.9,20.3,0.0,1.2000000000000035
51,8.5,15.0,4.9,0.5,1.1,1.1,0.0,5.0,24.3,50.8,2024-09-29,0,2024,9,6,273,1,False,0,-1.0,-1.8369701987210297e-16,-0.9998699583618592,-0.016126573270657762,6,0.0,0.0,0.0,0.0,0.0,1.2,10.2,14.2,12.9,0.0,1.1000000000000036
3,6.9,14.3,-0.0,-3.5,0.0,0.0,0.0,0.0,14.1,35.6,2024-09-30,0,2024,9,0,274,0,False,0,-1.0,-1.8369701987210297e-16,-0.9999994220246925,0.001075151282798226,6,0.0,0.0,0.0,1.1,0.0,0.0,8.5,10.2,14.2,0.0,1.1000000000000036
3,10.6,18.1,5.0,1.7,0.0,0.0,0.0,0.0,15.9,33.1,2024-10-01,0,2024,10,1,275,0,True,0,-0.8660254037844386,0.5000000000000001,-0.999832969770105,0.018276557681691223,6,0.0,0.0,0.0,0.0,1.1,0.0,6.9,8.5,10.2,0.0,1.1000000000000036
51,6.5,10.7,2.8,-0.6,0.8,0.8,0.0,6.0,15.6,29.9,2024-10-02,0,2024,10,2,276,0,True,0,-0.8660254037844386,0.5000000000000001,-0.9993706508539969,0.03547255575312556,6,0.0,0.0,0.0,0.0,0.0,1.1,10.6,6.9,8.5,0.0,0.8000000000000036
3,5.9,13.9,0.3,-3.4,0.0,0.0,0.0,0.0,11.1,28.1,2024-10-03,1,2024,10,3,277,0,True,0,-0.8660254037844386,0.5000000000000001,-0.9986126020839734,0.052658056924614005,6,0.0,0.0,0.0,0.8,0.0,0.0,6.5,10.6,6.9,0.0,0.8000000000000036
3,8.6,20.0,0.7,-3.0,0.0,0.0,0.0,0.0,21.5,44.3,2024-10-04,0,2024,10,4,278,0,True,0,-0.8660254037844386,0.5000000000000001,-0.9975590477788613,0.06982797572987089,6,0.0,0.0,0.0,0.0,0.8,0.0,5.9,6.5,10.6,0.0,0.8000000000000036
2,9.4,16.2,3.9,-0.1,0.0,0.0,0.0,0.0,16.9,30.2,2024-10-05,0,2024,10,5,279,1,True,0,-0.8660254037844386,0.5000000000000001,-0.9962102997023297,0.0869772313136861,6,0.0,0.0,0.0,0.0,0.0,0.8,8.6,5.9,6.5,0.0,0.0
3,11.5,19.8,5.9,2.5,0.0,0.0,0.0,0.0,9.8,20.9,2024-10-06,0,2024,10,6,280,1,True,0,-0.8660254037844386,0.5000000000000001,-0.9945667569706337,0.1041007489354256,6,0.0,0.0,0.0,0.0,0.0,0.0,9.4,8.6,5.9,0.0,0.0
2,13.2,24.6,4.4,0.7,0.0,0.0,0.0,0.0,12.1,24.8,2024-10-07,2,2024,10,0,281,0,True,0,-0.8660254037844386,0.5000000000000001,-0.9926289059345095,0.121193461470736,6,0.0,0.0,0.0,0.0,0.0,0.0,11.5,9.4,8.6,0.0,0.0
3,12.9,21.7,5.2,1.6,0.0,0.0,0.0,0.0,14.7,29.2,2024-10-08,0,2024,10,1,282,0,True,0,-0.8660254037844386,0.5000000000000001,-0.9903973200352558,0.1382503109109819,6,0.0,0.0,0.0,0.0,0.0,0.0,13.2,11.5,9.4,0.0,0.0
51,8.2,16.8,2.2,-0.1,0.1,0.1,0.0,1.0,11.7,25.2,2024-10-09,1,2024,10,2,283,0,True,0,-0.8660254037844386,0.5000000000000001,-0.9878726596350429,0.15526624985999563,6,0.0,0.0,0.0,0.0,0.0,0.0,12.9,13.2,11.5,0.0,0.10000000000000356
51,6.6,13.8,1.0,-2.2,0.1,0.1,0.0,1.0,11.1,20.2,2024-10-10,0,2024,10,3,284,0,True,0,-0.8660254037844386,0.5000000000000001,-0.9850556718215013,0.172236243027682,6,0.0,0.0,0.0,0.1,0.0,0.0,8.2,12.9,13.2,0.0,0.20000000000000356
3,4.5,13.1,-1.9,-5.2,0.0,0.0,0.0,0.0,8.9,23.0,2024-10-11,0,2024,10,4,285,0,True,1,-0.8660254037844386,0.5000000000000001,-0.981947190186646,0.18915526872004093,6,0.0,0.0,0.0,0.1,0.1,0.0,6.6,8.2,12.9,0.0,0.20000000000000356
3,4.8,13.7,-3.6,-7.2,0.0,0.0,0.0,0.0,11.7,27.0,2024-10-12,0,2024,10,5,286,1,True,1,-0.8660254037844386,0.5000000000000001,-0.9785481345802031,0.20601832032517084,6,0.0,0.0,0.0,0.0,0.1,0.1,4.5,6.6,8.2,0.0,0.10000000000000356
3,9.1,23.2,-0.6,-4.0,0.0,0.0,0.0,0.0,12.5,23.4,2024-10-13,0,2024,10,6,287,1,True,1,-0.8660254037844386,0.5000000000000001,-0.9748595108374125,0.22282040779479959,6,0.0,0.0,0.0,0.0,0.0,0.1,4.8,4.5,6.6,0.0,0.0
3,13.7,24.7,5.6,1.7,0.0,0.0,0.0,0.0,13.2,26.6,2024-10-14,0,2024,10,0,288,0,True,0,-0.8660254037844386,0.5000000000000001,-0.9708824104813836,0.23955655912092708,6,0.0,0.0,0.0,0.0,0.0,0.0,9.1,4.8,4.5,0.0,0.0
3,11.1,16.9,7.0,3.7,0.0,0.0,0.0,0.0,10.8,22.7,2024-10-15,0,2024,10,1,289,0,True,0,-0.8660254037844386,0.5000000000000001,-0.9666180104000972,0.2562218218071163,6,0.0,0.0,0.0,0.0,0.0,0.0,13.7,9.1,4.8,0.0,0.0
51,10.3,18.4,3.8,1.4,0.2,0.2,0.0,1.0,17.8,30.6,2024-10-16,1,2024,10,2,290,0,True,0,-0.8660254037844386,0.5000000000000001,-0.9620675724981452,0.27281126433401914,6,0.0,0.0,0.0,0.0,0.0,0.0,11.1,13.7,9.1,0.0,0.20000000000000356
3,4.6,10.9,-2.3,-6.1,0.0,0.0,0.0,0.0,17.6,31.7,2024-10-17,0,2024,10,3,291,0,True,1,-0.8660254037844386,0.5000000000000001,-0.957232443323312,0.28931997761869527,6,0.0,0.0,0.0,0.2,0.0,0.0,10.3,11.1,13.7,0.0,0.20000000000000356
3,3.4,10.5,-4.9,-9.0,0.0,0.0,0.0,0.0,17.4,35.3,2024-10-18,0,2024,10,4,292,0,True,1,-0.8660254037844386,0.5000000000000001,-0.9521140536681102,0.3057430764672831,6,0.0,0.0,0.0,0.0,0.2,0.0,4.6,10.3,11.1,0.0,0.20000000000000356
3,11.8,18.4,5.8,1.5,0.0,0.0,0.0,0.0,21.2,41.0,2024-10-19,0,2024,10,5,293,1,True,0,-0.8660254037844386,0.5000000000000001,-0.9467139181463862,0.3220757010206104,6,0.0,0.0,0.0,0.0,0.0,0.2,3.4,4.6,10.3,0.0,0.0
3,11.1,18.5,4.9,1.9,0.0,0.0,0.0,0.0,21.2,40.7,2024-10-20,0,2024,10,6,294,1,True,0,-0.8660254037844386,0.5000000000000001,-0.9410336347451197,0.3383130181923076,6,0.0,0.0,0.0,0.0,0.0,0.0,11.8,3.4,4.6,0.0,0.0
73,0.9,11.9,-3.6,-6.6,9.1,0.3,6.16,19.0,25.0,47.5,2024-10-21,10,2024,10,0,295,0,True,1,-0.8660254037844386,0.5000000000000001,-0.9350748843515574,0.3544502230989869,6,0.0,0.0,0.0,0.0,0.0,0.0,11.1,11.8,3.4,6.16,9.100000000000003
71,-0.6,6.3,-4.7,-8.5,0.2,0.0,0.14,1.0,14.9,29.5,2024-10-22,23,2024,10,1,296,0,True,1,-0.8660254037844386,0.5000000000000001,-0.9288394302558068,0.3704825404820963,6,6.16,0.0,0.0,9.1,0.0,0.0,0.9,11.1,11.8,6.3,9.300000000000002
1,2.9,9.6,-1.4,-6.2,0.0,0.0,0.0,0.0,16.6,29.2,2024-10-23,4,2024,10,2,297,0,True,1,-0.8660254037844386,0.5000000000000001,-0.9223291176290545,0.3864052261209853,6,0.14,6.16,0.0,0.2,9.1,0.0,-0.6,0.9,11.1,6.3,9.300000000000002
3,3.4,9.8,-1.6,-6.0,0.0,0.0,0.0,0.0,17.7,39.2,2024-10-24,2,2024,10,3,298,0,True,1,-0.8660254037844386,0.5000000000000001,-0.9155458729775467,0.40221356823680365,6,0.0,0.14,6.16,0.0,0.2,9.1,2.9,-0.6,0.9,0.14,0.20000000000000356
3,1.0,8.3,-6.6,-10.8,0.0,0.0,0.0,0.0,13.5,29.5,2024-10-25,3,2024,10,4,299,0,True,1,-0.8660254037844386,0.5000000000000001,-0.9084917035725082,0.41790288888678667,6,0.0,0.0,0.14,0.0,0.0,0.2,3.4,2.9,-0.6,0.0,0.0
3,7.8,16.5,0.7,-2.8,0.0,0.0,0.0,0.0,16.5,30.6,2024-10-26,0,2024,10,5,300,1,True,0,-0.8660254037844386,0.5000000000000001,-0.9011686968561569,0.4334685453485363,6,0.0,0.0,0.0,0.0,0.0,0.0,1.0,3.4,2.9,0.0,0.0
3,9.7,17.5,5.4,1.6,0.0,0.0,0.0,0.0,31.0,67.3,2024-10-27,0,2024,10,6,301,1,True,0,-0.8660254037844386,0.5000000000000001,-0.8935790198239952,0.4489059314938798,6,0.0,0.0,0.0,0.0,0.0,0.0,7.8,1.0,3.4,0.0,0.0
3,4.7,10.1,0.8,-2.7,0.0,0.0,0.0,0.0,11.1,30.2,2024-10-28,1,2024,10,0,302,0,True,0,-0.8660254037844386,0.5000000000000001,-0.8857249183835637,0.4642104791518923,6,0.0,0.0,0.0,0.0,0.0,0.0,9.7,7.8,1.0,0.0,0.0
73,0.9,5.1,-3.1,-6.8,0.9,0.1,0.56,5.0,11.7,28.4,2024-10-29,0,2024,10,1,303,0,True,1,-0.8660254037844386,0.5000000000000001,-0.8776087166898392,0.4793776594606945,6,0.0,0.0,0.0,0.0,0.0,0.0,4.7,9.7,7.8,0.56,0.9000000000000036
2,-0.3,9.0,-6.0,-10.2,0.0,0.0,0.0,0.0,9.3,15.8,2024-10-30,1,2024,10,2,304,0,True,1,-0.8660254037844386,0.5000000000000001,-0.8692328164574792,0.49440298420761813,6,0.56,0.0,0.0,0.9,0.0,0.0,0.9,4.7,9.7,0.56,0.9000000000000036
3,-1.9,3.7,-4.7,-9.1,0.0,0.0,0.0,0.0,12.1,27.4,2024-10-31,1,2024,10,3,305,0,True,1,-0.8660254037844386,0.5000000000000001,-0.8605996962501181,0.5092820071573356,6,0.0,0.56,0.0,0.0,0.9,0.0,-0.3,0.9,4.7,0.56,0.9000000000000036
3,-1.6,3.5,-5.0,-8.6,0.0,0.0,0.0,0.0,10.0,24.8,2024-11-01,0,2024,11,4,306,0,True,1,-0.5000000000000004,0.8660254037844384,-0.8517119107469189,0.5240103253675756,6,0.0,0.0,0.56,0.0,0.0,0.9,-1.9,-0.3,0.9,0.0,0.0
73,0.6,6.6,-3.0,-6.4,1.6,0.1,1.05,7.0,12.1,20.9,2024-11-02,0,2024,11,5,307,1,True,1,-0.5000000000000004,0.8660254037844384,-0.8425720899866032,0.5385835804920232,6,0.0,0.0,0.0,0.0,0.0,0.0,-1.6,-1.9,-0.3,1.05,1.6000000000000036
71,0.1,7.7,-4.2,-8.1,0.2,0.0,0.14,1.0,14.3,22.7,2024-11-03,0,2024,11,6,308,1,True,1,-0.5000000000000004,0.8660254037844384,-0.8331829385891785,0.5529974600700271,6,1.05,0.0,0.0,1.6,0.0,0.0,0.6,-1.6,-1.9,1.19,1.8000000000000036
73,1.0,5.4,-3.9,-8.3,0.8,0.1,0.49,4.0,14.2,23.8,2024-11-04,1,2024,11,0,309,0,True,1,-0.5000000000000004,0.8660254037844384,-0.8235472349556007,0.5672476988027229,6,0.14,1.05,0.0,0.2,1.6,0.0,0.1,0.6,-1.6,1.6800000000000002,2.6000000000000036
73,0.2,2.4,-5.4,-9.5,3.1,0.6,1.75,15.0,23.8,49.0,2024-11-05,12,2024,11,1,310,0,True,1,-0.5000000000000004,0.8660254037844384,-0.8136678304455991,0.5813300798152042,6,0.49,0.14,1.05,0.8,0.2,1.6,1.0,0.1,0.6,2.38,4.100000000000003
3,1.7,12.2,-5.6,-9.8,0.0,0.0,0.0,0.0,19.1,31.7,2024-11-06,8,2024,11,2,311,0,True,1,-0.5000000000000004,0.8660254037844384,-0.8035476485339116,0.5952404359043674,6,1.75,0.49,0.14,3.1,0.8,0.2,0.2,1.0,0.1,2.24,3.9000000000000035
3,9.8,15.9,5.9,0.7,0.0,0.0,0.0,0.0,24.9,42.8,2024-11-07,0,2024,11,3,312,0,True,0,-0.5000000000000004,0.8660254037844384,-0.7931896839451843,0.6089746507720486,6,0.0,1.75,0.49,0.0,3.1,0.8,1.7,0.2,1.0,1.7500000000000002,3.1000000000000036
3,10.1,16.4,5.7,1.1,0.0,0.0,0.0,0.0,21.6,45.7,2024-11-08,0,2024,11,4,313,0,True,0,-0.5000000000000004,0.8660254037844384,-0.7825970017677834,0.6225286602431057,6,0.0,0.0,1.75,0.0,0.0,3.1,9.8,1.7,0.2,0.0,0.0
71,4.2,8.0,0.9,-1.8,0.9,0.6,0.21,4.0,17.9,34.6,2024-11-09,0,2024,11,5,314,1,True,0,-0.5000000000000004,0.8660254037844384,-0.7717727365467836,0.6358984534680745,6,0.0,0.0,0.0,0.0,0.0,0.0,10.1,9.8,1.7,0.21000000000000021,0.9000000000000036
3,1.4,4.4,-0.7,-4.0,0.0,0.0,0.0,0.0,15.9,33.8,2024-11-10,2,2024,11,6,315,1,True,1,-0.5000000000000004,0.8660254037844384,-0.7607200913564104,0.6490800741100398,6,0.21,0.0,0.0,0.9,0.0,0.0,4.2,10.1,9.8,0.21000000000000021,0.9000000000000036
3,4.8,11.7,0.6,-3.5,0.0,0.0,0.0,0.0,19.0,31.7,2024-11-11,0,2024,11,0,316,0,True,0,-0.5000000000000004,0.8660254037844384,-0.7494423368521954,0.6620696215153815,6,0.0,0.21,0.0,0.0,0.9,0.0,1.4,4.2,10.1,0.21000000000000021,0.9000000000000036
3,3.7,10.0,-1.0,-5.7,0.0,0.0,0.0,0.0,14.2,25.9,2024-11-12,0,2024,11,1,317,0,True,1,-0.5000000000000004,0.8660254037844384,-0.7379428103031386,0.6748632518680403,6,0.0,0.0,0.21,0.0,0.0,0.9,4.8,1.4,4.2,0.0,0.0
51,2.3,7.4,-2.9,-6.9,0.1,0.1,0.0,1.0,14.2,28.1,2024-11-13,2,2024,11,2,318,0,True,1,-0.5000000000000004,0.8660254037844384,-0.7262249146041543,0.6874571793269664,6,0.0,0.0,0.0,0.0,0.0,0.0,3.7,4.8,1.4,0.0,0.10000000000000356
3,2.5,6.0,-2.0,-5.1,0.0,0.0,0.0,0.0,14.0,26.3,2024-11-14,3,2024,11,3,319,0,True,1,-0.5000000000000004,0.8660254037844384,-0.7142921172691032,0.699847677146407,6,0.0,0.0,0.0,0.1,0.0,0.0,2.3,3.7,4.8,0.0,0.10000000000000356
3,-1.6,1.8,-3.6,-7.1,0.0,0.0,0.0,0.0,11.5,24.8,2024-11-15,0,2024,11,4,320,0,True,1,-0.5000000000000004,0.8660254037844384,-0.7021479494046978,0.7120310787787131,6,0.0,0.0,0.0,0.0,0.1,0.0,2.5,2.3,3.7,0.0,0.10000000000000356
3,-0.9,5.0,-5.3,-9.5,0.0,0.0,0.0,0.0,19.0,23.8,2024-11-16,2,2024,11,5,321,1,True,1,-0.5000000000000004,0.8660254037844384,-0.6897960046655887,0.7240037789593305,6,0.0,0.0,0.0,0.0,0.0,0.1,-1.6,2.5,2.3,0.0,0.0
51,3.9,9.8,-1.1,-4.9,0.1,0.1,0.0,1.0,20.8,43.9,2024-11-17,1,2024,11,6,322,1,True,1,-0.5000000000000004,0.8660254037844384,-0.6772399381909491,0.7357622347736527,6,0.0,0.0,0.0,0.0,0.0,0.0,-0.9,-1.6,2.5,0.0,0.10000000000000356
75,-2.5,-1.3,-5.8,-9.2,12.1,0.0,8.47,22.0,13.2,29.5,2024-11-18,104,2024,11,0,323,0,True,0,-0.5000000000000004,0.8660254037844384,-0.6644834655228552,0.7473029667054296,6,0.0,0.0,0.0,0.1,0.0,0.0,3.9,-0.9,-1.6,8.47,12.200000000000003
71,-6.8,-5.1,-8.5,-12.4,0.7,0.0,0.49,7.0,8.0,16.6,2024-11-19,451,2024,11,1,324,0,True,0,-0.5000000000000004,0.8660254037844384,-0.6515303615068021,0.75862255966641,6,8.47,0.0,0.0,12.1,0.1,0.0,-2.5,3.9,-0.9,8.96,12.900000000000002
71,-9.7,-9.0,-11.0,-15.9,0.9,0.0,0.63,8.0,13.5,39.2,2024-11-20,640,2024,11,2,325,0,True,0,-0.5000000000000004,0.8660254037844384,-0.6383844591746642,0.7697176640069211,6,0.49,8.47,0.0,0.7,12.1,0.1,-6.8,-2.5,3.9,9.59,13.700000000000003
73,-11.2,-10.3,-13.0,-17.7,5.9,0.0,4.13,14.0,11.0,18.4,2024-11-21,191,2024,11,3,326,0,True,0,-0.5000000000000004,0.8660254037844384,-0.6250496486104377,0.7805849965070866,6,0.63,0.49,8.47,0.9,0.7,12.1,-9.7,-6.8,-2.5,5.25,7.5000000000000036
73,-13.9,-11.4,-18.5,-22.8,2.6,0.0,1.82,10.0,10.5,19.4,2024-11-22,160,2024,11,4,327,0,True,0,-0.5000000000000004,0.8660254037844384,-0.6115298757991053,0.7912213413483807,6,4.13,0.63,0.49,5.9,0.9,0.7,-11.2,-9.7,-6.8,6.58,9.400000000000004
75,-11.5,-10.8,-12.8,-18.7,11.8,0.0,8.26,20.0,16.6,29.2,2024-11-23,231,2024,11,5,328,1,True,0,-0.5000000000000004,0.8660254037844384,-0.5978291414589552,0.801623551065242,6,1.82,4.13,0.63,2.6,5.9,0.9,-13.9,-11.2,-9.7,14.21,20.300000000000004
3,-15.0,-12.6,-21.5,-26.3,0.0,0.0,0.0,0.0,15.6,27.7,2024-11-24,336,2024,11,6,329,1,True,0,-0.5000000000000004,0.8660254037844384,-0.5839514998576998,0.8117885474764613,6,8.26,1.82,4.13,11.8,2.6,5.9,-11.5,-13.9,-11.2,10.08,14.400000000000006
71,-17.4,-13.2,-21.6,-26.8,0.3,0.0,0.21,3.0,9.4,15.8,2024-11-25,737,2024,11,0,330,0,True,0,-0.5000000000000004,0.8660254037844384,-0.5699010576127624,0.8217133225960589,6,0.0,8.26,1.82,0.0,11.8,2.6,-15.0,-11.5,-13.9,8.47,12.100000000000005
3,-13.6,-5.6,-19.7,-24.8,0.0,0.0,0.0,0.0,14.4,31.0,2024-11-26,719,2024,11,1,331,0,True,0,-0.5000000000000004,0.8660254037844384,-0.5556819724760489,0.8313949395234058,6,0.21,0.0,8.26,0.3,0.0,11.8,-17.4,-15.0,-11.5,0.21,0.30000000000000354
71,-13.3,-9.6,-17.4,-21.8,0.4,0.0,0.28,4.0,10.2,18.0,2024-11-27,616,2024,11,2,332,0,True,0,-0.5000000000000004,0.8660254037844384,-0.5412984521036173,0.8408305333122887,6,0.0,0.21,0.0,0.0,0.3,0.0,-13.6,-17.4,-15.0,0.49,0.7000000000000035
3,-16.4,-14.5,-18.9,-23.7,0.0,0.0,0.0,0.0,7.4,14.4,2024-11-28,373,2024,11,3,333,0,True,0,-0.5000000000000004,0.8660254037844384,-0.5267547528105542,0.8500173118187018,6,0.28,0.0,0.21,0.4,0.0,0.3,-13.3,-13.6,-17.4,0.28,0.4000000000000036
3,-16.9,-15.7,-17.7,-22.5,0.0,0.0,0.0,0.0,8.6,17.3,2024-11-29,253,2024,11,4,334,0,True,0,-0.5000000000000004,0.8660254037844384,-0.5120551783114646,0.8589525565270845,6,0.0,0.28,0.0,0.0,0.4,0.0,-16.4,-13.3,-13.6,0.28,0.4000000000000036
3,-16.2,-12.9,-18.7,-23.5,0.0,0.0,0.0,0.0,13.0,23.4,2024-11-30,170,2024,11,5,335,1,True,0,-0.5000000000000004,0.8660254037844384,-0.4972040784469378,0.8676336233547726,6,0.0,0.0,0.28,0.0,0.0,0.4,-16.9,-16.4,-13.3,0.0,0.0
3,-18.7,-15.8,-22.8,-27.4,0.0,0.0,0.0,0.0,11.0,22.0,2024-12-01,179,2024,12,6,336,1,True,0,-2.4492935982947064e-16,1.0,-0.4822058478963526,0.8760579434344281,6,0.0,0.0,0.0,0.0,0.0,0.0,-16.2,-16.9,-16.4,0.0,0.0
3,-6.5,1.2,-18.2,-23.0,0.0,0.0,0.0,0.0,19.1,32.0,2024-12-02,464,2024,12,0,337,0,True,1,-2.4492935982947064e-16,1.0,-0.46706492487743034,0.8842230238742036,6,0.0,0.0,0.0,0.0,0.0,0.0,-18.7,-16.2,-16.9,0.0,0.0
3,3.6,5.8,-0.2,-4.2,0.0,0.0,0.0,0.0,24.1,40.7,2024-12-03,598,2024,12,1,338,0,True,1,-2.4492935982947064e-16,1.0,-0.451785789832884,0.8921264484954345,6,0.0,0.0,0.0,0.0,0.0,0.0,-6.5,-18.7,-16.2,0.0,0.0
71,-3.5,-0.9,-4.6,-9.0,0.2,0.1,0.07,2.0,12.0,27.0,2024-12-04,592,2024,12,2,339,0,True,0,-2.4492935982947064e-16,1.0,-0.4363729641045924,0.8997658785476209,6,0.0,0.0,0.0,0.0,0.0,0.0,3.6,-6.5,-18.7,0.07,0.20000000000000356
3,-0.0,5.5,-4.2,-8.9,0.0,0.0,0.0,0.0,16.8,28.4,2024-12-05,573,2024,12,3,340,0,True,1,-2.4492935982947064e-16,1.0,-0.42083100859565564,0.9071390534005044,6,0.07,0.0,0.0,0.2,0.0,0.0,-3.5,3.6,-6.5,0.07,0.20000000000000356
3,3.9,6.8,2.2,-2.8,0.0,0.0,0.0,0.0,18.0,33.1,2024-12-06,490,2024,12,4,341,0,True,0,-2.4492935982947064e-16,1.0,-0.4051645224207563,0.9142437912130223,6,0.0,0.07,0.0,0.0,0.2,0.0,-0.0,-3.5,3.6,0.07,0.20000000000000356
51,2.0,4.1,-0.1,-4.5,0.4,0.4,0.0,3.0,14.2,24.8,2024-12-07,250,2024,12,5,342,1,True,1,-2.4492935982947064e-16,1.0,-0.3893781415452015,0.9210779895789526,6,0.0,0.0,0.07,0.0,0.0,0.2,3.9,-0.0,-3.5,0.0,0.4000000000000036
71,0.9,2.6,-1.8,-5.7,0.4,0.0,0.28,4.0,19.6,37.4,2024-12-08,216,2024,12,6,343,1,True,1,-2.4492935982947064e-16,1.0,-0.37347653741307074,0.9276396261490467,6,0.0,0.0,0.0,0.4,0.0,0.0,2.0,3.9,-0.0,0.28,0.8000000000000036
2,-3.4,0.4,-5.6,-10.1,0.0,0.0,0.0,0.0,12.5,22.3,2024-12-09,398,2024,12,0,344,0,True,1,-2.4492935982947064e-16,1.0,-0.3574644155648614,0.9339267592294762,6,0.28,0.0,0.0,0.4,0.4,0.0,0.9,2.0,3.9,0.28,0.8000000000000036
3,-3.9,-1.6,-6.4,-10.8,0.0,0.0,0.0,0.0,11.3,19.8,2024-12-10,453,2024,12,1,345,0,True,0,-2.4492935982947064e-16,1.0,-0.34134651424503615,0.9399375283564133,6,0.0,0.28,0.0,0.0,0.4,0.4,-3.4,0.9,2.0,0.28,0.4000000000000036
3,-3.1,2.2,-6.7,-10.9,0.0,0.0,0.0,0.0,8.9,17.6,2024-12-11,466,2024,12,2,346,0,True,1,-2.4492935982947064e-16,1.0,-0.3251276029999093,0.9456701548465688,6,0.0,0.0,0.28,0.0,0.0,0.4,-3.9,-3.4,0.9,0.0,0.0
3,-5.8,-1.9,-9.3,-13.7,0.0,0.0,0.0,0.0,8.3,18.0,2024-12-12,283,2024,12,3,347,0,True,0,-2.4492935982947064e-16,1.0,-0.30881248126625377,0.9511229423235357,6,0.0,0.0,0.0,0.0,0.0,0.0,-3.1,-3.9,-3.4,0.0,0.0
3,-2.3,3.9,-6.5,-11.3,0.0,0.0,0.0,0.0,13.2,23.0,2024-12-13,277,2024,12,4,348,0,True,1,-2.4492935982947064e-16,1.0,-0.29240597695107734,0.9562942772197719,6,0.0,0.0,0.0,0.0,0.0,0.0,-5.8,-3.1,-3.9,0.0,0.0
3,0.4,4.5,-3.5,-7.9,0.0,0.0,0.0,0.0,20.9,48.2,2024-12-14,144,2024,12,5,349,1,True,1,-2.4492935982947064e-16,1.0,-0.27591294500296043,0.9611826292540837,6,0.0,0.0,0.0,0.0,0.0,0.0,-2.3,-5.8,-3.1,0.0,0.0
71,-2.2,1.3,-6.4,-10.8,0.1,0.0,0.07,1.0,11.6,22.3,2024-12-15,150,2024,12,6,350,1,True,1,-2.4492935982947064e-16,1.0,-0.2593382659754056,0.9657865518844574,6,0.0,0.0,0.0,0.0,0.0,0.0,0.4,-2.3,-5.8,0.07,0.10000000000000356
71,-7.2,-5.4,-9.9,-14.0,0.2,0.0,0.14,2.0,10.0,22.0,2024-12-16,261,2024,12,0,351,0,True,0,-2.4492935982947064e-16,1.0,-0.2426868445825954,0.9701046827361175,6,0.07,0.0,0.0,0.1,0.0,0.0,-2.2,0.4,-2.3,0.21000000000000002,0.3000000000000036
71,-13.9,-10.2,-15.4,-20.5,0.8,0.0,0.56,8.0,11.1,22.3,2024-12-17,94,2024,12,1,352,0,True,0,-2.4492935982947064e-16,1.0,-0.22596360824801906,0.974135744004672,6,0.14,0.07,0.0,0.2,0.1,0.0,-7.2,-2.2,0.4,0.77,1.1000000000000036
73,-15.1,-14.0,-16.8,-21.2,2.6,0.0,1.82,17.0,16.6,37.1,2024-12-18,118,2024,12,2,353,0,True,0,-2.4492935982947064e-16,1.0,-0.20917350564635637,0.9778785428342386,6,0.56,0.14,0.07,0.8,0.2,0.1,-13.9,-7.2,-2.2,2.52,3.6000000000000036
3,-10.3,-1.7,-16.8,-21.6,0.0,0.0,0.0,0.0,11.7,21.2,2024-12-19,99,2024,12,3,354,0,True,0,-2.4492935982947064e-16,1.0,-0.19232150523909483,0.9813319716704275,6,1.82,0.56,0.14,2.6,0.8,0.2,-15.1,-13.9,-7.2,2.38,3.400000000000004
51,-1.1,4.9,-9.2,-14.4,0.4,0.4,0.0,2.0,16.8,24.5,2024-12-20,108,2024,12,4,355,0,True,1,-2.4492935982947064e-16,1.0,-0.17541259380427843,0.9844950085880858,6,0.0,1.82,0.56,0.0,2.6,0.8,-10.3,-15.1,-13.9,1.82,3.0000000000000036
3,0.3,3.7,-3.1,-7.4,0.0,0.0,0.0,0.0,16.6,27.7,2024-12-21,87,2024,12,5,356,1,True,1,-2.4492935982947064e-16,1.0,-0.15845177496083632,0.9873667175937016,6,0.0,0.0,1.82,0.4,0.0,2.6,-1.1,-10.3,-15.1,0.0,0.4000000000000036
51,1.5,5.0,-3.2,-7.4,2.1,2.1,0.0,8.0,15.8,31.3,2024-12-22,64,2024,12,6,357,1,True,1,-2.4492935982947064e-16,1.0,-0.14144406768794202,0.9899462489023779,6,0.0,0.0,0.0,0.0,0.4,0.0,0.3,-1.1,-10.3,0.0,2.5000000000000036
3,1.4,7.0,-4.8,-9.6,0.0,0.0,0.0,0.0,20.7,37.8,2024-12-23,125,2024,12,0,358,0,True,1,-2.4492935982947064e-16,1.0,-0.12439450483979998,0.9922328391893008,6,0.0,0.0,0.0,2.1,0.0,0.4,1.5,0.3,-1.1,0.0,2.1000000000000036
3,1.9,8.4,-4.0,-8.4,0.0,0.0,0.0,0.0,18.9,36.0,2024-12-24,49,2024,12,1,359,0,True,1,-2.4492935982947064e-16,1.0,-0.10730813165636247,0.9942258118156161,6,0.0,0.0,0.0,0.0,2.1,0.0,1.4,1.5,0.3,0.0,2.1000000000000036
3,1.5,4.9,-1.0,-5.7,0.0,0.0,0.0,0.0,20.4,40.0,2024-12-25,31,2024,12,2,360,0,True,1,-2.4492935982947064e-16,1.0,-0.09019000427034513,0.9959245770286599,6,0.0,0.0,0.0,0.0,0.0,2.1,1.9,1.4,1.5,0.0,0.0
3,0.4,4.3,-2.4,-7.0,0.0,0.0,0.0,0.0,12.3,24.5,2024-12-26,66,2024,12,3,361,0,True,1,-2.4492935982947064e-16,1.0,-0.07304518821104743,0.9973286321364752,6,0.0,0.0,0.0,0.0,0.0,0.0,1.5,1.9,1.4,0.0,0.0
2,0.7,5.2,-2.8,-7.2,0.0,0.0,0.0,0.0,14.8,28.4,2024-12-27,118,2024,12,4,362,0,True,1,-2.4492935982947064e-16,1.0,-0.05587875690537313,0.9984375616565666,6,0.0,0.0,0.0,0.0,0.0,0.0,0.4,1.5,1.9,0.0,0.0
3,-2.0,2.3,-4.2,-8.7,0.0,0.0,0.0,0.0,8.5,17.3,2024-12-28,75,2024,12,5,363,1,True,1,-2.4492935982947064e-16,1.0,-0.03869579017652689,0.9992510374388481,6,0.0,0.0,0.0,0.0,0.0,0.0,0.7,0.4,1.5,0.0,0.0
3,-3.8,-0.7,-5.7,-10.1,0.0,0.0,0.0,0.0,8.1,17.3,2024-12-29,86,2024,12,6,364,1,True,0,-2.4492935982947064e-16,1.0,-0.021501372740813793,0.999768818762748,6,0.0,0.0,0.0,0.0,0.0,0.0,-2.0,0.7,0.4,0.0,0.0
71,-4.0,-2.5,-5.6,-9.5,0.5,0.0,0.35,5.0,10.8,25.6,2024-12-30,98,2024,12,0,365,0,True,0,-2.4492935982947064e-16,1.0,-0.004300592702981974,0.9999907524084426,6,0.0,0.0,0.0,0.0,0.0,0.0,-3.8,-2.0,0.7,0.35,0.5000000000000036
71,-6.8,-5.2,-9.6,-14.3,1.7,0.0,1.19,14.0,9.1,24.1,2024-12-31,46,2024,12,1,366,0,True,0,-2.4492935982947064e-16,1.0,0.012901459949419653,0.9999167727021953,6,0.35,0.0,0.0,0.5,0.0,0.0,-4.0,-3.8,-2.0,1.54,2.2000000000000037
71,-11.6,-9.4,-13.4,-18.0,1.3,0.0,0.91,13.0,8.0,17.3,2025-01-01,34,2025,1,2,1,0,True,0,0.49999999999999994,0.8660254037844387,0.017201575418260506,0.9998520419557735,7,1.19,0.35,0.0,1.7,0.5,0.0,-6.8,-4.0,-3.8,2.45,3.5000000000000036
3,-14.2,-12.8,-16.1,-21.0,0.0,0.0,0.0,0.0,8.5,19.1,2025-01-02,103,2025,1,3,2,0,True,0,0.49999999999999994,0.8660254037844387,0.03439806061360801,0.9994082116062598,7,0.91,1.19,0.35,1.3,1.7,0.5,-11.6,-6.8,-4.0,2.1,3.0000000000000036
3,-15.1,-13.3,-16.7,-22.0,0.0,0.0,0.0,0.0,15.8,32.8,2025-01-03,113,2025,1,4,3,0,True,0,0.49999999999999994,0.8660254037844387,0.051584366869408364,0.9986686402879997,7,0.0,0.91,1.19,0.0,1.3,1.7,-14.2,-11.6,-6.8,0.91,1.3000000000000036
71,-14.0,-12.9,-15.6,-20.1,1.0,0.0,0.7,10.0,13.4,27.0,2025-01-04,114,2025,1,5,4,1,True,0,0.49999999999999994,0.8660254037844387,0.06875540848113941,0.9976335468520451,7,0.0,0.0,0.91,0.0,0.0,1.3,-15.1,-14.2,-11.6,0.7,1.0000000000000036
3,-15.2,-11.4,-19.4,-23.9,0.0,0.0,0.0,0.0,5.2,11.5,2025-01-05,164,2025,1,6,5,1,True,0,0.49999999999999994,0.8660254037844387,0.08590610426133272,0.9963032375991965,7,0.7,0.0,0.0,1.0,0.0,0.0,-14.0,-15.1,-14.2,0.7,1.0000000000000036
3,-9.5,-2.6,-15.4,-20.0,0.0,0.0,0.0,0.0,10.8,19.8,2025-01-06,396,2025,1,0,6,0,True,0,0.49999999999999994,0.8660254037844387,0.10303137904317879,0.9946781061893646,7,0.0,0.7,0.0,0.0,1.0,0.0,-15.2,-14.0,-15.1,0.7,1.0000000000000036
3,-4.3,4.8,-11.1,-16.5,0.0,0.0,0.0,0.0,22.5,37.4,2025-01-07,271,2025,1,1,7,0,True,1,0.49999999999999994,0.8660254037844387,0.1201261651823505,0.9927586335250793,7,0.0,0.0,0.7,0.0,0.0,1.0,-9.5,-15.2,-14.0,0.0,0.0
51,3.8,6.3,-1.0,-5.6,0.1,0.1,0.0,1.0,29.3,53.3,2025-01-08,283,2025,1,2,8,0,True,1,0.49999999999999994,0.8660254037844387,0.13718540405660057,0.9905453876091833,7,0.0,0.0,0.0,0.0,0.0,0.0,-4.3,-9.5,-15.2,0.0,0.10000000000000356
3,-2.7,2.1,-6.4,-11.1,0.0,0.0,0.0,0.0,12.4,22.3,2025-01-09,247,2025,1,3,9,0,True,1,0.49999999999999994,0.8660254037844387,0.1542040475626894,0.988039023376751,7,0.0,0.0,0.0,0.1,0.0,0.0,3.8,-4.3,-9.5,0.0,0.10000000000000356
71,2.5,4.8,-1.3,-6.0,0.6,0.4,0.14,4.0,20.4,37.1,2025-01-10,137,2025,1,4,10,0,True,1,0.49999999999999994,0.8660254037844387,0.17117705961019986,0.985240282501282,7,0.0,0.0,0.0,0.0,0.1,0.0,-2.7,3.8,-4.3,0.14,0.7000000000000035
73,1.6,3.0,0.5,-4.9,2.0,0.2,1.26,12.0,19.9,38.2,2025-01-11,93,2025,1,5,11,1,True,0,0.49999999999999994,0.8660254037844387,0.18809941761179758,0.9821499931752291,7,0.14,0.0,0.0,0.6,0.0,0.1,2.5,-2.7,3.8,1.4,2.6000000000000036
73,-0.2,2.9,-3.9,-8.1,1.2,0.0,0.84,5.0,13.1,24.1,2025-01-12,60,2025,1,6,12,1,True,1,0.49999999999999994,0.8660254037844387,0.20496611396949532,0.9787690698649216,7,1.26,0.14,0.0,2.0,0.6,0.0,1.6,2.5,-2.7,2.24,3.8000000000000034
3,-1.1,5.9,-4.4,-9.4,0.0,0.0,0.0,0.0,13.7,25.9,2025-01-13,158,2025,1,0,13,0,True,1,0.49999999999999994,0.8660254037844387,0.22177215755648186,0.975098513039961,7,0.84,1.26,0.14,1.2,2.0,0.6,-0.2,1.6,2.5,2.1,3.2000000000000037
3,0.9,6.1,-4.2,-9.2,0.0,0.0,0.0,0.0,20.7,35.3,2025-01-14,153,2025,1,1,14,0,True,1,0.49999999999999994,0.8660254037844387,0.23851257519407648,0.9711394088771653,7,0.0,0.84,1.26,0.0,1.2,2.0,-1.1,-0.2,1.6,0.8400000000000002,1.2000000000000035
3,4.2,7.2,0.8,-2.9,0.0,0.0,0.0,0.0,20.1,36.4,2025-01-15,136,2025,1,2,15,0,True,0,0.49999999999999994,0.8660254037844387,0.2551824131233728,0.9668929289391521,7,0.0,0.0,0.84,0.0,0.0,1.2,0.9,-1.1,-0.2,0.0,0.0
71,3.6,7.6,-2.0,-8.2,0.7,0.6,0.07,2.0,28.7,57.6,2025-01-16,158,2025,1,3,16,0,True,1,0.49999999999999994,0.8660254037844387,0.2717767384711357,0.9623603298276545,7,0.0,0.0,0.0,0.0,0.0,0.0,4.2,0.9,-1.1,0.07000000000000023,0.7000000000000035
71,-7.3,-2.8,-9.3,-15.6,0.8,0.0,0.56,8.0,34.3,67.0,2025-01-17,63,2025,1,4,17,0,True,0,0.49999999999999994,0.8660254037844387,0.2882906407095177,0.9575429528116719,7,0.07,0.0,0.0,0.7,0.0,0.0,3.6,4.2,0.9,0.6300000000000003,1.5000000000000036
3,-14.8,-9.8,-17.0,-22.1,0.0,0.0,0.0,0.0,24.4,49.3,2025-01-18,32,2025,1,5,18,1,True,0,0.49999999999999994,0.8660254037844387,0.3047192331091634,0.9524422234305676,7,0.56,0.07,0.0,0.8,0.7,0.0,-7.3,3.6,4.2,0.6300000000000003,1.5000000000000036
71,-14.2,-12.2,-16.8,-21.2,0.1,0.0,0.07,1.0,17.0,37.4,2025-01-19,18,2025,1,6,19,1,True,0,0.49999999999999994,0.8660254037844387,0.321057654185271,0.9470596510722283,7,0.0,0.56,0.07,0.0,0.8,0.7,-14.8,-7.3,3.6,0.6300000000000003,0.9000000000000036
3,-12.1,-3.0,-20.6,-26.0,0.0,0.0,0.0,0.0,19.7,35.3,2025-01-20,76,2025,1,0,20,0,True,0,0.49999999999999994,0.8660254037844387,0.3373010691361842,0.9413968285264122,7,0.07,0.0,0.56,0.1,0.0,0.8,-14.2,-14.8,-7.3,0.07000000000000023,0.10000000000000356
71,-1.0,1.9,-3.1,-9.7,0.1,0.0,0.07,1.0,25.6,54.7,2025-01-21,90,2025,1,1,21,0,True,1,0.49999999999999994,0.8660254037844387,0.3534446712740877,0.9354554315134164,7,0.0,0.07,0.0,0.0,0.1,0.0,-12.1,-14.2,-14.8,0.14000000000000024,0.20000000000000356
71,-1.5,2.4,-6.9,-11.6,0.1,0.0,0.07,1.0,24.4,49.3,2025-01-22,91,2025,1,2,22,0,True,1,0.49999999999999994,0.8660254037844387,0.3694836834473831,0.9292372181882051,7,0.07,0.0,0.07,0.1,0.0,0.1,-1.0,-12.1,-14.2,0.14000000000000024,0.20000000000000356
71,-1.5,4.7,-8.7,-13.5,0.3,0.0,0.21,3.0,20.2,42.1,2025-01-23,67,2025,1,3,23,0,True,1,0.49999999999999994,0.8660254037844387,0.38541335945432564,0.9227440286201427,7,0.07,0.07,0.0,0.1,0.1,0.0,-1.5,-1.0,-12.1,0.3500000000000002,0.5000000000000036
71,-3.0,-0.6,-5.1,-10.3,0.4,0.0,0.28,3.0,33.8,68.0,2025-01-24,48,2025,1,4,24,0,True,0,0.49999999999999994,0.8660254037844387,0.4012289854475009,0.9159777842484877,7,0.21,0.07,0.07,0.3,0.1,0.1,-1.5,-1.5,-1.0,0.5600000000000003,0.8000000000000036
3,-4.4,1.3,-8.8,-14.0,0.0,0.0,0.0,0.0,14.0,26.6,2025-01-25,51,2025,1,5,25,1,True,1,0.49999999999999994,0.8660254037844387,0.4169258813287287,0.908940487313808,7,0.28,0.21,0.07,0.4,0.3,0.1,-3.0,-1.5,-1.5,0.4900000000000002,0.7000000000000035
3,-1.2,7.5,-6.9,-12.3,0.0,0.0,0.0,0.0,19.6,34.2,2025-01-26,44,2025,1,6,26,1,True,1,0.49999999999999994,0.8660254037844387,0.4324994021339788,0.901634220265486,7,0.0,0.28,0.21,0.0,0.4,0.3,-4.4,-3.0,-1.5,0.28000000000000025,0.4000000000000036
3,2.0,9.5,-3.0,-8.2,0.0,0.0,0.0,0.0,19.0,33.8,2025-01-27,106,2025,1,0,27,0,True,1,0.49999999999999994,0.8660254037844387,0.44794493940789115,0.8940611451454876,7,0.0,0.0,0.28,0.0,0.0,0.4,-1.2,-4.4,-3.0,0.0,0.0
3,3.1,10.0,-0.6,-6.0,0.0,0.0,0.0,0.0,20.2,34.9,2025-01-28,85,2025,1,1,28,0,True,1,0.49999999999999994,0.8660254037844387,0.4632579225674917,0.88622350294858,7,0.0,0.0,0.0,0.0,0.0,0.0,2.0,-1.2,-4.4,0.0,0.0
3,3.3,9.0,-1.0,-4.9,0.0,0.0,0.0,0.0,24.1,44.3,2025-01-29,62,2025,1,2,29,0,True,1,0.49999999999999994,0.8660254037844387,0.4784338202547012,0.8781236129591848,7,0.0,0.0,0.0,0.0,0.0,0.0,3.1,2.0,-1.2,0.0,0.0
3,-0.5,1.9,-3.0,-7.3,0.0,0.0,0.0,0.0,19.4,42.8,2025-01-30,71,2025,1,3,30,0,True,1,0.49999999999999994,0.8660254037844387,0.49346814167723735,0.8697638720650646,7,0.0,0.0,0.0,0.0,0.0,0.0,3.3,3.1,2.0,0.0,0.0
71,-3.4,-0.4,-5.3,-9.8,0.5,0.0,0.35,5.0,11.5,26.3,2025-01-31,54,2025,1,4,31,0,True,0,0.49999999999999994,0.8660254037844387,0.5083564379375122,0.8611467540480452,7,0.0,0.0,0.0,0.0,0.0,0.0,-0.5,3.3,3.1,0.3500000000000002,0.5000000000000036
71,-12.5,-5.3,-18.5,-23.6,0.2,0.0,0.14,2.0,19.8,42.1,2025-02-01,31,2025,2,5,32,1,True,0,0.8660254037844386,0.5000000000000001,0.5230943033491326,0.8522748088519838,7,0.35,0.0,0.0,0.5,0.0,0.0,-3.4,-0.5,3.3,0.4900000000000002,0.7000000000000035
71,-23.3,-18.7,-26.2,-31.6,1.1,0.0,0.84,10.0,15.3,28.8,2025-02-02,33,2025,2,6,33,1,True,0,0.8660254037844386,0.5000000000000001,0.5376773767406141,0.8431506618282,7,0.14,0.35,0.0,0.2,0.5,0.0,-12.5,-3.4,-0.5,1.33,1.8000000000000036
71,-24.9,-22.3,-27.8,-33.2,0.6,0.0,0.42,6.0,10.0,23.8,2025-02-03,105,2025,2,0,34,0,True,0,0.8660254037844386,0.5000000000000001,0.5521013427459208,0.8337770129585915,7,0.84,0.14,0.35,1.1,0.2,0.5,-23.3,-12.5,-3.4,1.4000000000000001,1.9000000000000035
71,-24.3,-22.9,-25.2,-30.2,1.5,0.0,1.05,12.0,11.5,20.5,2025-02-04,152,2025,2,1,35,0,True,0,0.8660254037844386,0.5000000000000001,0.5663619330814524,0.8241566360566663,7,0.42,0.84,0.14,0.6,1.1,0.2,-24.9,-23.3,-12.5,2.3100000000000005,3.2000000000000037
73,-22.9,-20.4,-25.0,-30.2,2.6,0.0,1.82,16.0,9.1,16.6,2025-02-05,263,2025,2,2,36,0,True,0,0.8660254037844386,0.5000000000000001,0.580454927809098,0.8142923779467267,7,1.05,0.42,0.84,1.5,0.6,1.1,-24.3,-24.9,-23.3,3.29,4.700000000000003
3,-18.8,-9.1,-26.9,-32.4,0.0,0.0,0.0,0.0,13.1,23.4,2025-02-06,305,2025,2,3,37,0,True,0,0.8660254037844386,0.5000000000000001,0.5943761565849831,0.804187157621448,7,1.82,1.05,0.42,2.6,1.5,0.6,-22.9,-24.3,-24.9,2.87,4.100000000000003
3,-16.6,-8.6,-22.6,-27.6,0.0,0.0,0.0,0.0,14.9,33.8,2025-02-07,303,2025,2,4,38,0,True,0,0.8660254037844386,0.5000000000000001,0.6081214998935418,0.7938439653781019,7,0.0,1.82,1.05,0.0,2.6,1.5,-18.8,-22.9,-24.3,1.8200000000000003,2.600000000000003
3,-13.8,-8.1,-17.6,-22.5,0.0,0.0,0.0,0.0,13.2,24.8,2025-02-08,224,2025,2,5,39,1,True,0,0.8660254037844386,0.5000000000000001,0.6216868902665479,0.7832658619336791,7,0.0,0.0,1.82,0.0,0.0,2.6,-16.6,-18.8,-22.9,0.0,0.0
71,-15.0,-13.2,-18.7,-23.6,0.8,0.0,0.56,8.0,13.6,30.2,2025-02-09,72,2025,2,6,40,1,True,0,0.8660254037844386,0.5000000000000001,0.6350683134867438,0.7724559775191742,7,0.0,0.0,0.0,0.0,0.0,0.0,-13.8,-16.6,-18.8,0.5600000000000003,0.8000000000000032
71,-20.2,-14.1,-26.5,-32.0,0.1,0.0,0.07,1.0,15.9,29.9,2025-02-10,119,2025,2,0,41,0,True,0,0.8660254037844386,0.5000000000000001,0.6482618097757122,0.7614175109532997,7,0.56,0.0,0.0,0.8,0.0,0.0,-15.0,-13.8,-16.6,0.6300000000000003,0.9000000000000031
71,-16.7,-12.1,-22.3,-28.0,0.7,0.0,0.49,7.0,17.7,40.7,2025-02-11,84,2025,2,1,42,0,True,0,0.8660254037844386,0.5000000000000001,0.6612634749656386,0.7501537286959042,7,0.07,0.56,0.0,0.1,0.8,0.0,-20.2,-15.0,-13.8,1.1200000000000003,1.6000000000000032
3,-15.5,-6.9,-23.1,-28.4,0.0,0.0,0.0,0.0,13.0,21.6,2025-02-12,120,2025,2,2,43,0,True,0,0.8660254037844386,0.5000000000000001,0.6740694616546161,0.7386679638813748,7,0.49,0.07,0.56,0.7,0.1,0.8,-16.7,-20.2,-15.0,0.5600000000000003,0.800000000000003
71,-12.6,-10.9,-15.1,-20.4,0.7,0.0,0.49,7.0,12.4,28.4,2025-02-13,82,2025,2,3,44,0,True,0,0.8660254037844386,0.5000000000000001,0.6866759803451553,0.726963615332308,7,0.0,0.49,0.07,0.0,0.7,0.1,-15.5,-16.7,-20.2,0.9800000000000002,1.400000000000003
71,-18.2,-15.6,-20.0,-24.7,2.0,0.0,1.4,16.0,10.1,20.5,2025-02-14,50,2025,2,4,45,0,True,0,0.8660254037844386,0.5000000000000001,0.6990793005655562,0.7150441465537444,7,0.49,0.0,0.49,0.7,0.0,0.7,-12.6,-15.5,-16.7,1.8900000000000001,2.700000000000003
3,-20.6,-15.7,-25.3,-29.7,0.0,0.0,0.0,0.0,6.4,15.1,2025-02-15,55,2025,2,5,46,1,True,0,0.8660254037844386,0.5000000000000001,0.7112757519738152,0.7029130847082615,7,1.4,0.49,0.0,2.0,0.7,0.0,-18.2,-12.6,-15.5,1.8900000000000001,2.700000000000003
3,-20.0,-15.0,-23.8,-29.0,0.0,0.0,0.0,0.0,13.5,27.0,2025-02-16,114,2025,2,6,47,1,True,0,0.8660254037844386,0.5000000000000001,0.7232617254437388,0.6905740195722293,7,0.0,1.4,0.49,0.0,2.0,0.7,-20.6,-18.2,-12.6,1.4000000000000001,2.0000000000000027
3,-21.5,-16.9,-24.3,-30.0,0.0,0.0,0.0,0.0,16.7,36.0,2025-02-17,89,2025,2,0,48,0,True,0,0.8660254037844386,0.5000000000000001,0.7350336741329413,0.6780306024735382,7,0.0,0.0,1.4,0.0,0.0,2.0,-20.0,-20.6,-18.2,0.0,0.0
71,-22.0,-17.5,-25.3,-31.4,0.4,0.0,0.28,4.0,14.8,29.5,2025-02-18,111,2025,2,1,49,0,True,0,0.8660254037844386,0.5000000000000001,0.746588114532413,0.6652865452111116,7,0.0,0.0,0.0,0.0,0.0,0.0,-21.5,-20.0,-20.6,0.28000000000000025,0.40000000000000313
3,-19.8,-11.4,-26.0,-31.7,0.0,0.0,0.0,0.0,13.3,25.6,2025-02-19,154,2025,2,2,50,0,True,0,0.8660254037844386,0.5000000000000001,0.7579216274973472,0.6523456189565257,7,0.28,0.0,0.0,0.4,0.0,0.0,-22.0,-21.5,-20.0,0.28000000000000025,0.40000000000000313
3,-3.6,5.7,-16.7,-21.5,0.0,0.0,0.0,0.0,12.8,26.3,2025-02-20,251,2025,2,3,51,0,True,1,0.8660254037844386,0.5000000000000001,0.7690308592589181,0.6392116531380588,7,0.0,0.28,0.0,0.0,0.4,0.0,-19.8,-22.0,-21.5,0.28000000000000025,0.40000000000000313
3,1.5,7.7,-3.1,-8.3,0.0,0.0,0.0,0.0,16.4,27.0,2025-02-21,353,2025,2,4,52,0,True,1,0.8660254037844386,0.5000000000000001,0.7799125224167177,0.6258885343075018,7,0.0,0.0,0.28,0.0,0.0,0.4,-3.6,-19.8,-22.0,0.0,0.0
3,3.2,10.3,-3.1,-7.7,0.0,0.0,0.0,0.0,15.3,28.8,2025-02-22,144,2025,2,5,53,1,True,1,0.8660254037844386,0.5000000000000001,0.7905633969115482,0.612380204990065,7,0.0,0.0,0.0,0.0,0.0,0.0,1.5,-3.6,-19.8,0.0,0.0
3,6.1,9.5,-0.1,-4.3,0.0,0.0,0.0,0.0,32.6,64.4,2025-02-23,91,2025,2,6,54,1,True,1,0.8660254037844386,0.5000000000000001,0.8009803309782905,0.5986906625177214,7,0.0,0.0,0.0,0.0,0.0,0.0,3.2,1.5,-3.6,0.0,0.0
3,4.0,10.2,-0.2,-4.4,0.0,0.0,0.0,0.0,17.9,38.9,2025-02-24,182,2025,2,0,55,0,True,1,0.8660254037844386,0.5000000000000001,0.8111602420785621,0.5848239578463322,7,0.0,0.0,0.0,0.0,0.0,0.0,6.1,3.2,1.5,0.0,0.0
71,4.6,10.5,1.2,-2.5,0.1,0.0,0.07,1.0,15.2,33.1,2025-02-25,115,2025,2,1,56,0,True,0,0.8660254037844386,0.5000000000000001,0.8211001178128892,0.5707841943569036,7,0.0,0.0,0.0,0.0,0.0,0.0,4.0,6.1,3.2,0.07000000000000023,0.10000000000000311
3,4.8,12.2,-0.6,-5.3,0.0,0.0,0.0,0.0,15.5,28.4,2025-02-26,100,2025,2,2,57,0,True,1,0.8660254037844386,0.5000000000000001,0.8307970168121247,0.5565755266413303,7,0.07,0.0,0.0,0.1,0.0,0.0,4.6,4.0,6.1,0.07000000000000023,0.10000000000000311
3,7.4,14.0,2.1,-2.4,0.0,0.0,0.0,0.0,24.6,48.2,2025-02-27,59,2025,2,3,58,0,True,0,0.8660254037844386,0.5000000000000001,0.8402480696078469,0.5422021592729844,7,0.0,0.07,0.0,0.0,0.1,0.0,4.8,4.6,4.0,0.07000000000000023,0.10000000000000311
3,4.4,11.7,-1.7,-5.3,0.0,0.0,0.0,0.0,9.7,20.9,2025-02-28,37,2025,2,4,59,0,True,1,0.8660254037844386,0.5000000000000001,0.8494504794814806,0.527668345562516,7,0.0,0.0,0.07,0.0,0.0,0.1,7.4,4.8,4.6,0.0,0.0
3,5.4,14.0,-0.6,-4.3,0.0,0.0,0.0,0.0,9.6,16.9,2025-03-01,23,2025,3,5,60,1,True,1,1.0,6.123233995736766e-17,0.8584015232918917,0.512978386299228,7,0.0,0.0,0.0,0.0,0.0,0.0,4.4,7.4,4.8,0.0,0.0
3,4.3,13.0,-1.3,-5.4,0.0,0.0,0.0,0.0,13.5,25.9,2025-03-02,11,2025,3,6,61,1,True,1,1.0,6.123233995736766e-17,0.8670985522812081,0.4981366284784055,7,0.0,0.0,0.0,0.0,0.0,0.0,5.4,4.4,7.4,0.0,0.0
73,0.6,1.5,-1.7,-5.3,4.5,0.2,3.01,16.0,12.8,28.1,2025-03-03,27,2025,3,0,62,0,True,1,1.0,6.123233995736766e-17,0.8755389928586302,0.4831474640149687,7,0.0,0.0,0.0,0.0,0.0,0.0,4.3,5.4,4.4,3.01,4.5000000000000036
3,-0.8,6.5,-6.8,-11.0,0.0,0.0,0.0,0.0,14.5,34.9,2025-03-04,62,2025,3,1,63,0,True,1,1.0,6.123233995736766e-17,0.8837203473619977,0.4680153284438345,7,3.01,0.0,0.0,4.5,0.0,0.0,0.6,4.3,5.4,3.01,4.5000000000000036
3,0.9,4.5,-2.0,-5.7,0.0,0.0,0.0,0.0,10.8,19.4,2025-03-05,49,2025,3,2,64,0,True,1,1.0,6.123233995736766e-17,0.8916401947968874,0.45274469960737107,7,0.0,3.01,0.0,0.0,4.5,0.0,-0.8,0.6,4.3,3.01,4.5000000000000036
3,-1.5,6.6,-8.7,-13.2,0.0,0.0,0.0,0.0,10.4,18.0,2025-03-06,42,2025,3,3,65,0,True,1,1.0,6.123233995736766e-17,0.8992961915530253,0.4373400963303323,7,0.0,0.0,3.01,0.0,0.0,4.5,0.9,-0.8,0.6,0.0,0.0
3,2.1,10.5,-3.9,-8.6,0.0,0.0,0.0,0.0,15.7,25.6,2025-03-07,26,2025,3,4,66,0,True,1,1.0,6.123233995736766e-17,0.9066860720977985,0.4218060770826634,7,0.0,0.0,0.0,0.0,0.0,0.0,-1.5,0.9,-0.8,0.0,0.0
3,6.7,12.5,3.0,-1.8,0.0,0.0,0.0,0.0,17.5,30.2,2025-03-08,11,2025,3,5,67,1,True,0,1.0,6.123233995736766e-17,0.9138076496466615,0.4061472386305789,7,0.0,0.0,0.0,0.0,0.0,0.0,2.1,-1.5,0.9,0.0,0.0
3,6.3,11.3,1.2,-3.1,0.0,0.0,0.0,0.0,33.8,70.6,2025-03-09,6,2025,3,6,68,1,True,0,1.0,6.123233995736766e-17,0.9206588168102428,0.3903682146763026,7,0.0,0.0,0.0,0.0,0.0,0.0,6.7,2.1,-1.5,0.0,0.0
75,-0.7,2.9,-3.6,-8.2,4.6,0.2,3.08,10.0,19.5,41.4,2025-03-10,36,2025,3,0,69,0,True,1,1.0,6.123233995736766e-17,0.9272375462179537,0.374473674486883,7,0.0,0.0,0.0,0.0,0.0,0.0,6.3,6.7,2.1,3.08,4.600000000000003
3,0.3,5.7,-4.9,-9.2,0.0,0.0,0.0,0.0,13.1,25.6,2025-03-11,55,2025,3,1,70,0,True,1,1.0,6.123233995736766e-17,0.9335418911179212,0.35846832151248087,7,3.08,0.0,0.0,4.6,0.0,0.0,-0.7,6.3,6.7,3.08,4.600000000000003
3,-0.1,4.9,-3.2,-7.6,0.0,0.0,0.0,0.0,13.5,29.9,2025-03-12,22,2025,3,2,71,0,True,1,1.0,6.123233995736766e-17,0.9395699859530622,0.342356891994542,7,0.0,3.08,0.0,0.0,4.6,0.0,0.3,-0.7,6.3,3.08,4.600000000000003
73,-2.1,2.3,-6.9,-12.1,0.9,0.1,0.56,5.0,22.2,53.6,2025-03-13,10,2025,3,3,72,0,True,1,1.0,6.123233995736766e-17,0.945320046913132,0.3261441535642696,7,0.0,0.0,3.08,0.0,0.0,4.6,-0.1,0.3,-0.7,0.56,0.9000000000000036
71,-7.2,-3.3,-9.8,-14.4,0.7,0.0,0.49,7.0,10.4,28.8,2025-03-14,12,2025,3,4,73,0,True,0,1.0,6.123233995736766e-17,0.9507903724625832,0.3098349038318025,7,0.56,0.0,0.0,0.9,0.0,0.0,-2.1,-0.1,0.3,1.05,1.6000000000000036
71,-8.1,-5.5,-10.0,-15.0,0.2,0.0,0.14,2.0,11.1,28.4,2025-03-15,1,2025,3,5,74,1,True,0,1.0,6.123233995736766e-17,0.9559793438440766,0.2934339689665273,7,0.49,0.56,0.0,0.7,0.9,0.0,-7.2,-2.1,-0.1,1.19,1.8000000000000036
71,-6.9,-4.2,-8.7,-13.4,0.6,0.0,0.42,6.0,10.8,25.9,2025-03-16,23,2025,3,6,75,1,True,0,1.0,6.123233995736766e-17,0.9608854255574977,0.27694620226893646,7,0.14,0.49,0.56,0.2,0.7,0.9,-8.1,-7.2,-2.1,1.05,1.5000000000000036
51,-1.8,5.8,-8.0,-12.5,0.1,0.1,0.0,1.0,11.9,27.4,2025-03-17,20,2025,3,0,76,0,True,1,1.0,6.123233995736766e-17,0.9655071658143364,0.2603764827344581,7,0.42,0.14,0.49,0.6,0.2,0.7,-6.9,-8.1,-7.2,0.56,0.9000000000000035
71,-1.8,2.8,-4.8,-9.7,0.5,0.0,0.35,5.0,15.8,31.0,2025-03-18,13,2025,3,1,77,0,True,1,1.0,6.123233995736766e-17,0.969843196967294,0.24372971360968387,7,0.0,0.42,0.14,0.1,0.6,0.2,-1.8,-6.9,-8.1,0.77,1.2000000000000035
3,-0.6,6.6,-7.8,-12.3,0.0,0.0,0.0,0.0,11.9,24.8,2025-03-19,9,2025,3,2,78,0,True,1,1.0,6.123233995736766e-17,0.9738922359149924,0.22701082094141847,7,0.35,0.0,0.42,0.5,0.1,0.6,-1.8,-1.8,-6.9,0.35,0.6000000000000034
3,2.5,8.9,-4.0,-8.4,0.0,0.0,0.0,0.0,14.7,40.0,2025-03-20,6,2025,3,3,79,0,True,1,1.0,6.123233995736766e-17,0.9776530844816641,0.2102247521189836,7,0.0,0.35,0.0,0.0,0.5,0.1,-0.6,-1.8,-1.8,0.35,0.5000000000000034
51,3.0,9.7,-2.0,-6.0,0.2,0.2,0.0,2.0,22.6,50.8,2025-03-21,2,2025,3,4,80,0,True,1,1.0,6.123233995736766e-17,0.981124629771712,0.19337647441020586,7,0.0,0.0,0.35,0.0,0.0,0.5,2.5,-0.6,-1.8,0.0,0.20000000000000345
3,2.0,7.4,-3.0,-7.6,0.0,0.0,0.0,0.0,14.2,31.7,2025-03-22,1,2025,3,5,81,1,True,1,1.0,6.123233995736766e-17,0.984305844499033,0.17647097349152166,7,0.0,0.0,0.0,0.2,0.0,0.0,3.0,2.5,-0.6,0.0,0.20000000000000345
3,3.2,9.4,-2.8,-7.0,0.0,0.0,0.0,0.0,9.7,24.8,2025-03-23,0,2025,3,6,82,1,True,1,1.0,6.123233995736766e-17,0.9871957872910085,0.15951325197263655,7,0.0,0.0,0.0,0.0,0.2,0.0,2.0,3.0,2.5,0.0,0.20000000000000345
51,6.0,13.7,0.5,-3.4,0.4,0.4,0.0,4.0,13.1,34.2,2025-03-24,2,2025,3,0,83,0,True,0,1.0,6.123233995736766e-17,0.9897936029670716,0.14250832791617088,7,0.0,0.0,0.0,0.0,0.0,0.2,3.2,2.0,3.0,0.0,0.40000000000000346
3,5.0,12.3,-2.5,-6.3,0.0,0.0,0.0,0.0,10.4,28.4,2025-03-25,1,2025,3,1,84,0,True,1,1.0,6.123233995736766e-17,0.992098522791769,0.12546123335273648,7,0.0,0.0,0.0,0.4,0.0,0.0,6.0,3.2,2.0,0.0,0.40000000000000346
53,4.5,9.4,0.8,-2.1,0.6,0.6,0.0,2.0,15.3,33.1,2025-03-26,1,2025,3,2,85,0,True,0,1.0,6.123233995736766e-17,0.9941098647022418,0.10837701279187609,7,0.0,0.0,0.0,0.0,0.4,0.0,5.0,6.0,3.2,0.0,1.0000000000000036
71,0.7,3.1,-2.9,-7.6,1.5,0.9,0.42,11.0,17.3,34.2,2025-03-27,2,2025,3,3,86,0,True,1,1.0,6.123233995736766e-17,0.9958270335100595,0.09126072172931188,7,0.0,0.0,0.0,0.6,0.0,0.4,4.5,5.0,6.0,0.42,2.1000000000000036
71,-3.9,-2.6,-5.3,-9.7,0.3,0.0,0.21,3.0,12.5,24.1,2025-03-28,2,2025,3,4,87,0,True,0,1.0,6.123233995736766e-17,0.9972495210773451,0.07411742515094437,7,0.42,0.0,0.0,1.5,0.6,0.0,0.7,4.5,5.0,0.63,2.4000000000000035
73,-4.1,-2.7,-5.2,-9.0,4.9,0.0,3.43,22.0,8.5,24.8,2025-03-29,41,2025,3,5,88,1,True,0,1.0,6.123233995736766e-17,0.998376906467142,0.056952196034039754,7,0.21,0.42,0.0,0.3,1.5,0.6,-3.9,0.7,4.5,4.0600000000000005,6.700000000000004
3,-2.7,2.0,-6.2,-10.5,0.0,0.0,0.0,0.0,12.9,30.6,2025-03-30,111,2025,3,6,89,1,True,1,1.0,6.123233995736766e-17,0.9992088560679753,0.03977011384605572,7,3.43,0.21,0.42,4.9,0.3,1.5,-4.1,-3.9,0.7,3.64,5.200000000000004
3,0.8,4.5,-1.8,-5.9,0.0,0.0,0.0,0.0,15.5,36.7,2025-03-31,147,2025,3,0,90,0,True,1,1.0,6.123233995736766e-17,0.9997451236925734,0.022576263041545485,7,0.0,3.43,0.21,0.0,4.9,0.3,-2.7,-4.1,-3.9,3.43,4.900000000000004
73,2.6,9.3,-1.9,-5.2,6.0,3.4,1.82,6.0,15.4,23.4,2025-04-01,50,2025,4,1,91,0,True,1,0.8660254037844387,-0.4999999999999998,0.9999855506507186,0.005375731557583884,7,0.0,0.0,3.43,0.0,0.0,4.9,0.8,-2.7,-4.1,1.82,6.0000000000000036
75,-1.7,0.6,-3.3,-7.3,4.4,0.0,3.08,16.0,17.6,34.2,2025-04-02,71,2025,4,2,92,0,True,1,0.8660254037844387,-0.4999999999999998,0.9999300657962057,-0.011826390691832589,7,1.82,0.0,0.0,6.0,0.0,0.0,2.6,0.8,-2.7,4.9,10.400000000000004
73,-2.4,1.2,-8.5,-13.2,1.4,0.0,0.98,6.0,16.1,28.1,2025-04-03,62,2025,4,3,93,0,True,1,0.8660254037844387,-0.4999999999999998,0.9995786855478958,-0.029025013321975237,7,3.08,1.82,0.0,4.4,6.0,0.0,-1.7,2.6,0.8,5.880000000000001,11.800000000000004
2,-2.8,8.9,-15.4,-20.5,0.0,0.0,0.0,0.0,9.6,15.8,2025-04-04,28,2025,4,4,94,0,True,1,0.8660254037844387,-0.4999999999999998,0.9989315138848577,-0.046215046983708354,7,0.98,3.08,1.82,1.4,4.4,6.0,-2.4,-1.7,2.6,4.0600000000000005,5.800000000000004
0,5.5,17.4,-3.4,-8.0,0.0,0.0,0.0,0.0,12.8,23.8,2025-04-05,12,2025,4,5,95,1,True,1,0.8660254037844387,-0.4999999999999998,0.9979887423155984,-0.06339140486951038,7,0.0,0.98,3.08,0.0,1.4,4.4,-2.8,-2.4,-1.7,0.98,1.4000000000000035
0,9.9,20.0,1.2,-3.1,0.0,0.0,0.0,0.0,12.6,25.6,2025-04-06,5,2025,4,6,96,1,True,0,0.8660254037844387,-0.4999999999999998,0.9967506498213929,-0.08054900421874167,7,0.0,0.0,0.98,0.0,0.0,1.4,5.5,-2.8,-2.4,0.0,0.0
3,10.1,18.5,2.8,-0.9,0.0,0.0,0.0,0.0,17.5,39.6,2025-04-07,2,2025,4,0,97,0,True,0,0.8660254037844387,-0.4999999999999998,0.9952176027737294,-0.09768276782171598,7,0.0,0.0,0.0,0.0,0.0,0.0,9.9,5.5,-2.8,0.0,0.0
51,6.9,12.6,1.4,-2.3,0.3,0.3,0.0,3.0,24.1,52.2,2025-04-08,1,2025,4,1,98,0,True,0,0.8660254037844387,-0.4999999999999998,0.9933900548258936,-0.11478762552212701,7,0.0,0.0,0.0,0.0,0.0,0.0,10.1,9.9,5.5,0.0,0.30000000000000354
3,7.0,13.5,0.5,-3.7,0.0,0.0,0.0,0.0,15.0,36.7,2025-04-09,2,2025,4,2,99,0,True,0,0.8660254037844387,-0.4999999999999998,0.9912685467787256,-0.13185851571739118,7,0.0,0.0,0.0,0.3,0.0,0.0,6.9,10.1,9.9,0.0,0.30000000000000354
3,9.1,17.6,-0.4,-4.5,0.0,0.0,0.0,0.0,17.3,36.4,2025-04-10,0,2025,4,3,100,0,True,1,0.8660254037844387,-0.4999999999999998,0.9888537064205885,-0.1488903868564548,7,0.0,0.0,0.0,0.0,0.3,0.0,7.0,6.9,10.1,0.0,0.30000000000000354
0,11.4,16.8,5.9,1.0,0.0,0.0,0.0,0.0,18.5,43.6,2025-04-11,5,2025,4,4,101,0,True,0,0.8660254037844387,-0.4999999999999998,0.986146248341595,-0.16587819893463143,7,0.0,0.0,0.0,0.0,0.0,0.3,9.1,7.0,6.9,0.0,0.0
71,3.2,7.9,-1.4,-5.4,3.6,3.0,0.42,13.0,25.1,48.6,2025-04-12,0,2025,4,5,102,1,True,1,0.8660254037844387,-0.4999999999999998,0.9831469737221499,-0.1828169249850199,7,0.0,0.0,0.0,0.0,0.0,0.0,11.4,9.1,7.0,0.42,3.6000000000000036
3,3.6,10.0,-2.4,-7.4,0.0,0.0,0.0,0.0,19.9,39.2,2025-04-13,0,2025,4,6,103,1,True,1,0.8660254037844387,-0.4999999999999998,0.9798567700958665,-0.1997015525660636,7,0.42,0.0,0.0,3.6,0.0,0.0,3.2,11.4,9.1,0.42,3.6000000000000036
3,7.0,16.4,-2.9,-6.8,0.0,0.0,0.0,0.0,11.1,32.4,2025-04-14,0,2025,4,0,104,0,True,1,0.8660254037844387,-0.4999999999999998,0.9762766110869321,-0.21652708524481437,7,0.0,0.42,0.0,0.0,3.6,0.0,3.6,3.2,11.4,0.42,3.6000000000000036
51,11.1,18.4,4.5,0.9,0.4,0.4,0.0,3.0,19.6,40.3,2025-04-15,1,2025,4,1,105,0,True,0,0.8660254037844387,-0.4999999999999998,0.9724075561219968,-0.23328854407545518,7,0.0,0.0,0.42,0.0,0.0,3.6,7.0,3.6,3.2,0.0,0.4000000000000036
71,3.4,6.4,0.3,-4.4,1.8,1.4,0.28,13.0,25.3,58.0,2025-04-16,0,2025,4,2,106,0,True,0,0.8660254037844387,-0.4999999999999998,0.9682507501166718,-0.2499809690726521,7,0.0,0.0,0.0,0.4,0.0,0.0,11.1,7.0,3.6,0.28,2.2000000000000037
71,2.3,7.9,-1.9,-6.7,0.5,0.3,0.14,5.0,19.4,51.8,2025-04-17,1,2025,4,3,107,0,True,1,0.8660254037844387,-0.4999999999999998,0.9638074231367307,-0.26659942067929354,7,0.28,0.0,0.0,1.8,0.4,0.0,3.4,11.1,7.0,0.42000000000000004,2.7000000000000037
3,6.4,18.7,-5.8,-9.7,0.0,0.0,0.0,0.0,12.8,27.7,2025-04-18,1,2025,4,4,108,0,True,1,0.8660254037844387,-0.4999999999999998,0.9590788900341131,-0.28313898122818354,7,0.14,0.28,0.0,0.5,1.8,0.4,2.3,3.4,11.1,0.42000000000000004,2.3000000000000034
61,8.1,11.1,3.3,-0.7,8.2,8.2,0.0,17.0,17.5,35.3,2025-04-19,0,2025,4,5,109,1,True,0,0.8660254037844387,-0.4999999999999998,0.9540665500578387,-0.2995947563972602,7,0.0,0.14,0.28,0.0,0.5,1.8,6.4,2.3,3.4,0.14,8.700000000000003
71,2.9,4.9,0.3,-3.0,2.4,2.3,0.07,12.0,16.2,29.2,2025-04-20,0,2025,4,6,110,1,True,0,0.8660254037844387,-0.4999999999999998,0.9487718864399473,-0.31596187665790293,7,0.0,0.0,0.14,8.2,0.0,0.5,8.1,6.4,2.3,0.07,10.600000000000003
73,1.3,3.5,-0.2,-3.3,9.3,4.0,3.71,24.0,13.3,27.0,2025-04-21,1,2025,4,0,111,0,True,1,0.8660254037844387,-0.4999999999999998,0.9431964659565866,-0.33223549871590435,7,0.07,0.0,0.0,2.4,8.2,0.0,2.9,8.1,6.4,3.78,19.900000000000006
73,3.2,7.6,-1.1,-5.0,2.8,0.3,1.75,10.0,14.5,28.8,2025-04-22,10,2025,4,1,112,0,True,1,0.8660254037844387,-0.4999999999999998,0.9373419384643772,-0.3484108069446808,7,3.71,0.07,0.0,9.3,2.4,8.2,1.3,2.9,8.1,5.529999999999999,14.500000000000004
51,5.0,11.5,-1.9,-6.1,0.1,0.1,0.0,1.0,9.9,18.0,2025-04-23,0,2025,4,2,113,0,True,1,0.8660254037844387,-0.4999999999999998,0.9312100364121947,-0.3644830148102912,7,1.75,3.71,0.07,2.8,9.3,2.4,3.2,1.3,2.9,5.459999999999999,12.200000000000005
3,7.2,15.7,-3.1,-6.7,0.0,0.0,0.0,0.0,15.7,33.5,2025-04-24,0,2025,4,3,114,0,True,1,0.8660254037844387,-0.4999999999999998,0.9248025743285089,-0.38044736628785164,7,0.0,1.75,3.71,0.1,2.8,9.3,5.0,3.2,1.3,1.75,2.9000000000000035
0,10.2,19.3,0.6,-3.7,0.0,0.0,0.0,0.0,18.7,46.1,2025-04-25,0,2025,4,4,115,0,True,0,0.8660254037844387,-0.4999999999999998,0.9181214482844364,-0.39629913726891813,7,0.0,0.0,1.75,0.0,0.1,2.8,7.2,5.0,3.2,0.0,0.10000000000000356
3,11.4,20.7,0.2,-3.6,0.0,0.0,0.0,0.0,12.0,20.9,2025-04-26,0,2025,4,5,116,1,True,0,0.8660254037844387,-0.4999999999999998,0.9111686353326631,-0.41203363695942635,7,0.0,0.0,0.0,0.0,0.0,0.1,10.2,7.2,5.0,0.0,0.0
51,5.6,9.4,2.7,-0.3,1.4,1.4,0.0,8.0,20.6,39.2,2025-04-27,0,2025,4,6,117,1,True,0,0.8660254037844387,-0.4999999999999998,0.9039461929224011,-0.42764620926777464,7,0.0,0.0,0.0,0.0,0.0,0.0,11.4,10.2,7.2,0.0,1.4000000000000035
3,8.3,18.0,-1.9,-5.5,0.0,0.0,0.0,0.0,16.9,43.2,2025-04-28,0,2025,4,0,118,0,True,1,0.8660254037844387,-0.4999999999999998,0.8964562582905575,-0.44313223418263453,7,0.0,0.0,0.0,1.4,0.0,0.0,5.6,11.4,10.2,0.0,1.4000000000000035
53,9.8,15.5,5.1,2.4,2.2,2.2,0.0,9.0,17.7,47.9,2025-04-29,1,2025,4,1,119,0,True,0,0.8660254037844387,-0.4999999999999998,0.8887010478292915,-0.45848712914008766,7,0.0,0.0,0.0,0.0,1.4,0.0,8.3,5.6,11.4,0.0,3.6000000000000036
51,9.5,16.1,2.5,-1.0,0.2,0.2,0.0,2.0,11.4,33.1,2025-04-30,0,2025,4,2,120,0,True,0,0.8660254037844387,-0.4999999999999998,0.8806828564301475,-0.47370635037968,7,0.0,0.0,0.0,2.2,0.0,1.4,9.8,8.3,5.6,0.0,2.400000000000004
1,11.9,21.8,1.6,-2.3,0.0,0.0,0.0,0.0,11.0,33.5,2025-05-01,1,2025,5,3,121,0,False,0,0.49999999999999994,-0.8660254037844387,0.8724040568049612,-0.48878539428899265,7,0.0,0.0,0.0,0.2,2.2,0.0,9.5,9.8,8.3,0.0,2.400000000000004
1,15.7,25.9,4.6,0.3,0.0,0.0,0.0,0.0,12.6,28.4,2025-05-02,0,2025,5,4,122,0,False,0,0.49999999999999994,-0.8660254037844387,0.8638670987837349,-0.503719798736334,7,0.0,0.0,0.0,0.0,0.2,2.2,11.9,9.5,9.8,0.0,0.20000000000000356
51,17.4,26.8,5.4,1.3,0.1,0.1,0.0,1.0,15.3,41.4,2025-05-03,0,2025,5,5,123,1,False,0,0.49999999999999994,-0.8660254037844387,0.8550745085896932,-0.518505144391157,7,0.0,0.0,0.0,0.0,0.0,0.2,15.7,11.9,9.5,0.0,0.10000000000000356
51,9.1,13.7,4.8,-0.1,1.2,1.2,0.0,8.0,21.1,41.8,2025-05-04,0,2025,5,6,124,1,False,0,0.49999999999999994,-0.8660254037844387,0.8460288880917339,-0.533137056031809,7,0.0,0.0,0.0,0.1,0.0,0.0,17.4,15.7,11.9,0.0,1.3000000000000036
51,8.9,15.9,1.1,-3.5,0.2,0.2,0.0,1.0,14.0,30.2,2025-05-05,0,2025,5,0,125,0,False,0,0.49999999999999994,-0.8660254037844387,0.8367329140344921,-0.5476112038402312,7,0.0,0.0,0.0,1.2,0.1,0.0,9.1,17.4,15.7,0.0,1.5000000000000036
1,11.6,20.6,0.0,-3.9,0.0,0.0,0.0,0.0,24.3,49.3,2025-05-06,0,2025,5,1,126,0,False,0,0.49999999999999994,-0.8660254037844387,0.8271893372462497,-0.5619233046832195,7,0.0,0.0,0.0,0.2,1.2,0.1,8.9,9.1,17.4,0.0,1.4000000000000035
3,14.9,23.4,3.6,0.2,0.0,0.0,0.0,0.0,19.3,36.0,2025-05-07,0,2025,5,2,127,0,False,0,0.49999999999999994,-0.8660254037844387,0.8174009818249189,-0.5760691233798758,7,0.0,0.0,0.0,0.0,0.2,1.2,11.6,8.9,9.1,0.0,0.20000000000000356
3,13.7,18.2,8.5,4.8,0.0,0.0,0.0,0.0,21.4,50.8,2025-05-08,0,2025,5,3,128,0,False,0,0.49999999999999994,-0.8660254037844387,0.8073707443023492,-0.5900444739548627,7,0.0,0.0,0.0,0.0,0.0,0.2,14.9,11.6,8.9,0.0,0.0
3,13.3,21.5,4.4,0.7,0.0,0.0,0.0,0.0,15.7,38.9,2025-05-09,0,2025,5,4,129,0,False,0,0.49999999999999994,-0.8660254037844387,0.7971015927871943,-0.6038452208771035,7,0.0,0.0,0.0,0.0,0.0,0.0,13.7,14.9,11.6,0.0,0.0
3,14.8,24.3,3.9,-0.3,0.0,0.0,0.0,0.0,15.2,32.8,2025-05-10,0,2025,5,5,130,1,False,0,0.49999999999999994,-0.8660254037844387,0.7865965660866021,-0.6174672802835514,7,0.0,0.0,0.0,0.0,0.0,0.0,13.3,13.7,14.9,0.0,0.0
51,14.4,19.9,7.3,4.2,0.2,0.2,0.0,1.0,14.0,32.0,2025-05-11,0,2025,5,6,131,1,False,0,0.49999999999999994,-0.8660254037844387,0.7758587728069828,-0.6309066211876704,7,0.0,0.0,0.0,0.0,0.0,0.0,14.8,13.3,13.7,0.0,0.20000000000000356
61,8.6,11.8,4.8,1.1,16.1,16.1,0.0,22.0,18.0,43.6,2025-05-12,0,2025,5,0,132,0,False,0,0.49999999999999994,-0.8660254037844387,0.7648913904341225,-0.6441592666722685,7,0.0,0.0,0.0,0.2,0.0,0.0,14.4,14.8,13.3,0.0,16.300000000000004
61,9.9,14.7,5.2,1.3,3.6,3.6,0.0,7.0,18.3,37.8,2025-05-13,0,2025,5,1,133,0,False,0,0.49999999999999994,-0.8660254037844387,0.753697664392914,-0.6572212950663319,7,0.0,0.0,0.0,16.1,0.2,0.0,8.6,14.4,14.8,0.0,19.900000000000006
51,11.0,17.4,4.0,0.8,0.8,0.8,0.0,5.0,18.8,37.1,2025-05-14,0,2025,5,2,134,0,False,0,0.49999999999999994,-0.8660254037844387,0.742280907086982,-0.6700888411055113,7,0.0,0.0,0.0,3.6,16.1,0.2,9.9,8.6,14.4,0.0,20.500000000000004
55,6.8,11.3,4.2,-0.5,8.5,8.5,0.0,13.0,23.6,47.2,2025-05-15,0,2025,5,3,135,0,False,0,0.49999999999999994,-0.8660254037844387,0.7306444969184916,-0.6827580970759147,7,0.0,0.0,0.0,0.8,3.6,16.1,11.0,9.9,8.6,0.0,12.900000000000004
53,7.8,13.6,2.2,-0.7,3.3,3.3,0.0,8.0,13.9,31.7,2025-05-16,0,2025,5,4,136,0,False,0,0.49999999999999994,-0.8660254037844387,0.7187918772884232,-0.6952253139408722,7,0.0,0.0,0.0,8.5,0.8,3.6,6.8,11.0,9.9,0.0,12.600000000000005
61,9.6,15.1,5.4,3.3,6.1,6.1,0.0,19.0,14.1,31.7,2025-05-17,0,2025,5,5,137,1,False,0,0.49999999999999994,-0.8660254037844387,0.7067265555776158,-0.7074868024503348,7,0.0,0.0,0.0,3.3,8.5,0.8,7.8,6.8,11.0,0.0,17.900000000000002
63,8.0,12.3,5.2,3.6,11.6,11.6,0.0,13.0,12.0,33.1,2025-05-18,0,2025,5,6,138,1,False,0,0.49999999999999994,-0.8660254037844387,0.6944521021088763,-0.719538934232584,7,0.0,0.0,0.0,6.1,3.3,8.5,9.6,7.8,6.8,0.0,21.000000000000004
53,8.4,15.7,3.4,0.1,1.1,1.1,0.0,6.0,12.8,32.4,2025-05-19,0,2025,5,0,139,0,False,0,0.49999999999999994,-0.8660254037844387,0.6819721490904629,-0.7313781428679254,7,0.0,0.0,0.0,11.6,6.1,3.3,8.0,9.6,7.8,0.0,18.800000000000004
61,10.0,14.5,6.2,2.7,2.7,2.7,0.0,3.0,14.9,34.9,2025-05-20,0,2025,5,1,140,0,False,0,0.49999999999999994,-0.8660254037844387,0.6692903895412567,-0.7430009249440493,7,0.0,0.0,0.0,1.1,11.6,6.1,8.4,8.0,9.6,0.0,15.400000000000006
53,7.1,10.5,4.7,2.2,3.2,3.2,0.0,12.0,20.1,51.1,2025-05-21,0,2025,5,2,141,0,False,0,0.49999999999999994,-0.8660254037844387,0.6564105761979381,-0.7544038410927472,7,0.0,0.0,0.0,2.7,1.1,11.6,10.0,8.4,8.0,0.0,7.0000000000000036
51,8.6,14.4,0.9,-2.0,1.2,1.2,0.0,8.0,11.3,30.2,2025-05-22,0,2025,5,3,142,0,False,0,0.49999999999999994,-0.8660254037844387,0.6433365204044917,-0.765583517007675,7,0.0,0.0,0.0,3.2,2.7,1.1,7.1,10.0,8.4,0.0,7.100000000000004
55,10.7,15.1,5.3,3.2,2.6,2.6,0.0,5.0,15.0,36.4,2025-05-23,0,2025,5,4,143,0,False,0,0.49999999999999994,-0.8660254037844387,0.6300720909843687,-0.7765366444428655,7,0.0,0.0,0.0,1.2,3.2,2.7,8.6,7.1,10.0,0.0,7.000000000000004
3,13.1,20.1,4.1,1.9,0.0,0.0,0.0,0.0,16.8,36.0,2025-05-24,0,2025,5,5,144,1,False,0,0.49999999999999994,-0.8660254037844387,0.6166212130956382,-0.7872599821916922,7,0.0,0.0,0.0,2.6,1.2,3.2,10.7,8.6,7.1,0.0,3.800000000000004
3,17.2,26.6,6.0,4.0,0.0,0.0,0.0,0.0,17.6,34.9,2025-05-25,0,2025,5,6,145,1,False,0,0.49999999999999994,-0.8660254037844387,0.6029878670694714,-0.7977503570459932,7,0.0,0.0,0.0,0.0,2.6,1.2,13.1,10.7,8.6,0.0,2.600000000000004
61,18.6,28.2,9.2,7.5,1.4,1.4,0.0,1.0,20.1,40.3,2025-05-26,0,2025,5,0,146,0,False,0,0.49999999999999994,-0.8660254037844387,0.5891760872322963,-0.8080046647350754,7,0.0,0.0,0.0,0.0,0.0,2.6,17.2,13.1,10.7,0.0,1.4000000000000035
2,17.1,24.0,8.9,6.0,0.0,0.0,0.0,0.0,10.7,28.4,2025-05-27,0,2025,5,1,147,0,False,0,0.49999999999999994,-0.8660254037844387,0.5751899607119775,-0.8180198708443174,7,0.0,0.0,0.0,1.4,0.0,0.0,18.6,17.2,13.1,0.0,1.4000000000000035
2,18.7,27.7,7.5,5.0,0.0,0.0,0.0,0.0,15.2,33.5,2025-05-28,0,2025,5,2,148,0,False,0,0.49999999999999994,-0.8660254037844387,0.5610336262283677,-0.8277930117131022,7,0.0,0.0,0.0,0.0,1.4,0.0,17.1,18.6,17.2,0.0,1.4000000000000035
3,21.3,31.9,11.2,8.9,0.0,0.0,0.0,0.0,20.8,46.4,2025-05-29,0,2025,5,3,149,0,False,0,0.49999999999999994,-0.8660254037844387,0.5467112728685939,-0.8373211953118121,7,0.0,0.0,0.0,0.0,0.0,1.4,18.7,17.1,18.6,0.0,0.0
53,18.4,26.4,10.1,8.2,0.8,0.8,0.0,2.0,15.2,36.0,2025-05-30,0,2025,5,4,150,0,False,0,0.49999999999999994,-0.8660254037844387,0.5322271388474397,-0.8466016020976267,7,0.0,0.0,0.0,0.0,0.0,0.0,21.3,18.7,17.1,0.0,0.8000000000000036
3,21.8,30.6,12.8,10.6,0.0,0.0,0.0,0.0,31.0,48.6,2025-05-31,0,2025,5,5,151,1,False,0,0.49999999999999994,-0.8660254037844387,0.5175855102531889,-0.8556314858488706,7,0.0,0.0,0.0,0.8,0.0,0.0,18.4,21.3,18.7,0.0,0.8000000000000036
51,12.2,17.1,6.1,1.8,1.2,1.2,0.0,8.0,28.0,54.0,2025-06-01,0,2025,6,6,152,1,False,0,1.2246467991473532e-16,-1.0,0.5027907197793043,-0.8644081744776648,7,0.0,0.0,0.0,0.0,0.8,0.0,21.8,18.4,21.3,0.0,2.0000000000000036
53,11.0,16.4,5.9,2.5,1.4,1.4,0.0,4.0,17.4,43.2,2025-06-02,0,2025,6,0,153,0,False,0,1.2246467991473532e-16,-1.0,0.4878471454423119,-0.8729290708206411,7,0.0,0.0,0.0,1.2,0.0,0.8,12.2,21.8,18.4,0.0,2.600000000000003
51,10.8,15.6,5.1,1.9,0.6,0.6,0.0,4.0,13.4,31.3,2025-06-03,0,2025,6,1,154,0,False,0,1.2246467991473532e-16,-1.0,0.47275920928627757,-0.881191653407483,7,0.0,0.0,0.0,1.4,1.2,0.0,11.0,12.2,21.8,0.0,3.2000000000000033
51,12.9,20.1,4.4,2.0,0.4,0.4,0.0,4.0,7.8,20.5,2025-06-04,0,2025,6,2,155,0,False,0,1.2246467991473532e-16,-1.0,0.4575313760742512,-0.8891934772070711,7,0.0,0.0,0.0,0.6,1.4,1.2,10.8,11.0,12.2,0.0,2.400000000000004
3,16.4,25.3,5.4,2.4,0.0,0.0,0.0,0.0,12.5,32.8,2025-06-05,0,2025,6,3,156,0,False,0,1.2246467991473532e-16,-1.0,0.44216815196707204,-0.8969321743510065,7,0.0,0.0,0.0,0.4,0.6,1.4,12.9,10.8,11.0,0.0,1.0000000000000036
3,19.9,25.4,14.3,11.4,0.0,0.0,0.0,0.0,21.2,47.2,2025-06-06,0,2025,6,4,157,0,False,0,1.2246467991473532e-16,-1.0,0.42667408318992467,-0.9044054548343001,7,0.0,0.0,0.0,0.0,0.4,0.6,16.4,12.9,10.8,0.0,0.4000000000000036
51,15.6,20.6,10.5,7.4,0.8,0.8,0.0,5.0,21.1,43.9,2025-06-07,0,2025,6,5,158,1,False,0,1.2246467991473532e-16,-1.0,0.4110537546870351,-0.9116111071930239,7,0.0,0.0,0.0,0.0,0.0,0.4,19.9,16.4,12.9,0.0,0.8000000000000036
3,17.6,27.9,5.8,2.1,0.0,0.0,0.0,0.0,12.5,23.8,2025-06-08,0,2025,6,6,159,1,False,0,1.2246467991473532e-16,-1.0,0.3953117887649151,-0.9185469991587165,7,0.0,0.0,0.0,0.8,0.0,0.0,15.6,19.9,16.4,0.0,0.8000000000000036
1,22.0,30.1,13.1,9.8,0.0,0.0,0.0,0.0,20.2,47.2,2025-06-09,0,2025,6,0,160,0,False,0,1.2246467991473532e-16,-1.0,0.37945284372454435,-0.925211078289358,7,0.0,0.0,0.0,0.0,0.8,0.0,17.6,15.6,19.9,0.0,0.8000000000000036
3,17.7,25.7,7.6,4.7,0.0,0.0,0.0,0.0,16.9,36.4,2025-06-10,0,2025,6,1,161,0,False,0,1.2246467991473532e-16,-1.0,0.36348161248290634,-0.9316013725767187,7,0.0,0.0,0.0,0.0,0.0,0.8,22.0,17.6,15.6,0.0,0.0
51,17.1,23.2,10.0,7.5,1.4,1.4,0.0,6.0,12.1,35.3,2025-06-11,0,2025,6,2,162,0,False,0,1.2246467991473532e-16,-1.0,0.3474028211842774,-0.9377159910299093,7,0.0,0.0,0.0,0.0,0.0,0.0,17.7,22.0,17.6,0.0,1.4000000000000035
51,14.5,19.1,11.1,9.6,1.5,1.5,0.0,8.0,19.8,40.3,2025-06-12,1,2025,6,3,163,0,False,0,1.2246467991473532e-16,-1.0,0.3312212278016865,-0.9435531242349544,7,0.0,0.0,0.0,1.4,0.0,0.0,17.1,17.7,22.0,0.0,2.9000000000000035
53,16.8,23.8,11.9,9.8,0.7,0.7,0.0,3.0,15.9,37.8,2025-06-13,0,2025,6,4,164,0,False,0,1.2246467991473532e-16,-1.0,0.31494162072895193,-0.9491110448902284,7,0.0,0.0,0.0,1.5,1.4,0.0,14.5,17.1,17.7,0.0,3.600000000000003
53,15.2,21.7,8.8,7.0,0.6,0.6,0.0,1.0,10.1,29.9,2025-06-14,0,2025,6,5,165,1,False,0,1.2246467991473532e-16,-1.0,0.2985688173637202,-0.9543881083175908,7,0.0,0.0,0.0,0.7,1.5,1.4,16.8,14.5,17.1,0.0,2.8000000000000034
53,15.0,23.0,8.6,7.5,0.9,0.9,0.0,2.0,13.2,27.4,2025-06-15,0,2025,6,6,166,1,False,0,1.2246467991473532e-16,-1.0,0.2821076626819194,-0.9593827529490743,7,0.0,0.0,0.0,0.6,0.7,1.5,15.2,16.8,14.5,0.0,2.2000000000000037
53,16.6,25.7,6.8,4.9,1.6,1.6,0.0,4.0,9.6,29.5,2025-06-16,0,2025,6,0,167,0,False,0,1.2246467991473532e-16,-1.0,0.26556302780405594,-0.9640935007889755,7,0.0,0.0,0.0,0.9,0.6,0.7,15.0,15.2,16.8,0.0,3.1000000000000036
53,18.1,25.1,11.1,9.6,0.8,0.8,0.0,3.0,10.8,31.0,2025-06-17,0,2025,6,1,168,0,False,0,1.2246467991473532e-16,-1.0,0.24893980855376657,-0.9685189578512204,7,0.0,0.0,0.0,1.6,0.9,0.6,16.6,15.0,15.2,0.0,3.3000000000000034
53,17.3,23.8,8.3,7.3,1.9,1.9,0.0,4.0,12.1,33.5,2025-06-18,0,2025,6,2,169,0,False,0,1.2246467991473532e-16,-1.0,0.23224292400907015,-0.9726578145718654,7,0.0,0.0,0.0,0.8,1.6,0.9,18.1,16.6,15.0,0.0,4.300000000000003
3,17.1,23.9,10.4,7.2,0.0,0.0,0.0,0.0,15.1,40.3,2025-06-19,0,2025,6,3,170,0,False,0,1.2246467991473532e-16,-1.0,0.21547731504673012,-0.976508846196619,7,0.0,0.0,0.0,1.9,0.8,1.6,17.3,18.1,16.6,0.0,2.7000000000000037
63,11.7,13.5,10.1,8.8,15.8,15.8,0.0,16.0,12.0,28.1,2025-06-20,0,2025,6,4,171,0,False,0,1.2246467991473532e-16,-1.0,0.19864794288017112,-0.9800709131432666,7,0.0,0.0,0.0,0.0,1.9,0.8,17.1,17.3,18.1,0.0,17.700000000000003
63,7.9,10.1,5.8,0.2,61.3,61.3,0.0,24.0,31.7,63.7,2025-06-21,0,2025,6,5,172,1,False,0,1.2246467991473532e-16,-1.0,0.18175978759137534,-0.9833429613388902,7,0.0,0.0,0.0,15.8,0.0,1.9,11.7,17.1,17.3,0.0,77.1
51,9.7,14.3,4.7,2.0,0.5,0.5,0.0,4.0,12.5,25.2,2025-06-22,0,2025,6,6,173,1,False,0,1.2246467991473532e-16,-1.0,0.16481784665719793,-0.9863240225317866,7,0.0,0.0,0.0,61.3,15.8,0.0,7.9,11.7,17.1,0.0,77.6
51,11.5,17.8,4.8,1.9,0.4,0.4,0.0,3.0,15.5,43.2,2025-06-23,0,2025,6,0,174,0,False,0,1.2246467991473532e-16,-1.0,0.14782713347053048,-0.9890132145779883,7,0.0,0.0,0.0,0.5,61.3,15.8,9.7,7.9,11.7,0.0,62.2
53,14.0,21.6,6.5,4.6,0.6,0.6,0.0,2.0,12.1,29.9,2025-06-24,0,2025,6,1,175,0,False,0,1.2246467991473532e-16,-1.0,0.13079267585675922,-0.9914097417023038,7,0.0,0.0,0.0,0.4,0.5,61.3,11.5,9.7,7.9,0.0,1.500000000000007
51,16.2,23.2,9.5,7.5,0.1,0.1,0.0,1.0,10.5,27.0,2025-06-25,0,2025,6,2,176,0,False,0,1.2246467991473532e-16,-1.0,0.11371951458594969,-0.9935128947338007,7,0.0,0.0,0.0,0.6,0.4,0.5,14.0,11.5,9.7,0.0,1.1000000000000072
53,16.4,22.8,10.5,8.3,0.6,0.6,0.0,1.0,11.5,22.3,2025-06-26,0,2025,6,3,177,0,False,0,1.2246467991473532e-16,-1.0,0.0966127018812031,-0.9953220513156602,7,0.0,0.0,0.0,0.1,0.6,0.4,16.2,14.0,11.5,0.0,1.300000000000007
3,16.0,20.9,10.6,8.7,0.0,0.0,0.0,0.0,9.8,23.4,2025-06-27,0,2025,6,4,178,0,False,0,1.2246467991473532e-16,-1.0,0.07947729992362097,-0.9968366760893436,7,0.0,0.0,0.0,0.6,0.1,0.6,16.4,16.2,14.0,0.0,0.7000000000000071
63,14.9,18.8,10.7,9.2,4.7,4.7,0.0,7.0,9.9,26.6,2025-06-28,0,2025,6,5,179,1,False,0,1.2246467991473532e-16,-1.0,0.062318379354325076,-0.998056320853012,7,0.0,0.0,0.0,0.0,0.6,0.1,16.0,16.4,16.2,0.0,5.300000000000007
3,16.7,23.9,8.7,5.9,0.0,0.0,0.0,0.0,12.1,22.0,2025-06-29,0,2025,6,6,180,1,False,0,1.2246467991473532e-16,-1.0,0.04514101777397193,-0.9989806246941579,7,0.0,0.0,0.0,4.7,0.0,0.6,14.9,16.0,16.4,0.0,4.700000000000007
2,18.3,25.5,8.9,7.2,0.0,0.0,0.0,0.0,9.4,19.8,2025-06-30,0,2025,6,0,181,0,False,0,1.2246467991473532e-16,-1.0,0.02795029824021032,-0.999609314096404,7,0.0,0.0,0.0,0.0,4.7,0.0,16.7,14.9,16.0,0.0,4.700000000000007
2,20.7,28.2,11.7,11.0,0.0,0.0,0.0,0.0,13.8,27.4,2025-07-01,0,2025,7,1,182,0,False,0,-0.4999999999999997,-0.8660254037844388,0.01075130776352193,-0.9999422030204416,7,0.0,0.0,0.0,0.0,0.0,4.7,18.3,16.7,14.9,0.0,0.0
51,21.7,30.7,12.3,11.8,0.3,0.3,0.0,2.0,10.8,30.2,2025-07-02,0,2025,7,2,183,0,False,0,-0.4999999999999997,-0.8660254037844388,-0.00645086419810515,-0.9999791929590823,7,0.0,0.0,0.0,0.0,0.0,0.0,20.7,18.3,16.7,0.0,0.3000000000000071
53,16.8,24.2,11.5,10.1,1.1,1.1,0.0,5.0,20.9,51.5,2025-07-03,0,2025,7,3,184,0,False,0,-0.4999999999999997,-0.8660254037844388,-0.023651127245231586,-0.9997202729664083,7,0.0,0.0,0.0,0.3,0.0,0.0,21.7,20.7,18.3,0.0,1.4000000000000072
51,14.2,19.4,8.7,7.3,0.9,0.9,0.0,8.0,11.0,27.4,2025-07-04,0,2025,7,4,185,0,False,0,-0.4999999999999997,-0.8660254037844388,-0.04084439154329611,-0.9991655196610109,7,0.0,0.0,0.0,1.1,0.3,0.0,16.8,21.7,20.7,0.0,2.3000000000000074
53,14.9,19.5,11.2,9.9,4.0,4.0,0.0,10.0,19.2,43.9,2025-07-05,0,2025,7,5,186,1,False,0,-0.4999999999999997,-0.8660254037844388,-0.05802556932878035,-0.9983150972033183,7,0.0,0.0,0.0,0.9,1.1,0.3,14.2,16.8,21.7,0.0,6.000000000000007
53,15.0,20.2,11.3,10.0,1.6,1.6,0.0,8.0,15.3,32.0,2025-07-06,0,2025,7,6,187,1,False,0,-0.4999999999999997,-0.8660254037844388,-0.07518957641475855,-0.9971692572470178,7,0.0,0.0,0.0,4.0,0.9,1.1,14.9,14.2,16.8,0.0,6.500000000000007
51,17.2,24.6,7.7,6.2,0.1,0.1,0.0,1.0,13.0,33.8,2025-07-07,0,2025,7,0,188,0,False,0,-0.4999999999999997,-0.8660254037844388,-0.09233133369539122,-0.9957283388645872,7,0.0,0.0,0.0,1.6,4.0,0.9,15.0,14.9,14.2,0.0,5.700000000000007
3,22.7,31.8,12.5,11.4,0.0,0.0,0.0,0.0,13.6,35.3,2025-07-08,0,2025,7,1,189,0,False,0,-0.4999999999999997,-0.8660254037844388,-0.10944576864891556,-0.993992768446958,7,0.0,0.0,0.0,0.1,1.6,4.0,17.2,15.0,14.9,0.0,1.7000000000000077
55,20.6,26.1,16.2,15.6,1.4,1.4,0.0,3.0,11.1,33.5,2025-07-09,0,2025,7,2,190,0,False,0,-0.4999999999999997,-0.8660254037844388,-0.12652781683868314,-0.9919630595773397,7,0.0,0.0,0.0,0.0,0.1,1.6,22.7,17.2,15.0,0.0,1.5000000000000075
55,13.2,16.7,8.8,5.6,2.7,2.7,0.0,6.0,22.9,49.7,2025-07-10,0,2025,7,3,191,0,False,0,-0.4999999999999997,-0.8660254037844388,-0.1435724234118113,-0.9896398128792412,7,0.0,0.0,0.0,1.4,0.0,0.1,20.6,22.7,17.2,0.0,4.100000000000008
3,16.9,26.2,6.5,4.0,0.0,0.0,0.0,0.0,11.4,29.9,2025-07-11,0,2025,7,4,192,0,False,0,-0.4999999999999997,-0.8660254037844388,-0.16057454459499376,-0.9870237158387383,7,0.0,0.0,0.0,2.7,1.4,0.0,13.2,20.6,22.7,0.0,4.100000000000008
3,22.0,28.9,15.8,13.7,0.0,0.0,0.0,0.0,16.1,29.9,2025-07-12,0,2025,7,5,193,1,False,0,-0.4999999999999997,-0.8660254037844388,-0.17752914918703497,-0.984115542601034,7,0.0,0.0,0.0,0.0,2.7,1.4,16.9,13.2,20.6,0.0,2.7000000000000077
51,19.4,25.0,13.8,12.0,0.4,0.4,0.0,3.0,12.8,33.8,2025-07-13,0,2025,7,6,194,1,False,0,-0.4999999999999997,-0.8660254037844388,-0.19443122004766195,-0.9809161537413774,7,0.0,0.0,0.0,0.0,0.0,2.7,22.0,16.9,13.2,0.0,0.40000000000000757
63,12.2,15.3,10.6,9.2,35.1,35.1,0.0,24.0,14.9,34.2,2025-07-14,0,2025,7,0,195,0,False,0,-0.4999999999999997,-0.8660254037844388,-0.2112757555821793,-0.9774264960104055,7,0.0,0.0,0.0,0.4,0.0,0.0,19.4,22.0,16.9,0.0,35.50000000000001
51,12.6,16.8,8.5,7.1,0.6,0.6,0.0,6.0,11.5,23.8,2025-07-15,0,2025,7,1,196,0,False,0,-0.4999999999999997,-0.8660254037844388,-0.2280577712215198,-0.9736476020539838,7,0.0,0.0,0.0,35.1,0.4,0.0,12.2,19.4,22.0,0.0,36.10000000000001
3,13.6,20.3,6.6,3.9,0.0,0.0,0.0,0.0,18.8,42.5,2025-07-16,0,2025,7,2,197,0,False,0,-0.4999999999999997,-0.8660254037844388,-0.24477230089725957,-0.9695805901076308,7,0.0,0.0,0.0,0.6,35.1,0.4,12.6,12.2,19.4,0.0,35.70000000000001
63,12.4,16.0,10.6,9.5,16.6,16.6,0.0,17.0,13.7,26.3,2025-07-17,0,2025,7,3,198,0,False,0,-0.4999999999999997,-0.8660254037844388,-0.2614143985111562,-0.965226663665613,7,0.0,0.0,0.0,0.0,0.6,35.1,13.6,12.6,12.2,0.0,17.20000000000001
61,14.1,21.1,5.7,4.2,2.7,2.7,0.0,6.0,17.5,35.3,2025-07-18,0,2025,7,4,199,0,False,0,-0.4999999999999997,-0.8660254037844388,-0.2779791393987801,-0.9605871111248129,7,0.0,0.0,0.0,16.6,0.0,0.6,12.4,13.6,12.6,0.0,19.300000000000008
63,16.1,20.8,12.3,12.2,9.6,9.6,0.0,11.0,16.3,32.4,2025-07-19,0,2025,7,5,200,1,False,0,-0.4999999999999997,-0.8660254037844388,-0.2944616217868012,-0.9556633054034704,7,0.0,0.0,0.0,2.7,16.6,0.0,14.1,12.4,13.6,0.0,28.90000000000001
63,13.8,15.8,12.4,10.9,17.9,17.9,0.0,17.0,13.6,35.6,2025-07-20,0,2025,7,6,201,1,False,0,-0.4999999999999997,-0.8660254037844388,-0.3108569682435036,-0.9504567035349151,7,0.0,0.0,0.0,9.6,2.7,16.6,16.1,14.1,12.4,0.0,30.200000000000006
63,13.6,17.5,11.0,9.0,11.5,11.5,0.0,12.0,16.3,30.6,2025-07-21,0,2025,7,0,202,0,False,0,-0.4999999999999997,-0.8660254037844388,-0.3271603271220951,-0.9449688462364056,7,0.0,0.0,0.0,17.9,9.6,2.7,13.8,16.1,14.1,0.0,39.00000000000001
61,9.5,10.8,8.0,5.5,14.2,14.2,0.0,19.0,20.4,32.0,2025-07-22,0,2025,7,1,203,0,False,0,-0.4999999999999997,-0.8660254037844388,-0.34336687399638804,-0.939201357453208,7,0.0,0.0,0.0,11.5,17.9,9.6,13.6,13.8,16.1,0.0,43.60000000000001
3,14.2,21.4,7.2,4.9,0.0,0.0,0.0,0.0,13.9,29.2,2025-07-23,0,2025,7,2,204,0,False,0,-0.4999999999999997,-0.8660254037844388,-0.3594718130884232,-0.9331559438780432,7,0.0,0.0,0.0,14.2,11.5,17.9,9.5,13.6,13.8,0.0,25.700000000000006
3,19.4,26.8,11.6,9.8,0.0,0.0,0.0,0.0,12.7,25.2,2025-07-24,0,2025,7,3,205,0,False,0,-0.4999999999999997,-0.8660254037844388,-0.3754703786876202,-0.9268343944460494,7,0.0,0.0,0.0,0.0,14.2,11.5,14.2,9.5,13.6,0.0,14.200000000000006
53,15.2,18.2,11.7,11.3,1.8,1.8,0.0,5.0,17.3,29.9,2025-07-25,0,2025,7,4,206,0,False,0,-0.4999999999999997,-0.8660254037844388,-0.3913578365610259,-0.9202385798054075,7,0.0,0.0,0.0,0.0,0.0,14.2,19.4,14.2,9.5,0.0,1.8000000000000071
55,12.7,15.5,10.8,9.9,9.0,9.0,0.0,17.0,10.9,24.1,2025-07-26,0,2025,7,5,207,1,False,0,-0.4999999999999997,-0.8660254037844388,-0.4071294853542516,-0.9133704517637858,7,0.0,0.0,0.0,1.8,0.0,0.0,15.2,19.4,14.2,0.0,10.800000000000008
61,13.1,15.8,11.6,11.1,7.7,7.7,0.0,17.0,9.7,21.2,2025-07-27,0,2025,7,6,208,1,False,0,-0.4999999999999997,-0.8660254037844388,-0.4227806579826773,-0.9062320427107697,7,0.0,0.0,0.0,9.0,1.8,0.0,12.7,15.2,19.4,0.0,18.500000000000007
53,14.3,18.3,11.2,10.9,3.1,3.1,0.0,11.0,13.9,26.3,2025-07-28,0,2025,7,0,209,0,False,0,-0.4999999999999997,-0.8660254037844388,-0.4383067230125192,-0.898825465016444,7,0.0,0.0,0.0,7.7,9.0,1.8,13.1,12.7,15.2,0.0,19.800000000000008
55,16.9,23.3,11.6,11.3,1.3,1.3,0.0,4.0,11.4,27.7,2025-07-29,0,2025,7,1,210,0,False,0,-0.4999999999999997,-0.8660254037844388,-0.45370308603134424,-0.8911529104063088,7,0.0,0.0,0.0,3.1,7.7,9.0,14.3,13.1,12.7,0.0,12.100000000000007
53,18.7,25.3,12.0,11.5,0.6,0.6,0.0,1.0,16.7,37.1,2025-07-30,0,2025,7,2,211,0,False,0,-0.4999999999999997,-0.8660254037844388,-0.46896519100763184,-0.8832166493127127,7,0.0,0.0,0.0,1.3,3.1,7.7,16.9,14.3,13.1,0.0,5.000000000000007
3,19.4,25.9,12.2,11.8,0.0,0.0,0.0,0.0,19.1,38.2,2025-07-31,0,2025,7,3,212,0,False,0,-0.4999999999999997,-0.8660254037844388,-0.48408852163897587,-0.8750190302029955,7,0.0,0.0,0.0,0.6,1.3,3.1,18.7,16.9,14.3,0.0,1.900000000000007
51,19.1,26.1,11.3,10.8,0.1,0.1,0.0,1.0,14.1,34.2,2025-08-01,0,2025,8,4,213,0,False,0,-0.8660254037844385,-0.5000000000000004,-0.4990686026885319,-0.8665624788845385,7,0.0,0.0,0.0,0.0,0.6,1.3,19.4,18.7,16.9,0.0,0.7000000000000071
61,19.2,25.2,14.3,14.1,3.3,3.3,0.0,5.0,11.2,21.2,2025-08-02,0,2025,8,5,214,1,False,0,-0.8660254037844385,-0.5000000000000004,-0.5139010013093103,-0.8578494977869301,7,0.0,0.0,0.0,0.1,0.0,0.6,19.1,19.4,18.7,0.0,3.400000000000007
61,16.3,18.7,14.5,13.8,7.4,7.4,0.0,17.0,13.0,27.7,2025-08-03,0,2025,8,6,215,1,False,0,-0.8660254037844385,-0.5000000000000004,-0.5285813283559292,-0.8488826652214553,7,0.0,0.0,0.0,3.3,0.1,0.0,19.2,19.1,19.4,0.0,10.800000000000008
63,16.0,21.9,11.1,10.1,7.4,7.4,0.0,7.0,6.6,23.4,2025-08-04,0,2025,8,0,216,0,False,0,-0.8660254037844385,-0.5000000000000004,-0.5431052396834317,-0.8396646346181327,7,0.0,0.0,0.0,7.4,3.3,0.1,16.3,19.2,19.1,0.0,18.10000000000001
55,16.4,23.6,9.4,8.0,1.8,1.8,0.0,2.0,8.0,21.2,2025-08-05,0,2025,8,1,217,0,False,0,-0.8660254037844385,-0.5000000000000004,-0.5574684374327892,-0.8301981337405212,7,0.0,0.0,0.0,7.4,7.4,3.3,16.0,16.3,19.2,0.0,16.60000000000001
3,17.1,24.6,9.7,8.3,0.0,0.0,0.0,0.0,11.0,29.9,2025-08-06,0,2025,8,2,218,0,False,0,-0.8660254037844385,-0.5000000000000004,-0.5716666713027052,-0.8204859638785327,7,0.0,0.0,0.0,1.8,7.4,7.4,16.4,16.0,16.3,0.0,9.200000000000008
55,15.9,21.0,12.6,10.8,3.1,3.1,0.0,7.0,11.1,24.1,2025-08-07,0,2025,8,3,219,0,False,0,-0.8660254037844385,-0.5000000000000004,-0.5856957398073508,-0.8105309990194823,7,0.0,0.0,0.0,0.0,1.8,7.4,17.1,16.4,16.0,0.0,4.9000000000000075
61,13.9,17.8,11.2,8.7,11.2,11.2,0.0,13.0,22.6,56.5,2025-08-08,0,2025,8,4,220,0,False,0,-0.8660254037844385,-0.5000000000000004,-0.5995514915196489,-0.8003361849976323,7,0.0,0.0,0.0,3.1,0.0,1.8,15.9,17.1,16.4,0.0,14.300000000000008
3,17.6,22.8,12.3,9.9,0.0,0.0,0.0,0.0,15.5,31.7,2025-08-09,0,2025,8,5,221,1,False,0,-0.8660254037844385,-0.5000000000000004,-0.6132298262997502,-0.7899045386224707,7,0.0,0.0,0.0,11.2,3.1,0.0,13.9,15.9,17.1,0.0,14.300000000000008
3,19.7,28.0,13.1,12.6,0.0,0.0,0.0,0.0,17.9,28.1,2025-08-10,0,2025,8,6,222,1,False,0,-0.8660254037844385,-0.5000000000000004,-0.6267266965083301,-0.7792391467859886,7,0.0,0.0,0.0,0.0,11.2,3.1,17.6,13.9,15.9,0.0,11.200000000000006
51,18.0,22.8,14.6,14.1,0.9,0.9,0.0,7.0,11.4,27.0,2025-08-11,0,2025,8,0,223,0,False,0,-0.8660254037844385,-0.5000000000000004,-0.6400381082043503,-0.7683431655492202,7,0.0,0.0,0.0,0.0,0.0,11.2,19.7,17.6,13.9,0.0,0.9000000000000071
51,19.1,26.4,12.4,11.6,0.2,0.2,0.0,1.0,8.9,22.3,2025-08-12,0,2025,8,1,224,0,False,0,-0.8660254037844385,-0.5000000000000004,-0.65316012232693,-0.7572198192083127,7,0.0,0.0,0.0,0.9,0.0,0.0,18.0,19.7,17.6,0.0,1.1000000000000072
51,17.0,24.4,11.5,9.5,0.8,0.8,0.0,5.0,21.5,42.1,2025-08-13,0,2025,8,2,225,0,False,0,-0.8660254037844385,-0.5000000000000004,-0.666088855860977,-0.7458723993404063,7,0.0,0.0,0.0,0.2,0.9,0.0,19.1,18.0,19.7,0.0,1.9000000000000072
51,12.2,16.7,8.2,6.5,0.3,0.3,0.0,2.0,12.3,34.6,2025-08-14,0,2025,8,3,226,0,False,0,-0.8660254037844385,-0.5000000000000004,-0.6788204829862355,-0.734304263829602,7,0.0,0.0,0.0,0.8,0.2,0.9,17.0,19.1,18.0,0.0,1.3000000000000071
51,15.4,21.6,11.3,9.1,0.4,0.4,0.0,4.0,17.2,33.5,2025-08-15,0,2025,8,4,227,0,False,0,-0.8660254037844385,-0.5000000000000004,-0.6913512362094071,-0.722518835873311,7,0.0,0.0,0.0,0.3,0.8,0.2,12.2,17.0,19.1,0.0,1.500000000000007
53,18.4,24.0,13.9,12.9,0.5,0.5,0.0,1.0,16.0,32.0,2025-08-16,0,2025,8,5,228,1,False,0,-0.8660254037844385,-0.5000000000000004,-0.7036774074790128,-0.7105196029692745,7,0.0,0.0,0.0,0.4,0.3,0.8,15.4,12.2,17.0,0.0,1.200000000000007
3,17.7,25.7,9.4,7.7,0.0,0.0,0.0,0.0,9.4,24.5,2025-08-17,0,2025,8,6,229,1,False,0,-0.8660254037844385,-0.5000000000000004,-0.7157953492826642,-0.6983101158835584,7,0.0,0.0,0.0,0.5,0.4,0.3,18.4,15.4,12.2,0.0,0.900000000000007
3,16.9,25.5,9.4,7.1,0.0,0.0,0.0,0.0,10.5,22.7,2025-08-18,0,2025,8,0,230,0,False,0,-0.8660254037844385,-0.5000000000000004,-0.7277014757264236,-0.6858939875998223,7,0.0,0.0,0.0,0.0,0.5,0.4,17.7,18.4,15.4,0.0,0.5000000000000071
2,18.3,28.4,9.2,6.9,0.0,0.0,0.0,0.0,10.4,24.5,2025-08-19,1,2025,8,1,231,0,False,0,-0.8660254037844385,-0.5000000000000004,-0.7393922635959241,-0.673274892250183,7,0.0,0.0,0.0,0.0,0.0,0.5,16.9,17.7,18.4,0.0,0.0
63,16.1,20.1,11.5,9.7,3.3,3.3,0.0,3.0,17.9,34.6,2025-08-20,0,2025,8,2,232,0,False,0,-0.8660254037844385,-0.5000000000000004,-0.7508642533989489,-0.6604565640279754,7,0.0,0.0,0.0,0.0,0.0,0.0,18.3,16.9,17.7,0.0,3.300000000000007
51,13.7,21.7,5.7,3.7,0.1,0.1,0.0,1.0,11.5,32.0,2025-08-21,0,2025,8,3,233,0,False,0,-0.8660254037844385,-0.5000000000000004,-0.7621140503891487,-0.6474427960827475,7,0.0,0.0,0.0,3.3,0.0,0.0,16.1,18.3,16.9,0.0,3.400000000000007
3,13.7,20.6,6.4,4.2,0.0,0.0,0.0,0.0,12.4,23.4,2025-08-22,0,2025,8,4,234,0,False,0,-0.8660254037844385,-0.5000000000000004,-0.7731383255706026,-0.6342374393978054,7,0.0,0.0,0.0,0.1,3.3,0.0,13.7,16.1,18.3,0.0,3.400000000000007
0,15.2,23.7,6.9,4.9,0.0,0.0,0.0,0.0,12.5,24.5,2025-08-23,0,2025,8,5,235,1,False,0,-0.8660254037844385,-0.5000000000000004,-0.7839338166829201,-0.620844401650647,7,0.0,0.0,0.0,0.0,0.1,3.3,13.7,13.7,16.1,0.0,0.10000000000000711
1,17.1,26.9,8.3,6.6,0.0,0.0,0.0,0.0,11.1,24.5,2025-08-24,0,2025,8,6,236,1,False,0,-0.8660254037844385,-0.5000000000000004,-0.7944973291665992,-0.6072676460566135,7,0.0,0.0,0.0,0.0,0.0,0.1,15.2,13.7,13.7,0.0,0.0
2,18.3,28.4,8.7,6.9,0.0,0.0,0.0,0.0,11.9,24.1,2025-08-25,0,2025,8,0,237,0,False,0,-0.8660254037844385,-0.5000000000000004,-0.8048257371083452,-0.593511190196115,7,0.0,0.0,0.0,0.0,0.0,0.0,17.1,15.2,13.7,0.0,0.0
1,19.6,29.8,9.2,7.5,0.0,0.0,0.0,0.0,8.8,19.8,2025-08-26,0,2025,8,1,238,0,False,0,-0.8660254037844385,-0.5000000000000004,-0.8149159841660791,-0.5795791048257612,7,0.0,0.0,0.0,0.0,0.0,0.0,18.3,17.1,15.2,0.0,0.0
2,19.7,30.2,8.5,6.9,0.0,0.0,0.0,0.0,18.9,42.5,2025-08-27,0,2025,8,2,239,0,False,0,-0.8660254037844385,-0.5000000000000004,-0.8247650844733614,-0.5654755126737576,7,0.0,0.0,0.0,0.0,0.0,0.0,19.6,18.3,17.1,0.0,0.0
3,19.1,28.3,10.9,8.8,0.0,0.0,0.0,0.0,14.9,33.5,2025-08-28,0,2025,8,3,240,0,False,0,-0.8660254037844385,-0.5000000000000004,-0.8343701235229538,-0.5512045872199277,7,0.0,0.0,0.0,0.0,0.0,0.0,19.7,19.6,18.3,0.0,0.0
3,19.0,27.4,10.7,9.3,0.0,0.0,0.0,0.0,10.0,20.9,2025-08-29,0,2025,8,4,241,0,False,0,-0.8660254037844385,-0.5000000000000004,-0.8437282590292712,-0.5367705514607103,7,0.0,0.0,0.0,0.0,0.0,0.0,19.1,19.7,19.6,0.0,0.0
53,18.0,28.1,9.5,8.1,1.1,1.1,0.0,2.0,10.2,27.7,2025-08-30,0,2025,8,5,242,1,False,0,-0.8660254037844385,-0.5000000000000004,-0.8528367217694595,-0.522177676659508,7,0.0,0.0,0.0,0.0,0.0,0.0,19.0,19.1,19.7,0.0,1.1000000000000072
3,18.8,28.3,10.3,8.5,0.0,0.0,0.0,0.0,11.6,25.9,2025-08-31,0,2025,8,6,243,1,False,0,-0.8660254037844385,-0.5000000000000004,-0.8616928164028522,-0.5074302810827518,7,0.0,0.0,0.0,1.1,0.0,0.0,18.0,19.0,19.1,0.0,1.1000000000000072
51,18.7,29.1,10.8,9.5,0.3,0.3,0.0,1.0,12.4,25.9,2025-09-01,0,2025,9,0,244,0,False,0,-1.0,-1.8369701987210297e-16,-0.8702939222685674,-0.49253272872205434,7,0.0,0.0,0.0,0.0,1.1,0.0,18.8,18.0,19.0,0.0,1.4000000000000072
3,16.2,21.7,11.1,10.1,0.0,0.0,0.0,0.0,16.0,27.7,2025-09-02,0,2025,9,1,245,0,False,0,-1.0,-1.8369701987210297e-16,-0.8786374941610001,-0.4774894280028391,7,0.0,0.0,0.0,0.3,0.0,1.1,18.7,18.8,18.0,0.0,0.3000000000000071
3,17.1,26.4,8.6,7.2,0.0,0.0,0.0,0.0,10.6,20.5,2025-09-03,0,2025,9,2,246,0,False,0,-1.0,-1.8369701987210297e-16,-0.886721063082993,-0.46230483047981086,7,0.0,0.0,0.0,0.0,0.3,0.0,16.2,18.7,18.8,0.0,0.3000000000000071
3,14.2,16.7,8.4,6.3,0.0,0.0,0.0,0.0,18.2,34.6,2025-09-04,0,2025,9,3,247,0,False,0,-1.0,-1.8369701987210297e-16,-0.8945422369764496,-0.4469834295196741,7,0.0,0.0,0.0,0.0,0.0,0.3,17.1,16.2,18.7,0.0,0.0
1,12.0,21.4,3.4,0.6,0.0,0.0,0.0,0.0,15.3,36.4,2025-09-05,0,2025,9,4,248,0,False,0,-1.0,-1.8369701987210297e-16,-0.9020987014301837,-0.43152975897147144,7,0.0,0.0,0.0,0.0,0.0,0.0,14.2,17.1,16.2,0.0,0.0
1,15.2,25.8,5.7,3.4,0.0,0.0,0.0,0.0,10.1,23.4,2025-09-06,0,2025,9,5,249,1,False,0,-1.0,-1.8369701987210297e-16,-0.9093882203647925,-0.4159483918249421,7,0.0,0.0,0.0,0.0,0.0,0.0,12.0,14.2,17.1,0.0,0.0
55,17.0,27.1,8.9,7.4,2.5,2.5,0.0,3.0,11.2,32.4,2025-09-07,0,2025,9,6,250,1,False,0,-1.0,-1.8369701987210297e-16,-0.9164086366943458,-0.4002439388573056,7,0.0,0.0,0.0,0.0,0.0,0.0,15.2,12.0,14.2,0.0,2.500000000000007
53,17.1,24.4,12.5,11.5,2.8,2.8,0.0,8.0,11.9,21.6,2025-09-08,0,2025,9,0,251,0,False,0,-1.0,-1.8369701987210297e-16,-0.9231578729647039,-0.38442104726885545,7,0.0,0.0,0.0,2.5,0.0,0.0,17.0,15.2,12.0,0.0,5.300000000000007
2,16.4,26.1,8.1,6.4,0.0,0.0,0.0,0.0,9.1,20.5,2025-09-09,0,2025,9,1,252,0,False,0,-1.0,-1.8369701987210297e-16,-0.9296339319682695,-0.3684843993077793,7,0.0,0.0,0.0,2.8,2.5,0.0,17.1,17.0,15.2,0.0,5.300000000000007
3,14.8,21.7,8.3,6.3,0.0,0.0,0.0,0.0,10.9,20.9,2025-09-10,0,2025,9,2,253,0,False,0,-1.0,-1.8369701987210297e-16,-0.9358348973349941,-0.35243871088460327,7,0.0,0.0,0.0,0.0,2.8,2.5,16.4,17.1,17.0,0.0,2.800000000000007
1,15.8,25.4,7.8,5.8,0.0,0.0,0.0,0.0,10.9,22.0,2025-09-11,0,2025,9,3,254,0,False,0,-1.0,-1.8369701987210297e-16,-0.9417589340994617,-0.33628873017668287,7,0.0,0.0,0.0,0.0,0.0,2.8,14.8,16.4,17.1,0.0,0.0
51,16.3,25.4,7.8,6.1,0.4,0.4,0.0,1.0,8.7,18.0,2025-09-12,0,2025,9,4,255,0,False,0,-1.0,-1.8369701987210297e-16,-0.9474042892438845,-0.32003923622313857,7,0.0,0.0,0.0,0.0,0.0,0.0,15.8,14.8,16.4,0.0,0.4000000000000071
2,16.4,24.8,8.3,6.7,0.0,0.0,0.0,0.0,11.0,23.4,2025-09-13,0,2025,9,5,256,1,False,0,-1.0,-1.8369701987210297e-16,-0.9527692922168511,-0.30369503751065885,7,0.0,0.0,0.0,0.4,0.0,0.0,16.3,15.8,14.8,0.0,0.4000000000000071
3,16.7,26.0,8.3,6.4,0.0,0.0,0.0,0.0,13.8,22.0,2025-09-14,0,2025,9,6,257,1,False,0,-1.0,-1.8369701987210297e-16,-0.9578523554276669,-0.28726097055059635,7,0.0,0.0,0.0,0.0,0.4,0.0,16.4,16.3,15.8,0.0,0.4000000000000071
53,15.9,20.0,11.3,10.2,1.9,1.9,0.0,6.0,17.9,38.2,2025-09-15,0,2025,9,0,258,0,False,0,-1.0,-1.8369701987210297e-16,-0.9626519747161487,-0.2707418984477642,7,0.0,0.0,0.0,0.0,0.0,0.4,16.7,16.4,16.3,0.0,1.900000000000007
3,15.3,24.7,7.4,5.8,0.0,0.0,0.0,0.0,11.5,26.3,2025-09-16,0,2025,9,1,259,0,False,0,-1.0,-1.8369701987210297e-16,-0.9671667297977312,-0.2541427094613622,7,0.0,0.0,0.0,1.9,0.0,0.0,15.9,16.7,16.4,0.0,1.900000000000007
2,16.7,26.3,8.3,6.4,0.0,0.0,0.0,0.0,16.2,36.0,2025-09-17,0,2025,9,2,260,0,False,0,-1.0,-1.8369701987210297e-16,-0.97139528468375,-0.23746831555846842,7,0.0,0.0,0.0,0.0,1.9,0.0,15.3,15.9,16.7,0.0,1.900000000000007
2,14.7,22.5,7.6,5.9,0.0,0.0,0.0,0.0,12.7,28.8,2025-09-18,0,2025,9,3,261,0,False,0,-1.0,-1.8369701987210297e-16,-0.9753363880767837,-0.2207236509605022,7,0.0,0.0,0.0,0.0,0.0,1.9,16.7,15.3,15.9,0.0,0.0
51,14.9,23.1,7.7,5.6,0.1,0.1,0.0,1.0,11.4,24.8,2025-09-19,0,2025,9,4,262,0,False,0,-1.0,-1.8369701987210297e-16,-0.9789888737409319,-0.20391367068311472,7,0.0,0.0,0.0,0.0,0.0,0.0,14.7,16.7,15.3,0.0,0.10000000000000711
3,16.8,29.2,6.9,4.8,0.0,0.0,0.0,0.0,10.3,23.0,2025-09-20,0,2025,9,5,263,1,False,0,-1.0,-1.8369701987210297e-16,-0.9823516608469237,-0.18704334906991657,7,0.0,0.0,0.0,0.1,0.0,0.0,14.9,14.7,16.7,0.0,0.10000000000000711
53,16.1,25.3,8.2,5.3,0.9,0.9,0.0,2.0,22.5,44.6,2025-09-21,1,2025,9,6,264,1,False,0,-1.0,-1.8369701987210297e-16,-0.9854237542919524,-0.17011767832049052,7,0.0,0.0,0.0,0.0,0.1,0.0,16.8,14.9,14.7,0.0,1.000000000000007
53,12.9,21.7,4.6,2.1,0.7,0.7,0.0,1.0,14.8,33.5,2025-09-22,0,2025,9,0,265,0,False,0,-1.0,-1.8369701987210297e-16,-0.9882042449941422,-0.15314166701312007,7,0.0,0.0,0.0,0.9,0.0,0.1,16.1,16.8,14.9,0.0,1.6000000000000072
3,18.1,29.0,10.5,7.1,0.0,0.0,0.0,0.0,13.9,22.3,2025-09-23,0,2025,9,1,266,0,False,0,-1.0,-1.8369701987210297e-16,-0.9906923101615609,-0.13612033862266704,7,0.0,0.0,0.0,0.7,0.9,0.0,12.9,16.1,16.8,0.0,1.6000000000000072
3,12.2,16.3,7.1,4.9,0.0,0.0,0.0,0.0,18.8,43.2,2025-09-24,0,2025,9,2,267,0,False,0,-1.0,-1.8369701987210297e-16,-0.9928872135356962,-0.11905873003404988,7,0.0,0.0,0.0,0.0,0.7,0.9,18.1,12.9,16.1,0.0,0.7000000000000071
3,13.5,26.3,4.2,0.5,0.0,0.0,0.0,0.0,22.9,40.7,2025-09-25,0,2025,9,3,268,0,False,0,-1.0,-1.8369701987210297e-16,-0.994788305609327,-0.10196189005174576,7,0.0,0.0,0.0,0.0,0.0,0.7,12.2,18.1,12.9,0.0,0.0
3,12.5,19.3,4.5,2.5,0.0,0.0,0.0,0.0,24.7,43.9,2025-09-26,0,2025,9,4,269,0,False,0,-1.0,-1.8369701987210297e-16,-0.9963950238187231,-0.08483487790576538,7,0.0,0.0,0.0,0.0,0.0,0.0,13.5,12.2,18.1,0.0,0.0
51,13.5,20.3,8.2,4.5,0.4,0.4,0.0,2.0,14.0,27.4,2025-09-27,0,2025,9,5,270,1,False,0,-1.0,-1.8369701987210297e-16,-0.9977068927101168,-0.06768276175455162,7,0.0,0.0,0.0,0.0,0.0,0.0,12.5,13.5,12.2,0.0,0.4000000000000071
3,10.3,16.0,4.8,2.0,0.0,0.0,0.0,0.0,24.7,47.9,2025-09-28,0,2025,9,6,271,1,False,0,-1.0,-1.8369701987210297e-16,-0.9987235240803972,-0.050510617185222886,7,0.0,0.0,0.0,0.4,0.0,0.0,13.5,12.5,13.5,0.0,0.4000000000000071
3,15.8,27.3,6.7,3.4,0.0,0.0,0.0,0.0,23.6,49.0,2025-09-29,0,2025,9,0,272,0,False,0,-1.0,-1.8369701987210297e-16,-0.9994446170919858,-0.033323525711631344,7,0.0,0.0,0.0,0.0,0.4,0.0,10.3,13.5,12.5,0.0,0.4000000000000071
3,14.2,20.2,9.0,6.9,0.0,0.0,0.0,0.0,10.3,22.7,2025-09-30,0,2025,9,1,273,0,False,0,-1.0,-1.8369701987210297e-16,-0.9998699583618592,-0.016126573270657762,7,0.0,0.0,0.0,0.0,0.0,0.4,15.8,10.3,13.5,0.0,0.0
51,12.2,19.6,7.0,4.1,0.2,0.2,0.0,2.0,15.3,35.6,2025-10-01,0,2025,10,2,274,0,True,0,-0.8660254037844386,0.5000000000000001,-0.9999994220246925,0.001075151282798226,7,0.0,0.0,0.0,0.0,0.0,0.0,14.2,15.8,10.3,0.0,0.20000000000000712
3,11.7,18.3,6.4,2.6,0.0,0.0,0.0,0.0,13.2,25.2,2025-10-02,0,2025,10,3,275,0,True,0,-0.8660254037844386,0.5000000000000001,-0.999832969770105,0.018276557681691223,7,0.0,0.0,0.0,0.2,0.0,0.0,12.2,14.2,15.8,0.0,0.20000000000000712
3,11.6,18.8,4.5,0.5,0.0,0.0,0.0,0.0,14.9,34.9,2025-10-03,0,2025,10,4,276,0,True,0,-0.8660254037844386,0.5000000000000001,-0.9993706508539969,0.03547255575312556,7,0.0,0.0,0.0,0.0,0.2,0.0,11.7,12.2,14.2,0.0,0.20000000000000712
61,6.8,11.5,2.4,-2.4,5.7,5.7,0.0,12.0,20.2,43.2,2025-10-04,0,2025,10,5,277,1,True,0,-0.8660254037844386,0.5000000000000001,-0.9986126020839734,0.052658056924614005,7,0.0,0.0,0.0,0.0,0.0,0.2,11.6,11.7,12.2,0.0,5.700000000000007
51,3.8,10.3,-2.4,-6.0,0.3,0.3,0.0,3.0,19.8,42.8,2025-10-05,0,2025,10,6,278,1,True,1,-0.8660254037844386,0.5000000000000001,-0.9975590477788613,0.06982797572987089,7,0.0,0.0,0.0,5.7,0.0,0.0,6.8,11.6,11.7,0.0,6.000000000000007
3,6.5,14.7,-0.5,-4.0,0.0,0.0,0.0,0.0,9.3,16.6,2025-10-06,1,2025,10,0,279,0,True,1,-0.8660254037844386,0.5000000000000001,-0.9962102997023297,0.0869772313136861,7,0.0,0.0,0.0,0.3,5.7,0.0,3.8,6.8,11.6,0.0,6.000000000000007
3,12.7,23.0,5.4,1.7,0.0,0.0,0.0,0.0,13.2,27.4,2025-10-07,0,2025,10,1,280,0,True,0,-0.8660254037844386,0.5000000000000001,-0.9945667569706337,0.1041007489354256,7,0.0,0.0,0.0,0.0,0.3,5.7,6.5,3.8,6.8,0.0,0.3000000000000071
3,7.9,11.6,3.1,-0.2,0.0,0.0,0.0,0.0,17.9,32.0,2025-10-08,0,2025,10,2,281,0,True,0,-0.8660254037844386,0.5000000000000001,-0.9926289059345095,0.121193461470736,7,0.0,0.0,0.0,0.0,0.0,0.3,12.7,6.5,3.8,0.0,0.0
0,6.1,16.3,-1.0,-4.5,0.0,0.0,0.0,0.0,13.0,32.0,2025-10-09,1,2025,10,3,282,0,True,1,-0.8660254037844386,0.5000000000000001,-0.9903973200352558,0.1382503109109819,7,0.0,0.0,0.0,0.0,0.0,0.0,7.9,12.7,6.5,0.0,0.0
2,8.9,19.6,1.0,-1.9,0.0,0.0,0.0,0.0,13.9,32.4,2025-10-10,0,2025,10,4,283,0,True,0,-0.8660254037844386,0.5000000000000001,-0.9878726596350429,0.15526624985999563,7,0.0,0.0,0.0,0.0,0.0,0.0,6.1,7.9,12.7,0.0,0.0
73,10.0,18.2,-0.2,-5.5,5.7,3.7,1.4,7.0,27.3,55.8,2025-10-11,0,2025,10,5,284,1,True,1,-0.8660254037844386,0.5000000000000001,-0.9850556718215013,0.172236243027682,7,0.0,0.0,0.0,0.0,0.0,0.0,8.9,6.1,7.9,1.4,5.700000000000007
73,-0.6,0.7,-2.0,-6.8,1.8,0.1,1.19,10.0,22.5,52.6,2025-10-12,1,2025,10,6,285,1,True,1,-0.8660254037844386,0.5000000000000001,-0.981947190186646,0.18915526872004093,7,1.4,0.0,0.0,5.7,0.0,0.0,10.0,8.9,6.1,2.59,7.500000000000007
3,-2.1,1.0,-5.0,-9.3,0.0,0.0,0.0,0.0,14.9,34.9,2025-10-13,3,2025,10,0,286,0,True,1,-0.8660254037844386,0.5000000000000001,-0.9785481345802031,0.20601832032517084,7,1.19,1.4,0.0,1.8,5.7,0.0,-0.6,10.0,8.9,2.59,7.500000000000007
0,-1.1,5.9,-5.5,-10.0,0.0,0.0,0.0,0.0,12.4,27.0,2025-10-14,8,2025,10,1,287,0,True,1,-0.8660254037844386,0.5000000000000001,-0.9748595108374125,0.22282040779479959,7,0.0,1.19,1.4,0.0,1.8,5.7,-2.1,-0.6,10.0,1.19,1.8000000000000071
3,3.1,13.1,-3.8,-7.7,0.0,0.0,0.0,0.0,10.1,21.2,2025-10-15,3,2025,10,2,288,0,True,1,-0.8660254037844386,0.5000000000000001,-0.9708824104813836,0.23955655912092708,7,0.0,0.0,1.19,0.0,0.0,1.8,-1.1,-2.1,-0.6,0.0,0.0
3,7.3,18.4,-2.2,-6.1,0.0,0.0,0.0,0.0,23.4,31.3,2025-10-16,0,2025,10,3,289,0,True,1,-0.8660254037844386,0.5000000000000001,-0.9666180104000972,0.2562218218071163,7,0.0,0.0,0.0,0.0,0.0,0.0,3.1,-1.1,-2.1,0.0,0.0
53,5.7,10.5,0.8,-2.5,1.6,1.6,0.0,3.0,20.1,35.6,2025-10-17,0,2025,10,4,290,0,True,0,-0.8660254037844386,0.5000000000000001,-0.9620675724981452,0.27281126433401914,7,0.0,0.0,0.0,0.0,0.0,0.0,7.3,3.1,-1.1,0.0,1.6000000000000072
3,5.8,11.6,0.9,-4.0,0.0,0.0,0.0,0.0,15.5,28.8,2025-10-18,0,2025,10,5,291,1,True,0,-0.8660254037844386,0.5000000000000001,-0.957232443323312,0.28931997761869527,7,0.0,0.0,0.0,1.6,0.0,0.0,5.7,7.3,3.1,0.0,1.6000000000000072
51,6.1,12.5,1.6,-1.5,0.5,0.5,0.0,4.0,14.8,40.7,2025-10-19,0,2025,10,6,292,1,True,0,-0.8660254037844386,0.5000000000000001,-0.9521140536681102,0.3057430764672831,7,0.0,0.0,0.0,0.0,1.6,0.0,5.8,5.7,7.3,0.0,2.100000000000007
51,3.9,10.7,-0.4,-4.0,0.1,0.1,0.0,1.0,9.7,24.8,2025-10-20,0,2025,10,0,293,0,True,1,-0.8660254037844386,0.5000000000000001,-0.9467139181463862,0.3220757010206104,7,0.0,0.0,0.0,0.5,0.0,1.6,6.1,5.8,5.7,0.0,0.6000000000000071
51,8.1,14.2,3.1,-1.4,0.2,0.2,0.0,1.0,23.3,44.6,2025-10-21,3,2025,10,1,294,0,True,0,-0.8660254037844386,0.5000000000000001,-0.9410336347451197,0.3383130181923076,7,0.0,0.0,0.0,0.1,0.5,0.0,3.9,6.1,5.8,0.0,0.8000000000000071
3,5.4,14.8,-3.1,-7.0,0.0,0.0,0.0,0.0,12.3,29.5,2025-10-22,2,2025,10,2,295,0,True,1,-0.8660254037844386,0.5000000000000001,-0.9350748843515574,0.3544502230989869,7,0.0,0.0,0.0,0.2,0.1,0.5,8.1,3.9,6.1,0.0,0.30000000000000715
3,9.4,16.1,5.5,0.4,0.0,0.0,0.0,0.0,21.2,37.8,2025-10-23,1,2025,10,3,296,0,True,0,-0.8660254037844386,0.5000000000000001,-0.9288394302558068,0.3704825404820963,7,0.0,0.0,0.0,0.0,0.2,0.1,5.4,8.1,3.9,0.0,0.20000000000000712
3,10.8,16.2,6.9,2.2,0.0,0.0,0.0,0.0,21.8,45.0,2025-10-24,0,2025,10,4,297,0,True,0,-0.8660254037844386,0.5000000000000001,-0.9223291176290545,0.3864052261209853,7,0.0,0.0,0.0,0.0,0.0,0.2,9.4,5.4,8.1,0.0,0.0
51,10.0,13.8,6.0,1.7,0.5,0.5,0.0,5.0,28.3,54.7,2025-10-25,0,2025,10,5,298,1,True,0,-0.8660254037844386,0.5000000000000001,-0.9155458729775467,0.40221356823680365,7,0.0,0.0,0.0,0.0,0.0,0.0,10.8,9.4,5.4,0.0,0.5000000000000071
51,5.7,10.3,2.0,-3.1,0.6,0.6,0.0,3.0,21.7,45.0,2025-10-26,0,2025,10,6,299,1,True,0,-0.8660254037844386,0.5000000000000001,-0.9084917035725082,0.41790288888678667,7,0.0,0.0,0.0,0.5,0.0,0.0,10.0,10.8,9.4,0.0,1.1000000000000072
51,3.5,7.4,0.7,-4.6,0.3,0.3,0.0,3.0,21.7,47.2,2025-10-27,0,2025,10,0,300,0,True,0,-0.8660254037844386,0.5000000000000001,-0.9011686968561569,0.4334685453485363,7,0.0,0.0,0.0,0.6,0.5,0.0,5.7,10.0,10.8,0.0,1.400000000000007
3,2.8,8.6,-3.3,-8.0,0.0,0.0,0.0,0.0,14.4,29.2,2025-10-28,0,2025,10,1,301,0,True,1,-0.8660254037844386,0.5000000000000001,-0.8935790198239952,0.4489059314938798,7,0.0,0.0,0.0,0.3,0.6,0.5,3.5,5.7,10.0,0.0,0.900000000000007
3,7.0,12.0,2.6,-1.9,0.0,0.0,0.0,0.0,27.8,59.4,2025-10-29,1,2025,10,2,302,0,True,0,-0.8660254037844386,0.5000000000000001,-0.8857249183835637,0.4642104791518923,7,0.0,0.0,0.0,0.0,0.3,0.6,2.8,3.5,5.7,0.0,0.3000000000000071
2,3.8,10.5,-2.1,-5.9,0.0,0.0,0.0,0.0,16.0,31.3,2025-10-30,0,2025,10,3,303,0,True,1,-0.8660254037844386,0.5000000000000001,-0.8776087166898392,0.4793776594606945,7,0.0,0.0,0.0,0.0,0.0,0.3,7.0,2.8,3.5,0.0,0.0
3,2.5,9.5,-4.5,-8.3,0.0,0.0,0.0,0.0,18.6,29.9,2025-10-31,0,2025,10,4,304,0,True,1,-0.8660254037844386,0.5000000000000001,-0.8692328164574792,0.49440298420761813,7,0.0,0.0,0.0,0.0,0.0,0.0,3.8,7.0,2.8,0.0,0.0
53,9.5,14.5,6.1,2.9,1.1,1.1,0.0,3.0,18.5,47.9,2025-11-01,0,2025,11,5,305,1,True,0,-0.5000000000000004,0.8660254037844384,-0.8605996962501181,0.5092820071573356,7,0.0,0.0,0.0,0.0,0.0,0.0,2.5,3.8,7.0,0.0,1.1000000000000072
1,3.8,8.7,-1.1,-5.1,0.0,0.0,0.0,0.0,29.9,63.4,2025-11-02,2,2025,11,6,306,1,True,1,-0.5000000000000004,0.8660254037844384,-0.8517119107469189,0.5240103253675756,7,0.0,0.0,0.0,1.1,0.0,0.0,9.5,2.5,3.8,0.0,1.1000000000000072
3,3.0,9.0,-1.0,-5.1,0.0,0.0,0.0,0.0,16.6,30.2,2025-11-03,1,2025,11,0,307,0,True,1,-0.5000000000000004,0.8660254037844384,-0.8425720899866032,0.5385835804920232,7,0.0,0.0,0.0,0.0,1.1,0.0,3.8,9.5,2.5,0.0,1.1000000000000072
3,0.3,7.2,-3.8,-9.0,0.0,0.0,0.0,0.0,12.0,20.9,2025-11-04,2,2025,11,1,308,0,True,1,-0.5000000000000004,0.8660254037844384,-0.8331829385891785,0.5529974600700271,7,0.0,0.0,0.0,0.0,0.0,1.1,3.0,3.8,9.5,0.0,0.0
51,-0.6,4.2,-5.5,-9.4,0.1,0.1,0.0,1.0,15.5,34.2,2025-11-05,0,2025,11,2,309,0,True,1,-0.5000000000000004,0.8660254037844384,-0.8235472349556007,0.5672476988027229,7,0.0,0.0,0.0,0.0,0.0,0.0,0.3,3.0,3.8,0.0,0.10000000000000711
3,6.0,12.9,1.0,-2.9,0.0,0.0,0.0,0.0,17.2,37.4,2025-11-06,3,2025,11,3,310,0,True,0,-0.5000000000000004,0.8660254037844384,-0.8136678304455991,0.5813300798152042,7,0.0,0.0,0.0,0.1,0.0,0.0,-0.6,0.3,3.0,0.0,0.10000000000000711
75,0.8,3.4,-1.0,-4.9,6.2,1.4,3.36,13.0,13.3,34.6,2025-11-07,4,2025,11,4,311,0,True,1,-0.5000000000000004,0.8660254037844384,-0.8035476485339116,0.5952404359043674,7,0.0,0.0,0.0,0.0,0.1,0.0,6.0,-0.6,0.3,3.36,6.300000000000007
3,2.4,7.9,-0.8,-5.1,0.0,0.0,0.0,0.0,13.9,27.0,2025-11-08,2,2025,11,5,312,1,True,1,-0.5000000000000004,0.8660254037844384,-0.7931896839451843,0.6089746507720486,7,3.36,0.0,0.0,6.2,0.0,0.1,0.8,6.0,-0.6,3.36,6.200000000000007
3,4.9,11.3,-0.7,-4.3,0.0,0.0,0.0,0.0,17.6,32.8,2025-11-09,1,2025,11,6,313,1,True,1,-0.5000000000000004,0.8660254037844384,-0.7825970017677834,0.6225286602431057,7,0.0,3.36,0.0,0.0,6.2,0.0,2.4,0.8,6.0,3.36,6.200000000000007
3,10.9,15.3,6.1,2.1,0.0,0.0,0.0,0.0,34.8,64.8,2025-11-10,1,2025,11,0,314,0,True,0,-0.5000000000000004,0.8660254037844384,-0.7717727365467836,0.6358984534680745,7,0.0,0.0,3.36,0.0,0.0,6.2,4.9,2.4,0.8,0.0,0.0
3,5.7,12.6,1.8,-2.3,0.0,0.0,0.0,0.0,15.9,35.3,2025-11-11,1,2025,11,1,315,0,True,0,-0.5000000000000004,0.8660254037844384,-0.7607200913564104,0.6490800741100398,7,0.0,0.0,0.0,0.0,0.0,0.0,10.9,4.9,2.4,0.0,0.0
3,2.5,7.6,-1.0,-4.4,0.0,0.0,0.0,0.0,9.5,17.3,2025-11-12,2,2025,11,2,316,0,True,1,-0.5000000000000004,0.8660254037844384,-0.7494423368521954,0.6620696215153815,7,0.0,0.0,0.0,0.0,0.0,0.0,5.7,10.9,4.9,0.0,0.0
3,8.2,16.4,1.0,-2.7,0.0,0.0,0.0,0.0,29.5,61.9,2025-11-13,1,2025,11,3,317,0,True,0,-0.5000000000000004,0.8660254037844384,-0.7379428103031386,0.6748632518680403,7,0.0,0.0,0.0,0.0,0.0,0.0,2.5,5.7,10.9,0.0,0.0
73,-0.4,8.2,-4.4,-8.5,1.2,0.1,0.77,7.0,19.9,38.2,2025-11-14,6,2025,11,4,318,0,True,1,-0.5000000000000004,0.8660254037844384,-0.7262249146041543,0.6874571793269664,7,0.0,0.0,0.0,0.0,0.0,0.0,8.2,2.5,5.7,0.77,1.200000000000007
3,1.1,8.4,-4.8,-8.9,0.0,0.0,0.0,0.0,9.7,18.4,2025-11-15,0,2025,11,5,319,1,True,1,-0.5000000000000004,0.8660254037844384,-0.7142921172691032,0.699847677146407,7,0.77,0.0,0.0,1.2,0.0,0.0,-0.4,8.2,2.5,0.77,1.200000000000007
3,2.3,8.3,-2.2,-5.4,0.0,0.0,0.0,0.0,9.1,19.1,2025-11-16,0,2025,11,6,320,1,True,1,-0.5000000000000004,0.8660254037844384,-0.7021479494046978,0.7120310787787131,7,0.0,0.77,0.0,0.0,1.2,0.0,1.1,-0.4,8.2,0.77,1.200000000000007
3,5.4,12.2,2.1,-1.5,0.0,0.0,0.0,0.0,13.3,24.1,2025-11-17,2,2025,11,0,321,0,True,0,-0.5000000000000004,0.8660254037844384,-0.6897960046655887,0.7240037789593305,7,0.0,0.0,0.77,0.0,0.0,1.2,2.3,1.1,-0.4,0.0,0.0
73,-0.4,1.9,-2.7,-6.2,4.7,2.1,1.82,11.0,19.9,39.6,2025-11-18,2,2025,11,1,322,0,True,1,-0.5000000000000004,0.8660254037844384,-0.6772399381909491,0.7357622347736527,7,0.0,0.0,0.0,0.0,0.0,0.0,5.4,2.3,1.1,1.82,4.700000000000007
3,-0.4,5.4,-5.1,-8.8,0.0,0.0,0.0,0.0,16.4,31.0,2025-11-19,25,2025,11,2,323,0,True,1,-0.5000000000000004,0.8660254037844384,-0.6644834655228552,0.7473029667054296,7,1.82,0.0,0.0,4.7,0.0,0.0,-0.4,5.4,2.3,1.82,4.700000000000007
3,-1.6,5.9,-6.7,-10.8,0.0,0.0,0.0,0.0,12.6,17.3,2025-11-20,67,2025,11,3,324,0,True,1,-0.5000000000000004,0.8660254037844384,-0.6515303615068021,0.75862255966641,7,0.0,1.82,0.0,0.0,4.7,0.0,-0.4,-0.4,5.4,1.82,4.700000000000007
3,4.1,9.6,-0.2,-4.4,0.0,0.0,0.0,0.0,22.2,51.5,2025-11-21,24,2025,11,4,325,0,True,1,-0.5000000000000004,0.8660254037844384,-0.6383844591746642,0.7697176640069211,7,0.0,0.0,1.82,0.0,0.0,4.7,-1.6,-0.4,-0.4,0.0,0.0
3,3.4,10.3,-0.6,-4.7,0.0,0.0,0.0,0.0,14.9,29.5,2025-11-22,4,2025,11,5,326,1,True,1,-0.5000000000000004,0.8660254037844384,-0.6250496486104377,0.7805849965070866,7,0.0,0.0,0.0,0.0,0.0,0.0,4.1,-1.6,-0.4,0.0,0.0
71,-0.9,1.3,-2.7,-6.2,0.7,0.0,0.49,7.0,13.0,20.2,2025-11-23,3,2025,11,6,327,1,True,1,-0.5000000000000004,0.8660254037844384,-0.6115298757991053,0.7912213413483807,7,0.0,0.0,0.0,0.0,0.0,0.0,3.4,4.1,-1.6,0.49,0.7000000000000071
75,-4.8,-2.1,-14.9,-19.1,10.5,0.0,7.35,15.0,11.5,22.7,2025-11-24,201,2025,11,0,328,0,True,0,-0.5000000000000004,0.8660254037844384,-0.5978291414589552,0.801623551065242,7,0.49,0.0,0.0,0.7,0.0,0.0,-0.9,3.4,4.1,7.84,11.200000000000006
3,-13.3,-7.3,-17.9,-22.4,0.0,0.0,0.0,0.0,10.2,16.9,2025-11-25,632,2025,11,1,329,0,True,0,-0.5000000000000004,0.8660254037844384,-0.5839514998576998,0.8117885474764613,7,7.35,0.49,0.0,10.5,0.7,0.0,-4.8,-0.9,3.4,7.84,11.200000000000006
3,-11.2,-3.6,-15.5,-20.6,0.0,0.0,0.0,0.0,10.0,17.6,2025-11-26,651,2025,11,2,330,0,True,0,-0.5000000000000004,0.8660254037844384,-0.5699010576127624,0.8217133225960589,7,0.0,7.35,0.49,0.0,10.5,0.7,-13.3,-4.8,-0.9,7.35,10.500000000000007
71,-12.0,-6.8,-17.5,-22.5,0.8,0.0,0.56,6.0,10.9,20.2,2025-11-27,448,2025,11,3,331,0,True,0,-0.5000000000000004,0.8660254037844384,-0.5556819724760489,0.8313949395234058,7,0.0,0.0,7.35,0.0,0.0,10.5,-11.2,-13.3,-4.8,0.56,0.8000000000000071
71,-12.0,-8.9,-21.3,-26.4,2.5,0.0,1.75,14.0,17.9,34.6,2025-11-28,148,2025,11,4,332,0,True,0,-0.5000000000000004,0.8660254037844384,-0.5412984521036173,0.8408305333122887,7,0.56,0.0,0.0,0.8,0.0,0.0,-12.0,-11.2,-13.3,2.31,3.300000000000007
2,-17.7,-10.0,-23.5,-28.9,0.0,0.0,0.0,0.0,10.3,16.2,2025-11-29,245,2025,11,5,333,1,True,0,-0.5000000000000004,0.8660254037844384,-0.5267547528105542,0.8500173118187018,7,1.75,0.56,0.0,2.5,0.8,0.0,-12.0,-12.0,-11.2,2.31,3.300000000000007
3,-13.4,-5.6,-21.2,-26.8,0.0,0.0,0.0,0.0,12.3,20.9,2025-11-30,259,2025,11,6,334,1,True,0,-0.5000000000000004,0.8660254037844384,-0.5120551783114646,0.8589525565270845,7,0.0,1.75,0.56,0.0,2.5,0.8,-17.7,-12.0,-12.0,1.75,2.500000000000007
3,-3.5,2.3,-10.1,-15.3,0.0,0.0,0.0,0.0,18.9,28.8,2025-12-01,490,2025,12,0,335,0,True,1,-2.4492935982947064e-16,1.0,-0.4972040784469378,0.8676336233547726,7,0.0,0.0,1.75,0.0,0.0,2.5,-13.4,-17.7,-12.0,0.0,0.0
71,-0.6,2.6,-5.2,-8.8,1.7,0.0,1.19,11.0,19.3,36.4,2025-12-02,235,2025,12,1,336,0,True,1,-2.4492935982947064e-16,1.0,-0.4822058478963526,0.8760579434344281,7,0.0,0.0,0.0,0.0,0.0,0.0,-3.5,-13.4,-17.7,1.19,1.700000000000007
71,-4.3,0.6,-9.7,-14.0,0.3,0.0,0.21,3.0,15.8,29.2,2025-12-03,247,2025,12,2,337,0,True,1,-2.4492935982947064e-16,1.0,-0.46706492487743034,0.8842230238742036,7,1.19,0.0,0.0,1.7,0.0,0.0,-0.6,-3.5,-13.4,1.4,2.000000000000007
71,0.8,3.6,-1.4,-6.6,0.6,0.2,0.28,4.0,16.0,29.5,2025-12-04,440,2025,12,3,338,0,True,1,-2.4492935982947064e-16,1.0,-0.451785789832884,0.8921264484954345,7,0.21,1.19,0.0,0.3,1.7,0.0,-4.3,-0.6,-3.5,1.68,2.6000000000000068
73,-6.5,-1.3,-11.8,-16.7,1.7,0.1,1.12,11.0,13.2,24.8,2025-12-05,189,2025,12,4,339,0,True,0,-2.4492935982947064e-16,1.0,-0.4363729641045924,0.8997658785476209,7,0.28,0.21,1.19,0.6,0.3,1.7,0.8,-4.3,-0.6,1.61,2.6000000000000068
73,-14.4,-12.1,-15.8,-21.2,2.2,0.0,1.54,9.0,12.2,26.6,2025-12-06,93,2025,12,5,340,1,True,0,-2.4492935982947064e-16,1.0,-0.42083100859565564,0.9071390534005044,7,1.12,0.28,0.21,1.7,0.6,0.3,-6.5,0.8,-4.3,2.9400000000000004,4.500000000000007
3,-6.7,-1.3,-13.6,-17.9,0.0,0.0,0.0,0.0,12.6,30.6,2025-12-07,267,2025,12,6,341,1,True,0,-2.4492935982947064e-16,1.0,-0.4051645224207563,0.9142437912130223,7,1.54,1.12,0.28,2.2,1.7,0.6,-14.4,-6.5,0.8,2.66,3.900000000000007
3,0.7,3.6,-3.2,-8.0,0.0,0.0,0.0,0.0,20.0,38.9,2025-12-08,516,2025,12,0,342,0,True,1,-2.4492935982947064e-16,1.0,-0.3893781415452015,0.9210779895789526,7,0.0,1.54,1.12,0.0,2.2,1.7,-6.7,-14.4,-6.5,1.54,2.2000000000000073
51,-0.4,4.3,-8.9,-13.4,0.2,0.2,0.0,2.0,23.2,50.0,2025-12-09,454,2025,12,1,343,0,True,1,-2.4492935982947064e-16,1.0,-0.37347653741307074,0.9276396261490467,7,0.0,0.0,1.54,0.0,0.0,2.2,0.7,-6.7,-14.4,0.0,0.20000000000000712
73,-2.4,4.4,-8.3,-13.3,1.9,0.5,0.98,4.0,14.3,26.6,2025-12-10,411,2025,12,2,344,0,True,1,-2.4492935982947064e-16,1.0,-0.3574644155648614,0.9339267592294762,7,0.0,0.0,0.0,0.2,0.0,0.0,-0.4,0.7,-6.7,0.98,2.100000000000007
73,-16.0,-5.4,-21.0,-25.7,2.8,0.0,1.96,7.0,21.4,42.1,2025-12-11,126,2025,12,3,345,0,True,0,-2.4492935982947064e-16,1.0,-0.34134651424503615,0.9399375283564133,7,0.98,0.0,0.0,1.9,0.2,0.0,-2.4,-0.4,0.7,2.94,4.9000000000000075
73,-20.3,-17.2,-22.2,-27.1,4.5,0.0,3.15,16.0,12.6,27.4,2025-12-12,107,2025,12,4,346,0,True,0,-2.4492935982947064e-16,1.0,-0.3251276029999093,0.9456701548465688,7,1.96,0.98,0.0,2.8,1.9,0.2,-16.0,-2.4,-0.4,6.09,9.200000000000006
73,-12.9,1.7,-20.1,-24.7,0.6,0.0,0.42,3.0,15.5,30.2,2025-12-13,102,2025,12,5,347,1,True,1,-2.4492935982947064e-16,1.0,-0.30881248126625377,0.9511229423235357,7,3.15,1.96,0.98,4.5,2.8,1.9,-20.3,-16.0,-2.4,5.529999999999999,7.9000000000000075
3,2.4,4.9,-2.2,-6.3,0.0,0.0,0.0,0.0,15.4,28.1,2025-12-14,239,2025,12,6,348,1,True,1,-2.4492935982947064e-16,1.0,-0.29240597695107734,0.9562942772197719,7,0.42,3.15,1.96,0.6,4.5,2.8,-12.9,-20.3,-16.0,3.57,5.100000000000008
51,5.5,9.8,0.6,-3.8,0.3,0.3,0.0,1.0,34.0,67.7,2025-12-15,367,2025,12,0,349,0,True,0,-2.4492935982947064e-16,1.0,-0.27591294500296043,0.9611826292540837,7,0.0,0.42,3.15,0.0,0.6,4.5,2.4,-12.9,-20.3,0.42,0.9000000000000079
3,1.1,6.6,-2.9,-7.0,0.0,0.0,0.0,0.0,32.0,62.6,2025-12-16,892,2025,12,1,350,0,True,1,-2.4492935982947064e-16,1.0,-0.2593382659754056,0.9657865518844574,7,0.0,0.0,0.42,0.3,0.0,0.6,5.5,2.4,-12.9,0.0,0.300000000000008
75,-6.5,0.9,-16.5,-21.6,6.8,0.4,4.48,11.0,36.2,71.6,2025-12-17,337,2025,12,2,351,0,True,1,-2.4492935982947064e-16,1.0,-0.2426868445825954,0.9701046827361175,7,0.0,0.0,0.0,0.0,0.3,0.0,1.1,5.5,2.4,4.48,7.100000000000008
71,-6.6,0.1,-19.9,-25.0,0.2,0.0,0.14,2.0,18.5,33.5,2025-12-18,415,2025,12,3,352,0,True,1,-2.4492935982947064e-16,1.0,-0.22596360824801906,0.974135744004672,7,4.48,0.0,0.0,6.8,0.0,0.3,-6.5,1.1,5.5,4.62,7.000000000000008
71,-14.1,-2.6,-22.0,-26.9,0.2,0.0,0.14,1.0,19.9,37.1,2025-12-19,347,2025,12,4,353,0,True,0,-2.4492935982947064e-16,1.0,-0.20917350564635637,0.9778785428342386,7,0.14,4.48,0.0,0.2,6.8,0.0,-6.6,-6.5,1.1,4.760000000000001,7.200000000000008
71,-15.8,-5.3,-23.8,-29.0,0.1,0.0,0.07,1.0,18.9,37.4,2025-12-20,175,2025,12,5,354,1,True,0,-2.4492935982947064e-16,1.0,-0.19232150523909483,0.9813319716704275,7,0.14,0.14,4.48,0.2,0.2,6.8,-14.1,-6.6,-6.5,0.35000000000000003,0.500000000000008
3,-13.0,-4.1,-20.7,-25.4,0.0,0.0,0.0,0.0,21.6,37.1,2025-12-21,145,2025,12,6,355,1,True,0,-2.4492935982947064e-16,1.0,-0.17541259380427843,0.9844950085880858,7,0.07,0.14,0.14,0.1,0.2,0.2,-15.8,-14.1,-6.6,0.21000000000000002,0.30000000000000804
71,-21.1,-19.4,-23.4,-28.8,0.2,0.0,0.14,2.0,11.9,26.3,2025-12-22,129,2025,12,0,356,0,True,0,-2.4492935982947064e-16,1.0,-0.15845177496083632,0.9873667175937016,7,0.0,0.07,0.14,0.0,0.1,0.2,-13.0,-15.8,-14.1,0.21000000000000002,0.30000000000000804
3,-9.4,-1.8,-22.1,-27.8,0.0,0.0,0.0,0.0,18.2,33.5,2025-12-23,222,2025,12,1,357,0,True,0,-2.4492935982947064e-16,1.0,-0.14144406768794202,0.9899462489023779,7,0.14,0.0,0.07,0.2,0.0,0.1,-21.1,-13.0,-15.8,0.14,0.200000000000008
73,-18.3,-14.8,-20.5,-25.5,4.2,0.0,2.94,13.0,9.8,17.6,2025-12-24,69,2025,12,2,358,0,True,0,-2.4492935982947064e-16,1.0,-0.12439450483979998,0.9922328391893008,7,0.0,0.14,0.0,0.0,0.2,0.0,-9.4,-21.1,-13.0,3.08,4.400000000000008
73,-14.1,-7.9,-20.4,-25.3,1.5,0.0,1.05,3.0,12.4,18.0,2025-12-25,45,2025,12,3,359,0,True,0,-2.4492935982947064e-16,1.0,-0.10730813165636247,0.9942258118156161,7,2.94,0.0,0.14,4.2,0.0,0.2,-18.3,-9.4,-21.1,3.99,5.700000000000008
73,-13.6,-12.3,-15.4,-19.9,1.1,0.0,0.77,7.0,15.9,31.3,2025-12-26,35,2025,12,4,360,0,True,0,-2.4492935982947064e-16,1.0,-0.09019000427034513,0.9959245770286599,7,1.05,2.94,0.0,1.5,4.2,0.0,-14.1,-18.3,-9.4,4.76,6.800000000000008
73,-21.6,-14.2,-29.4,-34.8,1.4,0.0,0.98,9.0,23.1,45.4,2025-12-27,60,2025,12,5,361,1,True,0,-2.4492935982947064e-16,1.0,-0.07304518821104743,0.9973286321364752,7,0.77,1.05,2.94,1.1,1.5,4.2,-13.6,-14.1,-18.3,2.8,4.000000000000008
3,-16.8,-4.2,-31.6,-37.4,0.0,0.0,0.0,0.0,17.7,28.1,2025-12-28,159,2025,12,6,362,1,True,0,-2.4492935982947064e-16,1.0,-0.05587875690537313,0.9984375616565666,7,0.98,0.77,1.05,1.4,1.1,1.5,-21.6,-13.6,-14.1,1.75,2.500000000000008
3,-1.0,3.9,-4.7,-10.6,0.0,0.0,0.0,0.0,18.6,34.2,2025-12-29,306,2025,12,0,363,0,True,1,-2.4492935982947064e-16,1.0,-0.03869579017652689,0.9992510374388481,7,0.0,0.98,0.77,0.0,1.4,1.1,-16.8,-21.6,-13.6,0.98,1.400000000000008
3,1.5,6.9,-2.2,-7.3,0.0,0.0,0.0,0.0,17.0,29.9,2025-12-30,382,2025,12,1,364,0,True,1,-2.4492935982947064e-16,1.0,-0.021501372740813793,0.999768818762748,7,0.0,0.0,0.98,0.0,0.0,1.4,-1.0,-16.8,-21.6,0.0,0.0
3,0.2,5.3,-2.5,-6.8,0.0,0.0,0.0,0.0,15.9,25.2,2025-12-31,304,2025,12,2,365,0,True,1,-2.4492935982947064e-16,1.0,-0.004300592702981974,0.9999907524084426,7,0.0,0.0,0.0,0.0,0.0,0.0,1.5,-1.0,-16.8,0.0,0.0
