time,weather_code,temperature_2m_mean,temperature_2m_max,temperature_2m_min,apparent_temperature_min,precipitation_sum,rain_sum,snowfall_sum,precipitation_hours,wind_speed_10m_max,wind_gusts_10m_max
2018-01-01,3,-22.0,-8.4,-35.2,-40.2,0.0,0.0,0.0,0.0,17.1,29.2
2018-01-02,3,-5.4,-1.6,-8.4,-14.2,0.0,0.0,0.0,0.0,17.7,29.9
2018-01-03,3,-3.3,1.3,-5.7,-10.4,0.0,0.0,0.0,0.0,15.0,24.5
2018-01-04,3,-5.8,-0.7,-8.8,-13.5,0.0,0.0,0.0,0.0,12.4,20.9
2018-01-05,1,-2.7,3.6,-9.0,-13.8,0.0,0.0,0.0,0.0,13.6,22.7
2018-01-06,3,1.4,5.1,-4.7,-9.1,0.0,0.0,0.0,0.0,20.0,35.3
2018-01-07,3,-3.0,0.9,-6.3,-11.0,0.0,0.0,0.0,0.0,10.9,18.4
2018-01-08,3,-0.3,3.6,-5.3,-9.8,0.0,0.0,0.0,0.0,13.8,27.0
2018-01-09,71,-8.1,-0.8,-18.1,-24.5,0.0,0.0,0.07,0.0,21.8,41.8
2018-01-10,73,-21.1,-18.0,-23.9,-28.7,2.1,0.0,1.82,12.0,17.2,36.0
2018-01-11,71,-27.3,-23.9,-30.5,-35.9,0.0,0.0,0.07,0.0,11.1,24.5
2018-01-12,3,-24.1,-19.3,-29.1,-34.4,0.0,0.0,0.0,0.0,9.0,18.0
2018-01-13,3,-6.2,0.0,-20.4,-25.3,0.0,0.0,0.0,0.0,15.1,25.9
2018-01-14,71,-4.1,-1.3,-8.3,-12.9,0.6,0.0,0.98,4.0,13.4,24.5
2018-01-15,71,-9.6,-7.8,-11.0,-16.9,0.0,0.0,0.07,0.0,18.2,37.1
2018-01-16,2,-3.3,4.7,-11.5,-16.3,0.0,0.0,0.0,0.0,15.9,25.2
2018-01-17,3,-0.3,2.9,-6.3,-11.1,0.0,0.0,0.0,0.0,16.3,27.4
2018-01-18,3,3.1,5.0,-0.2,-5.7,0.0,0.0,0.0,0.0,20.9,42.5
2018-01-19,3,-1.1,3.0,-4.3,-9.1,0.0,0.0,0.0,0.0,17.8,36.4
2018-01-20,3,-2.9,2.6,-7.6,-12.6,0.0,0.0,0.0,0.0,13.3,24.5
2018-01-21,3,-2.6,3.8,-7.3,-12.0,0.0,0.0,0.0,0.0,14.0,30.2
2018-01-22,3,-0.8,4.1,-3.4,-9.5,0.0,0.0,0.0,0.0,22.5,42.5
2018-01-23,3,-3.4,1.4,-6.9,-11.6,0.0,0.0,0.0,0.0,10.5,22.7
2018-01-24,71,-1.1,4.0,-3.2,-7.6,0.0,0.0,0.07,0.0,11.3,23.0
2018-01-25,3,-5.3,1.0,-9.3,-13.6,0.0,0.0,0.0,0.0,9.5,19.4
2018-01-26,3,-10.7,-8.0,-14.6,-19.6,0.0,0.0,0.0,0.0,9.6,22.0
2018-01-27,73,-15.2,-12.8,-18.4,-23.1,1.4,0.0,1.12,7.0,14.7,33.1
2018-01-28,71,-17.2,-14.4,-21.1,-25.7,0.3,0.0,0.28,2.0,13.7,26.3
2018-01-29,51,-7.4,4.8,-17.2,-22.2,0.2,0.2,0.0,1.0,23.7,62.3
2018-01-30,71,0.8,4.7,-4.1,-8.2,0.2,0.0,0.14,1.0,30.9,64.8
2018-01-31,71,-13.6,-2.5,-17.8,-22.6,0.1,0.0,0.42,1.0,16.5,33.8
2018-02-01,3,-15.9,-12.4,-17.7,-22.5,0.0,0.0,0.0,0.0,8.4,20.5
2018-02-02,3,-17.8,-16.8,-19.3,-24.4,0.0,0.0,0.0,0.0,10.6,24.8
2018-02-03,73,-20.0,-17.3,-22.3,-27.0,3.9,0.0,3.01,15.0,17.6,36.0
2018-02-04,73,-17.8,-9.5,-26.3,-32.0,2.9,0.0,2.1,9.0,11.9,19.1
2018-02-05,71,-17.6,-13.3,-22.8,-27.7,0.2,0.0,0.28,1.0,10.8,19.8
2018-02-06,3,-15.0,-11.1,-24.0,-29.4,0.0,0.0,0.0,0.0,16.1,32.4
2018-02-07,73,-12.1,-9.6,-14.4,-19.2,2.9,0.0,2.73,7.0,10.1,21.2
2018-02-08,73,-17.6,-14.4,-22.6,-27.4,9.6,0.0,6.79,17.0,12.0,22.0
2018-02-09,3,-24.2,-14.9,-32.7,-37.8,0.0,0.0,0.0,0.0,9.8,15.8
2018-02-10,3,-14.5,-6.2,-23.5,-29.2,0.0,0.0,0.0,0.0,15.2,25.6
2018-02-11,71,-17.1,-10.8,-28.1,-33.4,1.1,0.0,1.05,6.0,19.6,28.1
2018-02-12,3,-18.0,-5.4,-28.9,-34.4,0.0,0.0,0.0,0.0,19.5,32.0
2018-02-13,3,2.1,7.1,-5.0,-11.5,0.0,0.0,0.0,0.0,27.5,54.4
2018-02-14,71,-6.6,0.1,-14.8,-19.6,0.0,0.0,0.42,0.0,24.7,49.3
2018-02-15,71,-15.0,-9.5,-22.2,-27.4,0.1,0.0,0.21,1.0,15.9,23.0
2018-02-16,71,-5.6,-2.6,-11.8,-16.5,0.3,0.0,0.42,2.0,16.9,33.8
2018-02-17,73,-13.4,-12.3,-14.6,-19.3,3.0,0.0,2.31,11.0,11.5,20.9
2018-02-18,71,-17.0,-14.1,-23.8,-28.6,0.6,0.0,0.77,4.0,20.3,41.4
2018-02-19,3,-21.1,-14.1,-27.6,-33.1,0.0,0.0,0.0,0.0,11.2,20.2
2018-02-20,3,-16.2,-9.4,-23.8,-29.6,0.0,0.0,0.0,0.0,15.1,32.4
2018-02-21,3,-17.1,-7.8,-23.9,-29.6,0.0,0.0,0.0,0.0,11.9,22.7
2018-02-22,71,-12.2,-7.0,-18.2,-23.5,0.0,0.0,0.28,0.0,13.2,26.3
2018-02-23,3,-11.1,-2.3,-20.4,-25.7,0.0,0.0,0.0,0.0,18.7,32.4
2018-02-24,71,-5.0,-0.8,-8.3,-14.3,0.6,0.0,0.56,4.0,19.4,37.8
2018-02-25,3,-3.9,2.1,-8.1,-13.8,0.0,0.0,0.0,0.0,21.2,51.5
2018-02-26,3,-6.4,0.5,-12.4,-17.0,0.0,0.0,0.0,0.0,17.5,37.8
2018-02-27,51,-2.6,3.3,-7.4,-12.8,0.1,0.1,0.0,1.0,26.3,58.0
2018-02-28,2,-4.5,2.6,-9.9,-15.3,0.0,0.0,0.0,0.0,11.6,27.7
2018-03-01,73,-7.1,-3.6,-11.4,-15.8,1.7,0.0,1.26,6.0,17.0,38.9
2018-03-02,73,-8.8,-6.9,-9.8,-14.6,11.6,0.0,8.12,24.0,13.5,29.2
2018-03-03,73,-11.0,-9.7,-12.6,-17.5,5.4,0.0,3.92,18.0,16.6,32.0
2018-03-04,71,-15.5,-11.0,-21.1,-25.3,0.0,0.0,0.07,0.0,9.2,13.3
2018-03-05,3,-18.4,-8.2,-25.6,-30.3,0.0,0.0,0.0,0.0,9.5,17.6
2018-03-06,2,-16.3,-7.6,-24.8,-29.2,0.0,0.0,0.0,0.0,9.9,22.0
2018-03-07,3,-12.9,-4.5,-20.1,-25.0,0.0,0.0,0.0,0.0,8.8,15.5
2018-03-08,71,-12.2,-6.7,-18.3,-23.0,0.2,0.0,0.14,2.0,11.8,25.6
2018-03-09,71,-3.8,2.8,-8.7,-13.1,0.2,0.0,0.14,2.0,22.1,44.3
2018-03-10,1,-5.8,2.6,-13.0,-18.1,0.0,0.0,0.0,0.0,11.0,22.3
2018-03-11,0,-5.8,2.9,-14.1,-19.2,0.0,0.0,0.0,0.0,10.7,15.5
2018-03-12,0,-4.4,5.3,-13.0,-18.0,0.0,0.0,0.0,0.0,10.7,23.0
2018-03-13,2,-2.0,12.0,-11.2,-16.2,0.0,0.0,0.0,0.0,11.8,20.9
2018-03-14,3,-4.9,2.9,-11.7,-15.9,0.0,0.0,0.0,0.0,12.1,23.4
2018-03-15,75,-3.5,-1.5,-6.6,-10.5,11.7,0.0,8.4,15.0,19.0,39.2
2018-03-16,71,-4.5,2.5,-11.5,-15.9,0.5,0.0,0.42,3.0,9.6,20.2
2018-03-17,73,-1.7,1.5,-5.0,-8.8,2.2,0.0,1.61,12.0,8.9,18.4
2018-03-18,73,-2.8,-1.5,-5.2,-9.0,4.2,0.0,3.08,14.0,12.9,25.9
2018-03-19,3,-5.9,1.5,-14.1,-18.6,0.0,0.0,0.0,0.0,10.0,18.7
2018-03-20,3,-0.8,5.8,-7.3,-11.9,0.0,0.0,0.0,0.0,11.5,22.7
2018-03-21,3,-2.0,7.0,-7.8,-12.4,0.0,0.0,0.0,0.0,10.8,22.3
2018-03-22,73,-4.8,-3.2,-7.0,-10.9,4.6,0.0,3.29,16.0,12.2,34.2
2018-03-23,71,0.0,5.2,-4.0,-8.5,0.4,0.0,0.35,3.0,17.1,37.1
2018-03-24,71,-1.9,2.6,-6.0,-10.0,0.6,0.0,0.49,3.0,14.7,32.0
2018-03-25,3,-5.0,2.2,-11.3,-15.9,0.0,0.0,0.0,0.0,11.5,22.7
2018-03-26,3,-0.8,5.4,-7.6,-12.7,0.0,0.0,0.0,0.0,20.5,43.6
2018-03-27,71,1.7,8.5,-3.4,-8.1,0.9,0.8,0.07,4.0,27.0,64.4
2018-03-28,73,-1.1,2.0,-5.7,-9.8,7.1,0.4,4.76,17.0,8.5,33.1
2018-03-29,71,-6.4,-0.5,-11.6,-16.3,0.1,0.0,0.21,1.0,15.8,37.1
2018-03-30,73,-9.7,-7.0,-12.1,-18.6,2.6,0.0,2.31,14.0,20.7,46.1
2018-03-31,71,-10.9,-5.1,-16.1,-21.1,0.0,0.0,0.14,0.0,11.0,24.8
2018-04-01,73,-10.0,-5.6,-14.0,-18.1,1.5,0.0,1.33,8.0,11.9,29.2
2018-04-02,71,-8.9,-3.2,-12.5,-17.2,0.2,0.0,0.42,2.0,10.2,24.5
2018-04-03,3,-8.5,0.0,-15.8,-19.9,0.0,0.0,0.0,0.0,14.5,37.4
2018-04-04,71,-7.0,2.5,-12.9,-17.9,0.4,0.0,0.42,4.0,20.3,47.2
2018-04-05,71,-9.3,-5.0,-13.3,-18.7,0.1,0.0,0.21,1.0,15.0,33.8
2018-04-06,71,-11.8,-7.6,-15.3,-21.0,0.7,0.0,0.84,7.0,22.0,51.1
2018-04-07,75,-9.6,-5.0,-12.7,-18.1,5.8,0.0,4.13,8.0,16.1,40.3
2018-04-08,73,-7.0,-3.8,-9.7,-14.4,4.7,0.0,3.36,16.0,10.1,15.8
2018-04-09,3,-1.1,10.4,-11.6,-16.0,0.0,0.0,0.0,0.0,11.2,22.7
2018-04-10,51,3.3,9.4,-1.8,-5.6,0.1,0.1,0.0,1.0,13.0,30.2
2018-04-11,3,2.2,7.3,-1.7,-5.5,0.0,0.0,0.0,0.0,13.0,30.6
2018-04-12,73,-1.8,-0.8,-2.7,-7.3,4.0,0.0,3.01,16.0,13.6,28.1
2018-04-13,71,2.8,9.4,-2.8,-7.3,1.0,0.0,0.77,7.0,13.5,37.8
2018-04-14,51,5.3,10.3,0.9,-3.1,0.1,0.1,0.0,1.0,16.9,40.7
2018-04-15,71,3.3,8.9,-0.3,-3.8,0.8,0.6,0.14,4.0,13.5,30.6
2018-04-16,75,0.1,1.3,-0.9,-5.1,9.8,0.2,6.93,17.0,13.3,36.4
2018-04-17,73,0.2,6.5,-5.8,-9.7,0.6,0.0,0.56,2.0,10.0,30.6
2018-04-18,51,2.4,8.3,-3.7,-7.8,0.1,0.1,0.0,1.0,9.7,26.6
2018-04-19,3,3.6,10.9,-3.4,-6.7,0.0,0.0,0.0,0.0,17.2,40.0
2018-04-20,3,6.4,13.4,-0.2,-4.3,0.0,0.0,0.0,0.0,11.0,22.3
2018-04-21,53,6.3,12.0,2.9,-2.4,0.7,0.7,0.0,1.0,31.0,68.4
2018-04-22,3,5.2,9.8,1.0,-4.0,0.0,0.0,0.0,0.0,16.6,34.6
2018-04-23,3,5.8,13.6,-1.5,-5.0,0.0,0.0,0.0,0.0,12.6,26.3
2018-04-24,3,9.7,20.6,-0.4,-4.5,0.0,0.0,0.0,0.0,12.8,32.0
2018-04-25,51,8.9,14.7,4.9,0.7,0.6,0.6,0.0,3.0,19.1,46.4
2018-04-26,2,11.2,20.9,0.6,-3.5,0.0,0.0,0.0,0.0,12.3,25.6
2018-04-27,0,13.0,22.7,2.7,-0.6,0.0,0.0,0.0,0.0,19.8,44.6
2018-04-28,3,15.0,26.6,2.2,-0.9,0.0,0.0,0.0,0.0,15.1,40.0
2018-04-29,53,7.6,14.0,2.7,-0.4,4.3,4.3,0.0,13.0,27.1,56.2
2018-04-30,51,6.9,14.1,1.1,-1.6,0.4,0.4,0.0,2.0,11.2,24.8
2018-05-01,51,8.1,12.5,3.7,0.4,0.1,0.1,0.0,1.0,22.2,52.2
2018-05-02,3,10.9,19.6,1.2,-2.7,0.0,0.0,0.0,0.0,16.5,40.0
2018-05-03,3,12.9,21.8,2.6,-1.2,0.0,0.0,0.0,0.0,19.6,43.2
2018-05-04,51,14.3,21.6,7.0,3.5,0.2,0.2,0.0,1.0,13.6,37.1
2018-05-05,51,13.6,20.7,6.6,4.1,0.1,0.1,0.0,1.0,10.3,27.4
2018-05-06,3,14.9,23.3,4.3,1.3,0.0,0.0,0.0,0.0,11.5,31.0
2018-05-07,51,17.1,23.3,10.8,7.1,0.3,0.3,0.0,1.0,15.3,35.3
2018-05-08,3,15.7,21.9,9.6,6.6,0.0,0.0,0.0,0.0,18.8,45.0
2018-05-09,53,7.6,11.9,3.6,0.9,4.3,4.3,0.0,12.0,13.8,34.6
2018-05-10,71,6.0,10.5,2.7,-0.3,2.7,2.5,0.14,8.0,10.8,27.7
2018-05-11,51,8.2,15.3,3.9,0.4,1.0,1.0,0.0,6.0,18.7,38.9
2018-05-12,3,13.7,22.9,3.0,-0.9,0.0,0.0,0.0,0.0,12.2,26.3
2018-05-13,2,16.1,23.2,7.3,4.1,0.0,0.0,0.0,0.0,15.5,33.8
2018-05-14,2,17.8,27.9,6.3,3.0,0.0,0.0,0.0,0.0,13.7,32.8
2018-05-15,1,20.4,29.0,10.2,6.1,0.0,0.0,0.0,0.0,14.8,31.3
2018-05-16,3,19.2,25.8,11.7,7.8,0.0,0.0,0.0,0.0,21.3,40.3
2018-05-17,55,8.5,13.9,6.4,3.0,7.8,7.8,0.0,15.0,20.8,42.1
2018-05-18,53,9.6,15.0,5.7,2.3,1.4,1.4,0.0,4.0,15.1,34.9
2018-05-19,2,10.4,17.4,2.9,-0.4,0.0,0.0,0.0,0.0,23.5,52.6
2018-05-20,1,14.4,24.1,3.3,0.5,0.0,0.0,0.0,0.0,14.9,34.2
2018-05-21,2,16.9,24.2,8.3,5.0,0.0,0.0,0.0,0.0,13.0,28.8
2018-05-22,2,18.4,25.7,9.6,7.0,0.0,0.0,0.0,0.0,9.7,27.7
2018-05-23,2,18.8,26.5,7.9,5.7,0.0,0.0,0.0,0.0,12.2,33.5
2018-05-24,3,19.6,27.9,10.1,7.7,0.0,0.0,0.0,0.0,21.0,48.6
2018-05-25,51,19.0,27.7,8.5,6.4,0.1,0.1,0.0,1.0,12.2,28.8
2018-05-26,51,17.1,22.7,12.6,9.6,0.1,0.1,0.0,1.0,22.0,45.4
2018-05-27,2,17.4,25.6,7.5,4.6,0.0,0.0,0.0,0.0,15.3,31.7
2018-05-28,1,20.7,29.3,8.7,6.6,0.0,0.0,0.0,0.0,17.0,35.3
2018-05-29,61,11.7,17.4,7.3,4.9,6.1,6.1,0.0,8.0,24.4,49.3
2018-05-30,61,9.8,15.0,5.8,3.3,4.0,4.0,0.0,10.0,12.6,40.0
2018-05-31,51,7.1,8.7,5.7,3.6,6.1,6.1,0.0,23.0,15.0,32.8
2018-06-01,55,9.6,14.7,6.3,4.6,8.3,8.3,0.0,15.0,7.9,32.0
2018-06-02,51,13.1,20.4,3.7,0.3,0.3,0.3,0.0,3.0,15.9,35.3
2018-06-03,3,15.2,23.3,5.1,2.4,0.0,0.0,0.0,0.0,17.1,39.2
2018-06-04,51,15.8,19.0,7.7,4.8,0.3,0.3,0.0,1.0,16.8,34.9
2018-06-05,3,11.7,19.5,3.2,0.6,0.0,0.0,0.0,0.0,14.9,32.0
2018-06-06,3,15.2,25.0,3.3,0.0,0.0,0.0,0.0,0.0,10.0,24.1
2018-06-07,51,18.1,27.3,7.7,5.3,0.2,0.2,0.0,1.0,12.8,34.9
2018-06-08,3,20.0,27.4,10.4,7.8,0.0,0.0,0.0,0.0,15.3,33.8
2018-06-09,61,17.7,23.5,11.6,8.5,2.0,2.0,0.0,3.0,18.3,52.9
2018-06-10,61,10.0,12.6,7.2,4.1,12.7,12.7,0.0,19.0,14.6,53.3
2018-06-11,53,11.5,17.1,7.1,2.6,0.8,0.8,0.0,2.0,26.3,56.2
2018-06-12,3,13.8,20.3,6.4,0.8,0.0,0.0,0.0,0.0,22.0,43.6
2018-06-13,51,15.4,21.8,7.2,4.4,0.4,0.4,0.0,2.0,11.0,28.1
2018-06-14,61,10.0,11.7,7.6,5.7,12.9,12.9,0.0,13.0,17.3,33.8
2018-06-15,53,11.1,15.6,5.9,3.3,1.4,1.4,0.0,2.0,10.8,25.6
2018-06-16,61,11.6,15.0,8.7,5.5,7.9,7.9,0.0,19.0,18.0,41.8
2018-06-17,2,14.2,21.0,6.1,3.6,0.0,0.0,0.0,0.0,12.1,29.5
2018-06-18,3,14.6,20.9,7.0,4.9,0.0,0.0,0.0,0.0,14.6,34.2
2018-06-19,3,17.0,23.7,7.9,6.1,0.0,0.0,0.0,0.0,11.2,29.2
2018-06-20,2,18.2,25.9,8.3,6.4,0.0,0.0,0.0,0.0,16.1,36.7
2018-06-21,3,18.7,26.1,11.0,10.8,0.0,0.0,0.0,0.0,12.6,23.0
2018-06-22,63,16.4,22.7,12.1,10.4,9.0,9.0,0.0,7.0,15.1,32.4
2018-06-23,61,15.5,19.0,13.4,11.6,10.5,10.5,0.0,20.0,20.7,41.4
2018-06-24,3,19.0,25.3,11.3,10.0,0.0,0.0,0.0,0.0,14.3,31.0
2018-06-25,51,19.2,26.3,12.5,10.3,0.9,0.9,0.0,4.0,24.7,65.9
2018-06-26,3,14.8,19.3,8.4,4.2,0.0,0.0,0.0,0.0,24.2,52.2
2018-06-27,3,15.1,23.2,4.5,1.2,0.0,0.0,0.0,0.0,17.1,37.8
2018-06-28,51,14.4,18.1,9.6,7.2,0.3,0.3,0.0,2.0,13.8,28.8
2018-06-29,53,12.6,17.2,8.5,6.9,7.8,7.8,0.0,18.0,7.9,24.5
2018-06-30,61,13.5,20.5,5.9,3.4,1.7,1.7,0.0,1.0,14.0,35.6
2018-07-01,51,13.7,18.2,8.6,6.5,0.9,0.9,0.0,5.0,18.2,42.1
2018-07-02,55,10.0,14.3,6.9,5.3,4.0,4.0,0.0,11.0,15.6,38.9
2018-07-03,55,10.7,14.1,8.2,5.4,4.2,4.2,0.0,9.0,16.8,38.9
2018-07-04,51,14.0,19.2,9.5,7.1,0.9,0.9,0.0,5.0,13.9,33.5
2018-07-05,3,17.1,25.2,8.1,5.7,0.0,0.0,0.0,0.0,19.0,43.2
2018-07-06,53,21.8,31.3,11.9,11.0,0.8,0.8,0.0,2.0,18.1,34.9
2018-07-07,51,18.0,24.3,10.0,8.4,0.4,0.4,0.0,2.0,23.9,51.8
2018-07-08,1,16.4,23.8,7.1,5.4,0.0,0.0,0.0,0.0,12.5,26.3
2018-07-09,2,19.7,28.6,9.3,8.0,0.0,0.0,0.0,0.0,11.4,28.1
2018-07-10,63,16.1,21.7,10.8,9.4,7.4,7.4,0.0,6.0,13.4,35.3
2018-07-11,3,19.0,26.2,12.6,10.2,0.0,0.0,0.0,0.0,16.9,38.2
2018-07-12,2,19.3,27.9,9.2,7.6,0.0,0.0,0.0,0.0,10.4,27.4
2018-07-13,3,21.1,32.0,10.4,9.4,0.0,0.0,0.0,0.0,31.2,60.5
2018-07-14,53,14.9,21.9,8.7,5.5,1.3,1.3,0.0,5.0,20.0,42.5
2018-07-15,3,17.1,26.4,6.2,4.2,0.0,0.0,0.0,0.0,11.4,27.4
2018-07-16,1,20.9,31.2,9.6,7.7,0.0,0.0,0.0,0.0,15.0,33.5
2018-07-17,51,22.2,31.9,10.8,9.3,0.2,0.2,0.0,1.0,12.0,29.2
2018-07-18,51,19.5,24.9,13.2,12.7,1.0,1.0,0.0,5.0,16.2,29.5
2018-07-19,63,17.7,24.3,11.4,10.7,5.8,5.8,0.0,6.0,16.9,44.6
2018-07-20,2,18.9,28.0,8.5,7.2,0.0,0.0,0.0,0.0,19.4,36.0
2018-07-21,53,15.0,23.4,7.0,5.5,1.9,1.9,0.0,6.0,19.9,46.4
2018-07-22,3,15.2,22.1,7.5,5.4,0.0,0.0,0.0,0.0,26.5,53.6
2018-07-23,55,15.1,22.7,8.2,6.4,2.7,2.7,0.0,4.0,13.2,31.3
2018-07-24,61,13.4,16.1,10.4,10.1,6.2,6.2,0.0,12.0,17.7,37.1
2018-07-25,3,15.0,22.1,7.8,6.4,0.0,0.0,0.0,0.0,8.9,24.8
2018-07-26,53,16.0,24.0,9.4,8.2,1.4,1.4,0.0,2.0,7.9,24.8
2018-07-27,51,15.7,22.9,7.4,5.4,0.2,0.2,0.0,1.0,6.8,20.5
2018-07-28,1,17.3,26.2,7.0,5.3,0.0,0.0,0.0,0.0,7.6,19.4
2018-07-29,0,19.2,28.7,8.5,6.4,0.0,0.0,0.0,0.0,9.4,16.9
2018-07-30,2,20.7,32.6,10.2,8.6,0.0,0.0,0.0,0.0,18.9,43.2
2018-07-31,3,19.1,25.8,12.0,11.7,0.0,0.0,0.0,0.0,13.4,36.4
2018-08-01,61,19.8,29.9,13.1,13.2,2.7,2.7,0.0,2.0,14.5,30.6
2018-08-02,55,17.9,25.0,11.2,10.4,1.1,1.1,0.0,2.0,14.8,31.3
2018-08-03,55,16.5,25.1,8.8,7.1,1.2,1.2,0.0,1.0,14.1,37.1
2018-08-04,61,15.3,18.4,11.9,9.6,2.4,2.4,0.0,4.0,17.1,40.3
2018-08-05,51,17.3,23.7,12.2,11.0,0.3,0.3,0.0,1.0,8.6,17.6
2018-08-06,2,19.7,29.0,9.4,7.3,0.0,0.0,0.0,0.0,12.6,29.9
2018-08-07,3,21.8,30.6,13.0,9.9,0.0,0.0,0.0,0.0,13.7,25.2
2018-08-08,0,20.8,31.3,10.7,9.3,0.0,0.0,0.0,0.0,11.5,26.6
2018-08-09,0,24.2,35.4,12.5,10.6,0.0,0.0,0.0,0.0,12.5,24.1
2018-08-10,3,26.7,38.2,15.0,13.4,0.0,0.0,0.0,0.0,12.3,28.8
2018-08-11,3,20.0,24.1,14.4,12.6,0.0,0.0,0.0,0.0,25.3,49.3
2018-08-12,51,14.2,21.2,8.9,5.6,0.1,0.1,0.0,1.0,19.4,47.9
2018-08-13,3,13.6,22.2,6.6,4.6,0.0,0.0,0.0,0.0,15.8,33.8
2018-08-14,3,18.9,30.2,7.0,4.6,0.0,0.0,0.0,0.0,11.9,23.0
2018-08-15,51,19.4,27.0,13.2,10.8,0.3,0.3,0.0,1.0,12.6,26.3
2018-08-16,51,19.1,29.6,8.5,7.2,0.8,0.8,0.0,3.0,15.2,31.0
2018-08-17,1,20.5,30.3,10.5,8.8,0.0,0.0,0.0,0.0,10.5,27.0
2018-08-18,3,15.8,19.6,10.0,7.8,0.0,0.0,0.0,0.0,17.3,39.2
2018-08-19,53,13.5,21.6,4.9,2.8,0.9,0.9,0.0,2.0,13.5,32.4
2018-08-20,53,13.9,20.0,9.1,6.5,3.4,3.4,0.0,10.0,10.9,24.8
2018-08-21,3,16.7,27.1,6.1,3.1,0.0,0.0,0.0,0.0,12.6,22.0
2018-08-22,0,20.9,32.4,8.5,5.8,0.0,0.0,0.0,0.0,10.7,20.5
2018-08-23,3,19.8,29.4,10.0,7.6,0.0,0.0,0.0,0.0,20.9,40.3
2018-08-24,61,10.5,16.0,5.0,2.8,9.9,9.9,0.0,10.0,23.1,45.7
2018-08-25,3,11.6,20.4,2.9,0.4,0.0,0.0,0.0,0.0,8.8,24.1
2018-08-26,53,12.8,18.7,7.1,3.4,2.9,2.9,0.0,5.0,22.1,44.3
2018-08-27,61,8.1,13.1,4.9,1.4,7.0,7.0,0.0,12.0,24.1,50.4
2018-08-28,3,11.9,20.6,3.4,0.3,0.0,0.0,0.0,0.0,12.3,25.6
2018-08-29,51,15.0,21.0,9.1,6.3,0.2,0.2,0.0,1.0,10.9,28.1
2018-08-30,51,14.0,19.7,8.9,6.3,0.8,0.8,0.0,4.0,15.0,33.1
2018-08-31,3,12.5,21.2,3.2,0.6,0.0,0.0,0.0,0.0,19.9,41.8
2018-09-01,51,11.7,16.7,7.8,4.0,0.8,0.8,0.0,3.0,21.5,40.0
2018-09-02,3,12.0,20.6,3.5,1.1,0.0,0.0,0.0,0.0,8.9,17.6
2018-09-03,55,10.0,14.5,6.4,3.2,4.5,4.5,0.0,6.0,22.9,50.8
2018-09-04,3,8.7,14.7,4.8,1.8,0.0,0.0,0.0,0.0,13.0,26.3
2018-09-05,1,11.0,21.0,1.6,-1.5,0.0,0.0,0.0,0.0,14.5,36.4
2018-09-06,3,14.4,24.3,4.2,1.7,0.0,0.0,0.0,0.0,12.9,27.0
2018-09-07,1,17.0,29.1,6.3,4.6,0.0,0.0,0.0,0.0,8.7,22.7
2018-09-08,51,15.4,23.3,9.6,6.7,0.7,0.7,0.0,3.0,17.7,41.8
2018-09-09,51,11.3,16.0,8.2,6.6,1.8,1.8,0.0,8.0,9.4,25.9
2018-09-10,61,9.8,16.6,4.9,2.8,3.9,3.9,0.0,5.0,12.3,28.8
2018-09-11,53,8.9,15.9,2.3,0.0,1.8,1.8,0.0,3.0,8.9,27.4
2018-09-12,3,5.3,7.7,0.5,-3.5,0.0,0.0,0.0,0.0,16.3,37.8
2018-09-13,71,-0.2,2.0,-1.6,-5.4,0.5,0.1,0.63,4.0,10.1,24.5
2018-09-14,71,1.5,5.4,-1.4,-4.7,0.2,0.0,0.42,2.0,13.7,33.8
2018-09-15,51,4.1,5.5,2.6,-0.4,0.2,0.2,0.0,1.0,12.1,25.9
2018-09-16,51,2.9,6.0,1.3,-1.3,2.8,2.8,0.0,12.0,10.0,24.1
2018-09-17,51,5.2,10.8,2.4,-0.2,0.9,0.9,0.0,5.0,10.5,27.0
2018-09-18,51,4.6,6.9,2.7,0.1,1.1,1.1,0.0,7.0,9.5,25.2
2018-09-19,51,6.2,9.9,3.6,1.2,1.5,1.5,0.0,8.0,13.9,31.7
2018-09-20,55,5.2,9.0,0.8,-2.1,2.8,2.8,0.0,4.0,14.0,34.6
2018-09-21,73,4.0,6.7,-0.6,-4.0,3.6,2.6,0.7,12.0,14.2,29.5
2018-09-22,73,0.1,1.4,-1.2,-4.9,3.0,0.2,2.1,7.0,9.5,31.3
2018-09-23,51,3.8,8.2,0.8,-2.3,1.2,1.2,0.0,6.0,9.7,24.8
2018-09-24,61,6.2,12.2,2.5,-0.4,2.8,2.8,0.0,7.0,16.6,47.9
2018-09-25,51,8.6,16.4,1.3,-2.2,0.1,0.1,0.0,1.0,13.7,25.6
2018-09-26,51,9.8,16.5,5.8,2.1,0.4,0.4,0.0,1.0,15.0,30.6
2018-09-27,71,3.7,7.0,1.4,-1.2,9.5,9.2,0.21,20.0,13.4,25.9
2018-09-28,51,2.9,6.2,-0.0,-3.1,0.1,0.1,0.0,1.0,10.1,27.0
2018-09-29,71,1.5,3.4,-1.4,-5.4,0.0,0.0,0.07,0.0,16.0,37.4
2018-09-30,71,-2.0,-0.4,-3.8,-8.6,0.8,0.0,0.7,5.0,17.9,39.6
2018-10-01,73,-0.8,0.4,-1.7,-5.4,2.6,0.0,1.89,6.0,9.8,24.1
2018-10-02,75,-1.9,-1.0,-3.1,-7.1,11.1,0.0,7.77,24.0,12.2,25.2
2018-10-03,73,-2.7,1.1,-7.3,-11.1,3.2,0.0,2.24,6.0,11.8,21.6
2018-10-04,3,-2.2,2.0,-6.1,-10.1,0.0,0.0,0.0,0.0,9.4,17.3
2018-10-05,3,-0.2,6.3,-6.1,-10.2,0.0,0.0,0.0,0.0,13.0,20.5
2018-10-06,3,1.1,10.6,-5.3,-9.4,0.0,0.0,0.0,0.0,10.1,16.6
2018-10-07,3,2.0,10.9,-3.9,-8.1,0.0,0.0,0.0,0.0,10.9,18.7
2018-10-08,71,-1.2,-0.2,-2.6,-6.5,0.3,0.0,0.42,3.0,16.6,33.8
2018-10-09,73,-3.6,-2.5,-4.4,-8.6,4.2,0.0,3.29,18.0,12.4,23.4
2018-10-10,71,-1.7,0.1,-3.9,-7.0,0.0,0.0,0.42,0.0,14.0,30.2
2018-10-11,3,0.9,5.1,-3.3,-6.7,0.0,0.0,0.0,0.0,10.0,23.0
2018-10-12,71,5.9,14.3,-0.7,-6.8,0.8,0.8,0.07,3.0,29.9,65.2
2018-10-13,71,-0.9,0.8,-2.0,-7.0,1.0,0.0,0.84,6.0,21.3,45.4
2018-10-14,3,2.8,11.1,-4.9,-9.0,0.0,0.0,0.0,0.0,19.1,31.7
2018-10-15,3,10.4,19.3,5.6,0.2,0.0,0.0,0.0,0.0,19.5,37.4
2018-10-16,3,8.9,19.3,2.7,-1.5,0.0,0.0,0.0,0.0,13.4,24.5
2018-10-17,0,9.8,23.4,2.2,-2.5,0.0,0.0,0.0,0.0,15.1,26.3
2018-10-18,3,10.6,18.3,6.5,1.6,0.0,0.0,0.0,0.0,17.0,29.9
2018-10-19,2,6.0,14.4,-1.6,-5.0,0.0,0.0,0.0,0.0,11.2,20.5
2018-10-20,3,8.1,19.2,0.7,-3.0,0.0,0.0,0.0,0.0,15.5,28.8
2018-10-21,2,4.1,13.1,-2.2,-6.3,0.0,0.0,0.0,0.0,9.7,21.6
2018-10-22,0,3.5,13.9,-2.6,-6.7,0.0,0.0,0.0,0.0,13.4,31.3
2018-10-23,3,3.9,16.8,-4.1,-7.8,0.0,0.0,0.0,0.0,8.9,15.1
2018-10-24,51,8.4,18.2,2.0,-1.7,0.6,0.6,0.0,3.0,16.6,36.7
2018-10-25,3,7.8,16.6,2.9,-1.7,0.0,0.0,0.0,0.0,16.9,34.6
2018-10-26,3,6.9,15.6,0.1,-3.3,0.0,0.0,0.0,0.0,14.9,31.0
2018-10-27,51,4.8,12.9,-1.0,-4.8,0.5,0.5,0.0,2.0,23.0,50.0
2018-10-28,3,4.1,11.9,-1.9,-5.3,0.0,0.0,0.0,0.0,13.7,29.2
2018-10-29,3,4.6,11.6,0.6,-4.0,0.0,0.0,0.0,0.0,11.7,29.5
2018-10-30,3,3.8,10.7,-0.5,-5.4,0.0,0.0,0.0,0.0,18.3,41.0
2018-10-31,3,3.4,9.4,-0.6,-4.5,0.0,0.0,0.0,0.0,16.3,27.4
2018-11-01,71,2.8,4.9,0.9,-4.0,0.6,0.4,0.28,3.0,17.7,36.7
2018-11-02,73,0.9,2.9,-0.2,-4.1,2.3,1.2,0.98,9.0,23.2,45.7
2018-11-03,71,3.0,11.2,-2.5,-6.0,0.0,0.0,0.07,0.0,11.6,25.2
2018-11-04,71,5.2,11.5,-2.2,-7.8,1.1,1.0,0.07,6.0,19.1,55.8
2018-11-05,71,-4.8,-2.4,-7.8,-11.9,0.0,0.0,0.77,0.0,18.3,37.4
2018-11-06,71,-8.1,-6.2,-9.9,-14.1,0.3,0.0,0.7,3.0,7.3,18.7
2018-11-07,71,-8.6,-3.8,-12.2,-16.5,0.0,0.0,0.07,0.0,12.0,29.2
2018-11-08,3,-8.5,-1.3,-12.9,-17.9,0.0,0.0,0.0,0.0,9.9,18.4
2018-11-09,71,-1.6,5.8,-9.7,-14.5,0.7,0.6,0.14,4.0,14.7,40.0
2018-11-10,71,0.0,3.1,-2.8,-7.1,0.8,0.0,0.77,5.0,22.5,57.6
2018-11-11,73,-3.4,-1.3,-7.1,-11.1,1.5,0.0,1.19,8.0,11.0,40.0
2018-11-12,3,-1.2,7.9,-7.9,-12.0,0.0,0.0,0.0,0.0,13.8,24.8
2018-11-13,3,6.5,13.6,-0.6,-5.4,0.0,0.0,0.0,0.0,25.2,55.1
2018-11-14,51,5.7,9.2,0.7,-2.9,0.7,0.7,0.0,4.0,22.7,45.0
2018-11-15,51,3.0,9.3,-0.3,-4.3,0.1,0.1,0.0,1.0,12.6,27.4
2018-11-16,75,-7.2,2.1,-13.0,-17.7,6.1,0.7,4.13,11.0,36.8,78.1
2018-11-17,3,-7.9,0.9,-13.6,-18.3,0.0,0.0,0.0,0.0,12.7,22.0
2018-11-18,71,2.5,5.0,-3.4,-9.0,0.7,0.7,0.07,4.0,19.8,36.4
2018-11-19,3,3.7,12.0,0.0,-4.2,0.0,0.0,0.0,0.0,13.7,24.5
2018-11-20,1,5.0,12.8,1.4,-3.2,0.0,0.0,0.0,0.0,18.1,32.0
2018-11-21,3,4.8,9.8,1.8,-3.2,0.0,0.0,0.0,0.0,16.4,30.6
2018-11-22,3,2.8,9.0,-0.4,-4.6,0.0,0.0,0.0,0.0,14.3,28.4
2018-11-23,71,-1.3,0.7,-3.0,-7.1,1.2,0.1,1.05,7.0,9.3,19.4
2018-11-24,73,-6.5,-2.6,-10.2,-14.7,2.4,0.0,1.75,9.0,10.8,20.9
2018-11-25,3,-6.9,-1.7,-9.6,-14.6,0.0,0.0,0.0,0.0,12.3,22.7
2018-11-26,3,-1.1,3.8,-9.7,-14.2,0.0,0.0,0.0,0.0,18.7,22.0
2018-11-27,3,2.4,5.0,0.6,-4.5,0.0,0.0,0.0,0.0,19.2,32.4
2018-11-28,3,0.3,5.9,-4.7,-9.4,0.0,0.0,0.0,0.0,13.6,25.2
2018-11-29,3,-1.6,4.9,-7.3,-11.8,0.0,0.0,0.0,0.0,11.9,22.7
2018-11-30,3,-5.2,0.3,-8.3,-13.0,0.0,0.0,0.0,0.0,9.1,14.8
2018-12-01,73,-3.5,-1.5,-5.6,-9.8,1.9,0.0,1.96,10.0,11.7,23.4
2018-12-02,73,-5.3,-3.0,-8.2,-12.3,2.3,0.0,1.75,15.0,14.5,25.2
2018-12-03,71,-7.6,-4.6,-11.5,-16.7,0.0,0.0,0.56,0.0,11.6,21.6
2018-12-04,71,-7.8,-1.1,-13.9,-19.2,0.1,0.0,0.21,1.0,14.1,28.1
2018-12-05,3,-9.9,-5.4,-17.0,-22.3,0.0,0.0,0.0,0.0,17.2,34.2
2018-12-06,0,-14.5,-6.7,-18.8,-24.1,0.0,0.0,0.0,0.0,12.0,20.9
2018-12-07,3,-10.0,-1.8,-16.5,-21.6,0.0,0.0,0.0,0.0,14.1,24.8
2018-12-08,0,-7.8,-2.2,-10.9,-16.4,0.0,0.0,0.0,0.0,14.4,24.1
2018-12-09,3,-3.2,1.5,-7.6,-13.2,0.0,0.0,0.0,0.0,15.3,26.6
2018-12-10,3,-0.8,2.0,-4.6,-9.5,0.0,0.0,0.0,0.0,14.9,26.3
2018-12-11,3,-1.8,3.3,-7.4,-12.0,0.0,0.0,0.0,0.0,14.3,26.3
2018-12-12,73,-0.8,2.7,-3.8,-8.8,0.5,0.0,0.35,2.0,19.9,45.4
2018-12-13,3,1.8,6.3,-1.7,-7.5,0.0,0.0,0.0,0.0,22.1,55.4
2018-12-14,3,3.4,7.4,-2.2,-6.8,0.0,0.0,0.0,0.0,19.1,49.7
2018-12-15,3,-0.3,4.8,-9.4,-14.3,0.0,0.0,0.0,0.0,24.1,45.4
2018-12-16,3,-2.6,3.6,-8.6,-13.2,0.0,0.0,0.0,0.0,12.2,22.7
2018-12-17,3,2.2,8.2,-2.4,-6.7,0.0,0.0,0.0,0.0,18.5,37.8
2018-12-18,3,3.0,7.6,-0.5,-4.5,0.0,0.0,0.0,0.0,22.6,40.7
2018-12-19,3,0.7,6.1,-2.7,-7.0,0.0,0.0,0.0,0.0,19.8,40.0
2018-12-20,3,2.2,6.6,-1.2,-5.6,0.0,0.0,0.0,0.0,28.8,56.2
2018-12-21,3,1.1,4.0,-2.8,-8.1,0.0,0.0,0.0,0.0,28.1,57.2
2018-12-22,3,-5.2,-0.8,-8.2,-12.6,0.0,0.0,0.0,0.0,11.0,29.5
2018-12-23,3,-3.2,2.4,-7.3,-11.5,0.0,0.0,0.0,0.0,11.4,23.4
2018-12-24,3,-6.7,-2.9,-9.0,-12.6,0.0,0.0,0.0,0.0,8.0,13.7
2018-12-25,71,-6.5,-3.3,-8.7,-13.0,0.0,0.0,0.07,0.0,8.0,15.5
2018-12-26,71,-6.7,-5.2,-8.6,-12.9,0.1,0.0,0.14,1.0,11.8,25.2
2018-12-27,3,-7.9,-6.0,-10.0,-14.8,0.0,0.0,0.0,0.0,10.2,15.5
2018-12-28,3,-6.9,-1.5,-12.6,-17.5,0.0,0.0,0.0,0.0,15.1,28.4
2018-12-29,71,-1.1,2.4,-3.7,-8.4,0.2,0.1,0.21,2.0,14.8,26.6
2018-12-30,71,-7.0,0.5,-12.4,-18.0,0.0,0.0,0.14,0.0,28.3,60.5
2018-12-31,3,-12.8,-8.0,-17.0,-22.3,0.0,0.0,0.0,0.0,10.6,23.8
2019-01-01,3,-1.8,3.8,-12.2,-17.8,0.0,0.0,0.0,0.0,20.7,33.5
2019-01-02,3,4.8,8.8,2.9,-3.0,0.0,0.0,0.0,0.0,23.4,50.0
2019-01-03,3,3.3,7.7,-1.1,-5.5,0.0,0.0,0.0,0.0,13.5,29.2
2019-01-04,3,2.5,7.3,-2.5,-6.2,0.0,0.0,0.0,0.0,31.4,65.9
2019-01-05,3,-3.0,-0.3,-6.0,-10.0,0.0,0.0,0.0,0.0,11.7,25.2
2019-01-06,3,-1.2,4.5,-4.1,-8.5,0.0,0.0,0.0,0.0,13.8,34.2
2019-01-07,71,-7.7,-1.3,-12.0,-16.6,0.0,0.0,0.07,0.0,7.8,21.6
2019-01-08,71,-9.9,-6.1,-15.3,-19.9,0.0,0.0,0.07,0.0,19.0,40.0
2019-01-09,3,-6.8,-1.4,-9.5,-13.7,0.0,0.0,0.0,0.0,18.2,40.0
2019-01-10,3,-3.1,2.5,-7.8,-11.6,0.0,0.0,0.0,0.0,12.6,29.2
2019-01-11,3,-2.8,3.9,-7.3,-11.8,0.0,0.0,0.0,0.0,13.1,20.9
2019-01-12,3,2.4,7.5,-1.8,-6.1,0.0,0.0,0.0,0.0,14.6,23.8
2019-01-13,3,0.1,7.4,-2.8,-7.4,0.0,0.0,0.0,0.0,11.9,22.0
2019-01-14,0,-1.4,6.8,-4.9,-9.3,0.0,0.0,0.0,0.0,11.4,20.5
2019-01-15,3,-5.7,-1.0,-9.3,-13.6,0.0,0.0,0.0,0.0,14.5,33.1
2019-01-16,71,-6.3,-5.5,-7.4,-11.3,0.0,0.0,0.07,0.0,9.4,21.6
2019-01-17,71,-12.4,-7.0,-15.4,-20.8,1.1,0.0,1.4,7.0,13.5,28.8
2019-01-18,71,-16.0,-13.6,-18.0,-23.0,0.5,0.0,0.56,4.0,12.0,27.0
2019-01-19,3,-9.5,0.1,-17.7,-22.6,0.0,0.0,0.0,0.0,18.4,32.4
2019-01-20,3,-5.1,-0.6,-9.5,-14.4,0.0,0.0,0.0,0.0,15.5,29.2
2019-01-21,3,-6.5,-1.2,-10.1,-15.0,0.0,0.0,0.0,0.0,12.1,23.8
2019-01-22,3,-3.5,2.7,-9.8,-14.8,0.0,0.0,0.0,0.0,22.0,37.8
2019-01-23,73,-8.9,-2.3,-20.4,-25.9,1.5,0.0,1.54,6.0,19.6,40.3
2019-01-24,3,-9.4,0.3,-19.4,-24.9,0.0,0.0,0.0,0.0,14.8,29.5
2019-01-25,73,-1.0,3.8,-6.3,-11.6,1.0,0.2,0.63,4.0,15.9,31.0
2019-01-26,3,4.2,9.5,-1.7,-6.9,0.0,0.0,0.0,0.0,23.5,43.2
2019-01-27,71,1.6,8.9,-4.9,-10.7,2.0,2.0,0.21,4.0,28.7,63.4
2019-01-28,3,-5.2,-1.0,-9.8,-14.0,0.0,0.0,0.0,0.0,16.0,38.5
2019-01-29,3,-8.2,-1.9,-13.7,-18.1,0.0,0.0,0.0,0.0,10.5,21.6
2019-01-30,3,-0.9,5.6,-6.6,-11.6,0.0,0.0,0.0,0.0,11.2,23.0
2019-01-31,3,1.3,7.5,-2.6,-5.9,0.0,0.0,0.0,0.0,9.1,22.3
2019-02-01,71,-10.1,-1.3,-15.4,-20.8,0.0,0.0,0.42,0.0,15.1,28.8
2019-02-02,71,-18.1,-14.5,-21.6,-27.2,0.0,0.0,0.42,0.0,20.1,44.6
2019-02-03,71,-25.1,-21.5,-26.9,-32.3,0.0,0.0,0.77,0.0,14.7,29.2
2019-02-04,3,-26.1,-23.8,-28.8,-33.6,0.0,0.0,0.0,0.0,7.3,20.9
2019-02-05,1,-25.5,-20.5,-29.1,-34.5,0.0,0.0,0.0,0.0,10.0,25.6
2019-02-06,3,-22.9,-17.0,-26.6,-31.6,0.0,0.0,0.0,0.0,10.8,15.5
2019-02-07,71,-19.5,-11.9,-25.2,-30.5,0.0,0.0,0.14,0.0,9.0,20.2
2019-02-08,73,-18.7,-16.1,-23.4,-29.7,1.7,0.0,1.96,8.0,16.1,33.8
2019-02-09,71,-25.6,-23.5,-27.8,-33.4,0.0,0.0,0.07,0.0,15.5,32.4
2019-02-10,71,-26.2,-23.0,-30.0,-36.1,0.0,0.0,0.07,0.0,15.1,32.8
2019-02-11,71,-23.9,-20.4,-26.6,-31.6,0.0,0.0,0.42,0.0,8.4,17.6
2019-02-12,71,-21.7,-18.2,-26.1,-31.3,0.7,0.0,0.84,4.0,9.4,18.7
2019-02-13,71,-21.9,-17.4,-25.9,-31.4,0.3,0.0,0.28,3.0,11.7,16.2
2019-02-14,3,-22.0,-12.3,-28.6,-34.0,0.0,0.0,0.0,0.0,13.9,28.8
2019-02-15,73,-19.9,-17.4,-23.1,-28.3,3.5,0.0,2.59,12.0,9.7,19.1
2019-02-16,73,-16.8,-15.2,-18.0,-24.2,5.5,0.0,3.85,24.0,17.7,36.4
2019-02-17,71,-18.1,-16.5,-22.1,-26.9,1.2,0.0,1.26,12.0,16.8,35.6
2019-02-18,3,-21.1,-15.2,-28.0,-33.2,0.0,0.0,0.0,0.0,10.8,22.7
2019-02-19,3,-10.2,-2.8,-21.8,-27.3,0.0,0.0,0.0,0.0,14.2,25.9
2019-02-20,73,-6.4,-4.3,-12.1,-17.9,1.6,0.0,1.75,8.0,20.0,38.9
2019-02-21,71,-15.3,-11.2,-21.2,-26.4,0.0,0.0,0.07,0.0,14.1,30.2
2019-02-22,3,-9.6,-2.0,-18.7,-23.8,0.0,0.0,0.0,0.0,13.0,24.1
2019-02-23,73,-14.0,-7.0,-18.9,-23.8,2.7,0.0,2.31,8.0,23.0,42.5
2019-02-24,3,-20.0,-16.9,-26.1,-31.4,0.0,0.0,0.0,0.0,11.1,26.6
2019-02-25,3,-23.3,-18.0,-27.2,-31.9,0.0,0.0,0.0,0.0,10.1,21.2
2019-02-26,3,-20.1,-11.8,-26.9,-32.6,0.0,0.0,0.0,0.0,11.2,22.7
2019-02-27,3,-13.9,-3.4,-22.6,-27.7,0.0,0.0,0.0,0.0,10.1,20.5
2019-02-28,3,-8.3,-3.7,-12.6,-17.3,0.0,0.0,0.0,0.0,12.2,31.3
2019-03-01,71,-18.6,-7.9,-26.3,-31.3,0.0,0.0,0.77,0.0,16.3,34.6
2019-03-02,3,-25.0,-19.7,-28.8,-33.8,0.0,0.0,0.0,0.0,10.2,18.0
2019-03-03,0,-22.8,-13.5,-30.4,-36.1,0.0,0.0,0.0,0.0,11.6,20.9
2019-03-04,0,-16.4,-7.6,-23.0,-28.4,0.0,0.0,0.0,0.0,11.6,27.7
2019-03-05,2,-13.4,-5.1,-19.1,-24.2,0.0,0.0,0.0,0.0,11.3,20.9
2019-03-06,3,-16.7,-12.6,-21.1,-26.1,0.0,0.0,0.0,0.0,19.1,42.5
2019-03-07,71,-13.0,-5.2,-17.7,-22.7,0.3,0.0,0.21,2.0,17.8,34.2
2019-03-08,73,-8.4,-1.3,-14.6,-18.9,0.7,0.0,0.63,3.0,12.9,29.5
2019-03-09,3,-6.8,0.1,-12.3,-17.0,0.0,0.0,0.0,0.0,12.0,31.0
2019-03-10,3,-6.6,3.0,-14.7,-19.9,0.0,0.0,0.0,0.0,11.2,25.9
2019-03-11,3,2.2,10.2,-4.5,-9.6,0.0,0.0,0.0,0.0,15.0,31.3
2019-03-12,73,0.5,4.1,-2.1,-5.8,1.2,0.0,1.33,3.0,13.3,27.0
2019-03-13,3,-2.1,2.7,-6.3,-10.6,0.0,0.0,0.0,0.0,10.7,24.8
2019-03-14,3,-3.0,3.9,-9.0,-14.0,0.0,0.0,0.0,0.0,12.0,24.5
2019-03-15,71,-0.0,5.4,-4.2,-9.1,0.2,0.1,0.07,1.0,12.4,27.4
2019-03-16,3,-0.5,6.8,-5.5,-10.0,0.0,0.0,0.0,0.0,8.3,16.9
2019-03-17,3,1.4,9.0,-4.7,-9.2,0.0,0.0,0.0,0.0,11.1,25.6
2019-03-18,3,4.1,12.2,-1.8,-6.6,0.0,0.0,0.0,0.0,14.2,25.6
2019-03-19,0,5.7,15.0,-0.8,-5.3,0.0,0.0,0.0,0.0,11.9,22.7
2019-03-20,0,5.6,16.2,-1.2,-5.2,0.0,0.0,0.0,0.0,12.5,24.1
2019-03-21,0,5.3,12.9,-1.0,-4.7,0.0,0.0,0.0,0.0,12.5,28.1
2019-03-22,1,5.7,14.4,-1.0,-4.5,0.0,0.0,0.0,0.0,11.2,21.6
2019-03-23,3,3.9,11.4,-1.5,-4.7,0.0,0.0,0.0,0.0,13.4,25.9
2019-03-24,71,0.6,2.2,-0.7,-4.5,1.5,0.4,1.12,11.0,11.2,24.8
2019-03-25,3,3.2,9.9,-0.8,-4.6,0.0,0.0,0.0,0.0,11.6,27.4
2019-03-26,73,4.6,10.8,0.7,-2.9,2.0,0.8,0.84,6.0,20.4,48.2
2019-03-27,73,2.0,4.4,-1.3,-4.9,1.5,0.5,0.77,9.0,13.3,31.7
2019-03-28,3,1.6,7.4,-3.1,-6.8,0.0,0.0,0.0,0.0,13.8,36.0
2019-03-29,3,3.0,9.7,-2.4,-5.9,0.0,0.0,0.0,0.0,10.9,22.0
2019-03-30,3,4.9,13.2,-2.1,-6.2,0.0,0.0,0.0,0.0,18.0,35.6
2019-03-31,71,3.0,8.2,-1.1,-4.8,0.1,0.0,0.14,1.0,14.5,35.6
2019-04-01,51,3.3,8.9,-0.2,-3.8,0.3,0.3,0.0,2.0,17.4,38.9
2019-04-02,3,3.4,9.9,-2.5,-6.1,0.0,0.0,0.0,0.0,10.9,27.4
2019-04-03,3,4.7,13.6,-3.9,-7.7,0.0,0.0,0.0,0.0,11.2,25.2
2019-04-04,51,6.6,12.0,0.9,-2.3,0.1,0.1,0.0,1.0,17.3,33.8
2019-04-05,3,4.4,11.2,-1.8,-5.2,0.0,0.0,0.0,0.0,18.7,42.1
2019-04-06,3,7.0,13.3,2.1,-1.5,0.0,0.0,0.0,0.0,22.1,60.8
2019-04-07,3,6.0,12.1,0.2,-4.3,0.0,0.0,0.0,0.0,14.8,35.6
2019-04-08,3,6.5,13.9,-1.0,-5.8,0.0,0.0,0.0,0.0,12.1,23.8
2019-04-09,3,5.9,13.4,-1.5,-5.7,0.0,0.0,0.0,0.0,11.9,30.2
2019-04-10,51,5.0,9.5,0.6,-3.1,0.9,0.9,0.0,5.0,18.0,44.3
2019-04-11,73,2.2,5.0,-0.1,-3.0,6.5,3.5,2.1,19.0,11.4,27.7
2019-04-12,73,2.3,7.8,-1.4,-5.1,1.3,0.5,0.7,5.0,10.4,28.1
2019-04-13,3,4.8,11.5,-2.6,-6.8,0.0,0.0,0.0,0.0,12.4,28.4
2019-04-14,51,4.6,10.0,0.3,-4.4,0.4,0.4,0.0,2.0,23.2,51.1
2019-04-15,51,3.1,9.5,-3.4,-7.4,0.4,0.4,0.0,2.0,9.6,19.4
2019-04-16,3,4.3,12.9,-4.0,-8.2,0.0,0.0,0.0,0.0,9.5,27.0
2019-04-17,3,6.9,14.4,-1.0,-5.3,0.0,0.0,0.0,0.0,25.3,50.4
2019-04-18,3,9.4,19.8,-0.9,-4.5,0.0,0.0,0.0,0.0,17.4,37.1
2019-04-19,53,6.6,9.7,0.9,-2.3,2.2,2.2,0.0,6.0,17.8,40.0
2019-04-20,51,5.2,10.8,-0.0,-3.4,0.2,0.2,0.0,1.0,13.6,31.3
2019-04-21,3,8.7,17.7,-1.7,-5.0,0.0,0.0,0.0,0.0,11.9,34.6
2019-04-22,3,10.7,20.3,-1.1,-5.2,0.0,0.0,0.0,0.0,19.3,44.6
2019-04-23,3,11.2,18.3,3.3,-0.5,0.0,0.0,0.0,0.0,19.1,41.0
2019-04-24,2,6.4,12.8,-0.1,-3.9,0.0,0.0,0.0,0.0,24.0,56.9
2019-04-25,3,5.9,14.0,-2.5,-6.1,0.0,0.0,0.0,0.0,14.4,33.5
2019-04-26,51,4.8,9.8,0.5,-4.4,0.6,0.6,0.0,4.0,17.2,36.7
2019-04-27,75,1.4,5.2,-2.3,-8.9,13.3,1.7,8.26,14.0,29.4,60.8
2019-04-28,73,-0.9,4.8,-5.1,-10.8,2.0,0.0,1.47,3.0,25.6,54.4
2019-04-29,71,0.3,5.0,-4.8,-9.3,0.2,0.2,0.07,1.0,9.9,22.3
2019-04-30,73,-0.5,3.4,-5.5,-9.6,0.5,0.2,0.28,2.0,15.8,45.0
2019-05-01,71,2.3,7.8,-2.9,-7.4,0.1,0.1,0.28,1.0,15.3,30.6
2019-05-02,71,3.6,10.0,-0.4,-4.7,1.2,0.6,0.56,5.0,17.3,34.6
2019-05-03,51,3.8,8.4,1.0,-3.1,0.2,0.2,0.0,2.0,22.1,50.4
2019-05-04,73,-0.2,1.0,-2.0,-5.1,5.8,0.0,4.06,17.0,11.8,26.3
2019-05-05,73,0.3,4.6,-3.7,-7.5,1.4,0.0,1.26,6.0,13.8,32.8
2019-05-06,3,5.1,12.6,-2.9,-6.5,0.0,0.0,0.0,0.0,9.3,22.3
2019-05-07,55,6.3,10.2,2.6,-0.1,2.4,2.4,0.0,9.0,11.0,32.4
2019-05-08,55,6.2,11.1,0.5,-2.4,2.2,2.2,0.0,8.0,8.4,29.5
2019-05-09,51,10.4,19.0,1.6,-2.1,0.4,0.4,0.0,1.0,11.9,20.2
2019-05-10,3,14.0,18.8,6.8,3.8,0.0,0.0,0.0,0.0,23.7,54.7
2019-05-11,3,13.9,25.2,1.0,-2.0,0.0,0.0,0.0,0.0,11.3,29.5
2019-05-12,3,16.7,23.2,10.3,6.8,0.0,0.0,0.0,0.0,13.9,35.3
2019-05-13,53,13.4,19.8,7.9,4.2,1.9,1.9,0.0,7.0,13.3,29.2
2019-05-14,51,14.5,21.4,8.6,7.0,0.9,0.9,0.0,6.0,14.1,34.9
2019-05-15,51,12.7,16.9,8.2,5.0,0.3,0.3,0.0,3.0,19.2,43.6
2019-05-16,51,7.7,10.1,5.9,2.5,2.5,2.5,0.0,11.0,20.6,43.9
2019-05-17,71,5.0,6.8,3.2,-0.1,9.6,9.4,0.14,23.0,12.8,27.0
2019-05-18,73,3.7,5.9,1.6,-1.9,7.5,5.5,1.4,20.0,20.3,42.8
2019-05-19,3,5.9,10.8,-0.1,-3.5,0.0,0.0,0.0,0.0,21.3,45.0
2019-05-20,51,5.8,9.4,-0.6,-4.0,0.8,0.8,0.0,5.0,22.9,49.0
2019-05-21,53,5.5,7.7,2.4,-0.0,5.7,5.7,0.0,18.0,13.4,32.8
2019-05-22,53,10.4,17.4,2.6,0.2,1.1,1.1,0.0,4.0,9.5,24.5
2019-05-23,3,12.7,20.5,3.6,0.5,0.0,0.0,0.0,0.0,15.1,34.6
2019-05-24,55,10.8,15.9,6.5,3.5,2.7,2.7,0.0,4.0,15.9,32.8
2019-05-25,55,9.3,11.9,3.7,1.1,4.0,4.0,0.0,8.0,17.1,31.7
2019-05-26,3,10.0,17.0,1.2,-2.1,0.0,0.0,0.0,0.0,12.2,29.9
2019-05-27,2,12.0,19.9,1.6,-1.4,0.0,0.0,0.0,0.0,11.7,29.2
2019-05-28,3,14.1,23.0,3.8,1.0,0.0,0.0,0.0,0.0,10.1,22.0
2019-05-29,0,17.0,27.4,4.8,2.1,0.0,0.0,0.0,0.0,9.7,18.0
2019-05-30,53,16.7,23.8,10.8,9.6,1.4,1.4,0.0,4.0,18.4,43.9
2019-05-31,55,14.5,22.1,7.8,6.2,1.8,1.8,0.0,4.0,13.4,34.6
2019-06-01,51,17.6,27.2,7.3,5.0,0.2,0.2,0.0,1.0,9.2,25.9
2019-06-02,3,19.7,27.6,11.3,7.9,0.0,0.0,0.0,0.0,14.5,36.0
2019-06-03,3,19.0,26.4,10.4,8.1,0.0,0.0,0.0,0.0,30.7,47.2
2019-06-04,53,15.4,24.6,7.7,5.1,1.9,1.9,0.0,6.0,24.6,43.2
2019-06-05,3,14.5,22.9,4.8,2.3,0.0,0.0,0.0,0.0,16.1,39.2
2019-06-06,53,12.9,17.7,7.2,4.7,1.0,1.0,0.0,3.0,12.0,26.6
2019-06-07,63,5.5,8.1,3.8,0.6,19.5,19.5,0.0,19.0,20.6,37.8
2019-06-08,51,8.1,13.3,1.9,-1.2,0.5,0.5,0.0,4.0,12.5,25.2
2019-06-09,3,11.0,17.8,2.8,0.2,0.0,0.0,0.0,0.0,12.8,32.4
2019-06-10,3,13.0,19.3,5.7,3.2,0.0,0.0,0.0,0.0,14.6,28.8
2019-06-11,3,15.2,23.2,7.1,5.1,0.0,0.0,0.0,0.0,8.9,18.4
2019-06-12,3,18.8,25.9,9.4,7.4,0.0,0.0,0.0,0.0,11.5,23.8
2019-06-13,61,18.4,27.0,12.1,10.6,3.4,3.4,0.0,4.0,17.6,29.5
2019-06-14,61,14.4,18.8,11.0,9.5,6.3,6.3,0.0,12.0,17.2,37.8
2019-06-15,2,15.3,20.8,10.0,8.2,0.0,0.0,0.0,0.0,9.4,27.0
2019-06-16,51,16.0,23.1,8.3,6.5,0.1,0.1,0.0,1.0,9.0,20.5
2019-06-17,51,16.4,23.6,8.2,6.4,0.1,0.1,0.0,1.0,14.4,37.1
2019-06-18,63,15.8,22.1,10.0,8.9,6.1,6.1,0.0,6.0,18.7,39.2
2019-06-19,63,10.6,13.0,6.7,2.7,14.7,14.7,0.0,13.0,28.5,64.4
2019-06-20,51,7.9,11.4,4.4,1.8,0.8,0.8,0.0,3.0,22.1,38.9
2019-06-21,61,9.3,12.1,6.3,3.1,15.1,15.1,0.0,19.0,31.4,58.7
2019-06-22,51,13.4,19.5,7.4,4.5,0.1,0.1,0.0,1.0,20.1,38.9
2019-06-23,55,12.9,16.6,9.4,7.6,6.5,6.5,0.0,13.0,9.8,28.4
2019-06-24,61,12.2,17.3,7.2,4.5,3.8,3.8,0.0,2.0,12.7,26.3
2019-06-25,61,12.2,16.8,7.0,4.9,2.4,2.4,0.0,5.0,8.2,24.1
2019-06-26,51,14.0,19.4,7.6,5.8,0.3,0.3,0.0,3.0,9.4,28.4
2019-06-27,61,12.1,14.4,9.5,8.2,13.9,13.9,0.0,18.0,10.4,28.8
2019-06-28,3,13.5,20.7,4.4,1.4,0.0,0.0,0.0,0.0,13.8,41.8
2019-06-29,51,14.0,20.7,6.6,3.2,0.3,0.3,0.0,1.0,18.0,37.8
2019-06-30,2,14.1,21.4,6.0,3.6,0.0,0.0,0.0,0.0,8.5,18.7
2019-07-01,53,13.6,23.0,7.5,4.8,1.0,1.0,0.0,4.0,29.2,63.7
2019-07-02,55,10.9,17.1,5.9,3.5,7.6,7.6,0.0,11.0,10.5,24.1
2019-07-03,51,12.2,18.9,6.1,3.8,0.5,0.5,0.0,4.0,12.4,25.6
2019-07-04,61,9.4,10.1,8.1,6.9,18.2,18.2,0.0,18.0,10.6,23.4
2019-07-05,53,10.9,14.0,8.4,7.1,4.9,4.9,0.0,13.0,11.8,26.3
2019-07-06,61,15.0,22.1,10.0,8.9,4.5,4.5,0.0,3.0,15.3,37.1
2019-07-07,51,14.3,20.3,9.9,8.5,0.8,0.8,0.0,3.0,10.2,29.2
2019-07-08,51,14.1,19.3,9.0,7.0,0.2,0.2,0.0,1.0,11.5,25.6
2019-07-09,53,14.4,20.4,9.2,8.3,2.4,2.4,0.0,9.0,12.1,28.4
2019-07-10,53,17.1,24.5,9.6,8.9,0.6,0.6,0.0,2.0,12.9,31.3
2019-07-11,2,17.6,23.2,11.3,10.3,0.0,0.0,0.0,0.0,11.8,34.6
2019-07-12,3,18.2,24.3,9.5,8.9,0.0,0.0,0.0,0.0,8.9,26.3
2019-07-13,53,17.6,23.6,10.6,9.4,0.7,0.7,0.0,1.0,10.7,23.8
2019-07-14,55,16.1,22.7,9.3,8.1,1.3,1.3,0.0,2.0,13.4,39.2
2019-07-15,51,15.7,21.4,8.0,6.3,0.1,0.1,0.0,1.0,10.7,21.2
2019-07-16,63,14.6,18.1,10.7,9.6,9.5,9.5,0.0,16.0,10.0,29.9
2019-07-17,53,14.7,21.5,7.3,5.5,0.7,0.7,0.0,2.0,15.5,32.0
2019-07-18,53,12.3,17.3,7.9,5.7,1.9,1.9,0.0,4.0,17.0,43.6
2019-07-19,61,11.4,14.9,7.1,3.4,4.7,4.7,0.0,8.0,19.6,37.1
2019-07-20,61,12.1,15.5,9.3,6.3,12.5,12.5,0.0,19.0,19.1,36.7
2019-07-21,3,14.4,21.5,6.3,4.4,0.0,0.0,0.0,0.0,20.4,43.2
2019-07-22,3,17.2,25.3,8.6,6.8,0.0,0.0,0.0,0.0,11.7,25.2
2019-07-23,3,21.5,30.0,12.3,11.5,0.0,0.0,0.0,0.0,9.4,27.0
2019-07-24,51,18.3,21.9,12.1,8.6,1.0,1.0,0.0,3.0,25.3,63.0
2019-07-25,0,17.8,24.9,9.4,5.8,0.0,0.0,0.0,0.0,19.2,40.3
2019-07-26,1,18.6,28.2,8.1,5.8,0.0,0.0,0.0,0.0,10.1,21.2
2019-07-27,55,17.3,25.9,10.5,8.5,1.8,1.8,0.0,2.0,24.4,56.9
2019-07-28,3,16.1,22.1,10.2,6.5,0.0,0.0,0.0,0.0,20.0,44.3
2019-07-29,1,16.3,24.2,7.5,5.7,0.0,0.0,0.0,0.0,10.8,25.9
2019-07-30,53,17.0,26.3,8.0,6.6,0.8,0.8,0.0,2.0,20.0,45.4
2019-07-31,1,17.6,25.4,8.7,7.7,0.0,0.0,0.0,0.0,15.8,37.8
2019-08-01,3,18.2,27.1,10.9,9.4,0.0,0.0,0.0,0.0,14.7,32.8
2019-08-02,2,20.4,29.5,10.5,9.1,0.0,0.0,0.0,0.0,21.9,50.8
2019-08-03,51,17.5,24.6,10.0,8.7,0.5,0.5,0.0,4.0,19.0,45.7
2019-08-04,1,16.4,24.7,8.1,6.5,0.0,0.0,0.0,0.0,8.9,20.9
2019-08-05,2,18.1,27.9,7.9,6.0,0.0,0.0,0.0,0.0,12.2,27.7
2019-08-06,53,15.1,20.0,11.4,10.2,3.7,3.7,0.0,11.0,15.0,29.2
2019-08-07,55,16.3,24.0,11.0,9.5,1.2,1.2,0.0,1.0,13.0,27.7
2019-08-08,53,19.1,28.3,10.9,10.2,0.5,0.5,0.0,1.0,11.2,25.9
2019-08-09,53,14.0,15.8,10.8,9.8,1.3,1.3,0.0,4.0,18.4,34.2
2019-08-10,53,11.6,14.7,9.9,8.4,2.0,2.0,0.0,7.0,17.6,37.1
2019-08-11,53,13.5,17.4,10.7,8.9,2.5,2.5,0.0,9.0,13.5,29.9
2019-08-12,51,13.2,15.8,11.5,10.2,2.0,2.0,0.0,11.0,13.2,25.6
2019-08-13,51,14.2,20.4,9.3,8.6,0.3,0.3,0.0,1.0,6.6,19.8
2019-08-14,55,14.9,22.7,8.5,7.5,2.9,2.9,0.0,4.0,9.4,25.9
2019-08-15,3,17.3,24.6,9.8,7.0,0.0,0.0,0.0,0.0,13.0,23.0
2019-08-16,61,11.9,14.3,7.8,5.7,8.6,8.6,0.0,13.0,21.4,45.4
2019-08-17,3,11.5,18.7,4.1,1.7,0.0,0.0,0.0,0.0,10.9,24.8
2019-08-18,3,16.1,25.3,9.1,6.8,0.0,0.0,0.0,0.0,16.0,34.9
2019-08-19,3,13.2,19.8,7.0,4.6,0.0,0.0,0.0,0.0,11.6,29.9
2019-08-20,3,16.7,26.0,8.2,5.9,0.0,0.0,0.0,0.0,14.3,34.2
2019-08-21,3,20.4,31.8,11.1,9.6,0.0,0.0,0.0,0.0,16.6,38.9
2019-08-22,63,15.6,19.9,10.4,9.0,7.2,7.2,0.0,12.0,14.6,38.2
2019-08-23,51,16.2,23.4,10.6,8.5,0.1,0.1,0.0,1.0,22.6,49.7
2019-08-24,53,15.6,22.5,9.1,7.8,0.6,0.6,0.0,1.0,12.2,24.5
2019-08-25,55,11.4,15.8,6.7,4.8,4.5,4.5,0.0,8.0,11.9,24.1
2019-08-26,51,11.5,17.2,6.1,3.6,0.1,0.1,0.0,1.0,13.9,36.7
2019-08-27,3,13.1,23.9,2.9,-0.1,0.0,0.0,0.0,0.0,10.8,32.8
2019-08-28,3,14.7,18.6,11.2,9.1,0.0,0.0,0.0,0.0,16.4,34.9
2019-08-29,3,15.1,20.7,10.5,8.2,0.0,0.0,0.0,0.0,17.4,37.4
2019-08-30,51,12.9,19.7,6.3,4.1,0.6,0.6,0.0,3.0,8.9,24.5
2019-08-31,53,12.6,19.7,5.8,4.2,2.1,2.1,0.0,3.0,13.7,30.2
2019-09-01,55,13.7,18.9,11.1,10.0,4.4,4.4,0.0,7.0,14.5,31.7
2019-09-02,51,14.6,20.9,8.9,6.8,0.1,0.1,0.0,1.0,15.3,38.2
2019-09-03,3,15.6,25.0,6.4,4.1,0.0,0.0,0.0,0.0,10.4,23.0
2019-09-04,53,16.9,24.7,9.9,8.0,1.0,1.0,0.0,4.0,17.8,39.6
2019-09-05,3,15.2,22.3,9.3,7.6,0.0,0.0,0.0,0.0,13.8,28.8
2019-09-06,3,14.0,19.8,8.5,6.7,0.0,0.0,0.0,0.0,16.8,38.9
2019-09-07,3,16.4,25.1,9.7,8.4,0.0,0.0,0.0,0.0,13.4,31.3
2019-09-08,3,13.3,17.0,9.7,8.6,0.0,0.0,0.0,0.0,11.3,25.6
2019-09-09,61,9.7,12.1,7.0,4.6,11.6,11.6,0.0,13.0,13.3,27.7
2019-09-10,55,7.6,9.7,6.2,3.4,8.6,8.6,0.0,17.0,13.0,24.1
2019-09-11,51,9.5,14.9,6.6,4.5,0.1,0.1,0.0,1.0,12.4,29.5
2019-09-12,3,12.0,21.6,3.1,0.7,0.0,0.0,0.0,0.0,9.9,20.5
2019-09-13,55,12.5,19.8,8.1,5.9,1.6,1.6,0.0,4.0,12.2,35.6
2019-09-14,3,12.9,20.5,5.9,3.1,0.0,0.0,0.0,0.0,17.6,35.3
2019-09-15,3,15.7,22.8,9.7,7.3,0.0,0.0,0.0,0.0,15.5,33.8
2019-09-16,3,14.0,20.1,8.6,6.5,0.0,0.0,0.0,0.0,12.3,29.5
2019-09-17,3,11.5,16.9,7.5,5.7,0.0,0.0,0.0,0.0,10.0,24.1
2019-09-18,53,9.2,14.4,3.8,1.0,0.9,0.9,0.0,2.0,8.0,20.5
2019-09-19,51,10.0,15.4,6.4,4.2,2.2,2.2,0.0,9.0,10.5,21.2
2019-09-20,51,10.0,15.3,5.9,2.7,0.6,0.6,0.0,2.0,15.9,36.7
2019-09-21,3,10.7,20.2,2.5,-0.4,0.0,0.0,0.0,0.0,10.0,19.8
2019-09-22,3,14.3,23.5,7.4,4.4,0.0,0.0,0.0,0.0,14.0,28.8
2019-09-23,3,12.3,17.3,7.7,5.3,0.0,0.0,0.0,0.0,15.9,33.5
2019-09-24,2,11.4,15.8,7.2,3.3,0.0,0.0,0.0,0.0,20.6,51.1
2019-09-25,3,10.5,16.4,5.7,1.6,0.0,0.0,0.0,0.0,17.8,33.8
2019-09-26,55,7.0,10.2,1.6,-1.5,6.7,6.7,0.0,14.0,20.7,45.0
2019-09-27,71,1.9,4.3,-1.6,-6.7,1.9,1.7,0.14,8.0,19.6,36.0
2019-09-28,73,-1.6,-0.6,-2.5,-7.6,2.8,0.0,2.45,16.0,17.2,37.4
2019-09-29,73,-2.2,-1.7,-2.8,-8.4,16.4,0.0,11.48,24.0,22.0,43.6
2019-09-30,73,-2.6,0.3,-6.9,-11.1,3.9,0.0,2.94,11.0,12.0,27.7
2019-10-01,2,-4.8,2.5,-11.3,-15.8,0.0,0.0,0.0,0.0,10.1,20.5
2019-10-02,3,-0.0,8.7,-7.2,-11.8,0.0,0.0,0.0,0.0,10.0,18.7
2019-10-03,3,2.7,10.0,-2.5,-6.2,0.0,0.0,0.0,0.0,9.6,18.0
2019-10-04,1,5.7,13.3,-0.3,-4.0,0.0,0.0,0.0,0.0,13.0,28.8
2019-10-05,3,7.3,13.6,2.6,-2.2,0.0,0.0,0.0,0.0,18.9,39.6
2019-10-06,0,9.3,18.1,3.9,-0.9,0.0,0.0,0.0,0.0,17.0,35.6
2019-10-07,51,9.9,17.3,3.0,-2.0,0.1,0.1,0.0,1.0,27.7,58.3
2019-10-08,73,-3.4,2.1,-7.2,-11.7,9.1,0.0,6.44,18.0,19.7,42.5
2019-10-09,3,-6.8,-3.6,-11.2,-16.2,0.0,0.0,0.0,0.0,12.8,28.1
2019-10-10,0,-4.6,3.0,-11.5,-16.2,0.0,0.0,0.0,0.0,10.8,19.4
2019-10-11,0,-0.9,6.7,-6.3,-10.7,0.0,0.0,0.0,0.0,8.9,20.9
2019-10-12,3,1.4,11.5,-5.5,-9.5,0.0,0.0,0.0,0.0,9.5,15.5
2019-10-13,3,4.3,8.8,1.4,-2.5,0.0,0.0,0.0,0.0,10.4,18.4
2019-10-14,71,2.7,5.9,-0.9,-4.7,0.1,0.0,0.14,1.0,23.9,48.6
2019-10-15,3,2.5,7.2,-2.6,-6.7,0.0,0.0,0.0,0.0,14.8,34.2
2019-10-16,3,8.1,17.5,0.4,-3.0,0.0,0.0,0.0,0.0,12.2,28.8
2019-10-17,3,7.7,14.0,0.1,-3.5,0.0,0.0,0.0,0.0,15.1,29.9
2019-10-18,3,4.1,11.4,-0.8,-4.9,0.0,0.0,0.0,0.0,22.6,48.2
2019-10-19,3,3.6,9.9,-0.4,-4.1,0.0,0.0,0.0,0.0,11.4,24.1
2019-10-20,3,0.5,8.2,-4.8,-8.5,0.0,0.0,0.0,0.0,9.4,24.1
2019-10-21,3,2.4,11.1,-2.6,-6.9,0.0,0.0,0.0,0.0,13.7,33.1
2019-10-22,3,4.2,11.1,-2.0,-5.6,0.0,0.0,0.0,0.0,26.4,59.4
2019-10-23,51,1.9,6.7,-3.9,-7.9,0.1,0.1,0.0,1.0,26.9,54.7
2019-10-24,3,6.8,16.3,-1.9,-6.4,0.0,0.0,0.0,0.0,17.7,39.2
2019-10-25,3,8.6,18.3,0.3,-6.7,0.0,0.0,0.0,0.0,35.5,70.9
2019-10-26,71,-1.5,0.7,-4.6,-10.3,0.3,0.0,0.42,2.0,29.4,70.2
2019-10-27,71,-1.8,3.0,-6.0,-11.4,0.0,0.0,0.28,0.0,17.8,41.0
2019-10-28,73,-8.8,-1.4,-12.6,-19.3,2.7,0.0,2.03,11.0,31.8,70.2
2019-10-29,1,-10.4,-2.8,-16.9,-22.2,0.0,0.0,0.0,0.0,14.4,31.0
2019-10-30,3,-1.9,8.3,-10.1,-15.3,0.0,0.0,0.0,0.0,15.4,27.0
2019-10-31,71,1.7,4.7,-2.1,-6.7,0.2,0.0,0.28,2.0,20.2,54.0
2019-11-01,3,0.5,7.0,-5.3,-10.3,0.0,0.0,0.0,0.0,11.7,22.7
2019-11-02,51,4.2,9.4,0.9,-2.9,0.1,0.1,0.0,1.0,11.5,23.0
2019-11-03,73,1.0,2.6,-1.1,-4.0,4.2,0.5,2.59,15.0,16.3,33.8
2019-11-04,71,-1.1,0.3,-2.3,-5.5,0.3,0.0,0.77,2.0,10.0,19.8
2019-11-05,73,-4.3,-0.1,-11.5,-16.0,4.5,0.0,3.36,16.0,17.2,38.5
2019-11-06,73,-12.5,-6.9,-16.4,-21.9,0.6,0.0,0.49,3.0,12.3,24.5
2019-11-07,3,-4.2,4.5,-14.0,-18.9,0.0,0.0,0.0,0.0,16.0,27.0
2019-11-08,51,6.4,11.1,1.4,-3.9,0.1,0.1,0.0,1.0,25.2,46.1
2019-11-09,71,-3.7,2.6,-9.6,-14.5,0.6,0.0,0.56,3.0,18.8,35.6
2019-11-10,73,-14.5,-9.8,-21.1,-26.7,4.5,0.0,3.22,14.0,12.3,29.9
2019-11-11,3,-10.8,-1.3,-21.6,-27.1,0.0,0.0,0.0,0.0,16.3,30.2
2019-11-12,73,1.2,3.5,-1.6,-6.8,2.5,0.8,1.19,5.0,14.4,25.9
2019-11-13,51,3.0,9.4,0.2,-3.8,0.3,0.3,0.0,2.0,15.1,27.4
2019-11-14,3,1.6,6.7,-2.5,-6.5,0.0,0.0,0.0,0.0,11.5,23.0
2019-11-15,51,4.8,7.5,2.1,-1.9,0.3,0.3,0.0,2.0,18.1,29.5
2019-11-16,51,3.4,8.1,0.7,-4.2,0.6,0.6,0.0,3.0,16.2,29.2
2019-11-17,3,8.0,14.0,1.6,-2.1,0.0,0.0,0.0,0.0,26.6,54.4
2019-11-18,3,3.1,7.7,-0.5,-4.5,0.0,0.0,0.0,0.0,19.8,41.0
2019-11-19,73,-0.4,0.8,-1.3,-4.8,10.4,0.0,7.35,22.0,11.5,23.0
2019-11-20,73,-6.6,-1.5,-10.6,-15.7,1.1,0.0,0.77,4.0,11.8,22.0
2019-11-21,3,-6.0,0.9,-10.9,-16.0,0.0,0.0,0.0,0.0,13.3,23.0
2019-11-22,3,1.2,5.5,-4.3,-9.2,0.0,0.0,0.0,0.0,22.5,35.6
2019-11-23,3,4.3,6.2,2.8,-2.6,0.0,0.0,0.0,0.0,23.4,44.3
2019-11-24,51,3.1,5.5,-0.8,-5.9,0.1,0.1,0.0,1.0,26.7,56.2
2019-11-25,3,-2.5,0.9,-5.4,-10.0,0.0,0.0,0.0,0.0,14.4,35.6
2019-11-26,73,-6.1,-3.9,-7.8,-13.0,1.6,0.1,1.26,6.0,13.8,27.7
2019-11-27,71,-12.2,-7.9,-13.8,-19.5,1.7,0.0,1.89,11.0,18.1,38.2
2019-11-28,71,-14.5,-12.5,-18.5,-23.3,1.2,0.0,1.19,8.0,10.8,22.7
2019-11-29,3,-15.7,-12.6,-19.5,-23.9,0.0,0.0,0.0,0.0,7.6,16.6
2019-11-30,3,-14.2,-8.0,-18.6,-23.2,0.0,0.0,0.0,0.0,10.1,20.9
2019-12-01,3,-5.6,0.3,-12.3,-17.3,0.0,0.0,0.0,0.0,14.0,27.4
2019-12-02,3,-1.7,2.5,-6.7,-11.4,0.0,0.0,0.0,0.0,20.5,35.6
2019-12-03,3,1.3,6.0,-4.2,-8.4,0.0,0.0,0.0,0.0,19.5,37.1
2019-12-04,71,-3.5,-2.0,-5.0,-9.6,0.0,0.0,0.28,0.0,18.5,41.4
2019-12-05,3,-6.6,-1.9,-10.4,-15.2,0.0,0.0,0.0,0.0,11.3,25.2
2019-12-06,3,-7.1,-2.8,-10.6,-15.0,0.0,0.0,0.0,0.0,9.0,19.1
2019-12-07,73,-6.1,-3.0,-9.3,-13.9,2.5,0.0,1.75,7.0,16.4,33.8
2019-12-08,73,-11.7,-9.1,-14.7,-19.4,3.3,0.0,2.38,7.0,11.2,24.1
2019-12-09,71,-6.4,-4.7,-9.2,-14.6,1.0,0.0,0.91,8.0,15.5,29.2
2019-12-10,3,-6.1,-3.2,-8.6,-13.7,0.0,0.0,0.0,0.0,12.3,24.8
2019-12-11,71,-9.6,-6.6,-13.5,-18.2,0.0,0.0,0.49,0.0,11.7,25.6
2019-12-12,3,-10.1,-5.4,-14.2,-19.1,0.0,0.0,0.0,0.0,10.0,16.2
2019-12-13,71,-14.1,-12.9,-15.5,-20.3,0.0,0.0,0.07,0.0,8.3,16.2
2019-12-14,3,-11.0,-4.8,-14.4,-18.8,0.0,0.0,0.0,0.0,11.6,20.9
2019-12-15,2,-10.6,-5.6,-14.0,-19.0,0.0,0.0,0.0,0.0,13.7,24.5
2019-12-16,3,-6.9,-2.0,-10.9,-16.6,0.0,0.0,0.0,0.0,16.9,28.4
2019-12-17,3,-0.4,2.8,-6.8,-12.6,0.0,0.0,0.0,0.0,17.4,38.9
2019-12-18,71,0.5,4.1,-4.0,-8.5,0.0,0.0,0.21,0.0,22.7,43.9
2019-12-19,3,-2.0,1.5,-5.5,-10.2,0.0,0.0,0.0,0.0,19.0,40.3
2019-12-20,71,1.0,5.1,-0.8,-5.6,1.2,1.0,0.21,6.0,18.0,34.9
2019-12-21,73,0.3,6.4,-3.0,-8.0,1.7,0.1,1.33,7.0,17.3,38.9
2019-12-22,73,-1.6,-0.6,-2.3,-6.2,3.7,0.0,2.87,14.0,10.9,20.9
2019-12-23,71,-4.6,-2.4,-11.1,-16.1,0.3,0.0,0.35,2.0,12.3,19.8
2019-12-24,1,-9.6,-5.4,-12.5,-17.5,0.0,0.0,0.0,0.0,10.6,19.1
2019-12-25,1,-12.0,-5.8,-14.9,-20.0,0.0,0.0,0.0,0.0,14.1,23.4
2019-12-26,1,-11.7,-4.3,-17.0,-22.7,0.0,0.0,0.0,0.0,15.3,23.8
2019-12-27,71,-6.1,-1.9,-8.5,-13.9,0.0,0.0,0.14,0.0,16.9,29.5
2019-12-28,3,-10.7,-6.5,-14.2,-19.2,0.0,0.0,0.0,0.0,14.1,25.6
2019-12-29,3,-5.6,2.0,-12.8,-17.6,0.0,0.0,0.0,0.0,10.4,19.8
2019-12-30,3,-5.7,2.1,-12.2,-16.7,0.0,0.0,0.0,0.0,17.0,25.9
2019-12-31,3,2.0,4.6,-1.3,-6.7,0.0,0.0,0.0,0.0,17.3,34.2
2020-01-01,71,-0.7,1.8,-4.1,-8.4,0.3,0.0,0.63,2.0,10.0,21.6
2020-01-02,73,-3.6,-0.8,-8.2,-13.1,2.5,0.1,1.82,6.0,15.5,36.4
2020-01-03,71,-2.4,2.7,-5.5,-10.5,0.8,0.1,0.7,5.0,18.4,32.4
2020-01-04,71,1.8,6.1,-3.3,-9.8,0.1,0.0,0.07,1.0,27.5,60.5
2020-01-05,3,-1.8,2.7,-7.1,-11.7,0.0,0.0,0.0,0.0,23.5,42.1
2020-01-06,73,-3.1,0.7,-5.7,-10.6,0.4,0.0,0.28,2.0,18.0,36.0
2020-01-07,73,-8.0,-5.4,-9.5,-14.1,2.1,0.0,1.75,6.0,16.6,33.1
2020-01-08,71,-8.6,-3.5,-14.2,-19.0,0.3,0.0,0.28,2.0,21.1,44.3
2020-01-09,3,-16.5,-13.5,-21.3,-26.6,0.0,0.0,0.0,0.0,10.2,22.7
2020-01-10,71,-14.5,-7.4,-21.7,-27.5,0.0,0.0,0.07,0.0,13.0,22.7
2020-01-11,71,-16.7,-10.2,-20.9,-26.6,0.0,0.0,0.21,0.0,12.6,25.6
2020-01-12,71,-23.5,-20.9,-25.5,-30.8,0.5,0.0,0.49,3.0,16.7,32.0
2020-01-13,71,-27.0,-25.1,-30.7,-35.6,0.4,0.0,0.63,3.0,10.5,22.3
2020-01-14,3,-29.7,-27.6,-32.2,-37.3,0.0,0.0,0.0,0.0,7.2,15.8
2020-01-15,3,-31.0,-29.0,-32.9,-37.3,0.0,0.0,0.0,0.0,9.4,20.5
2020-01-16,71,-29.3,-27.8,-30.8,-36.1,0.0,0.0,0.07,0.0,11.0,26.6
2020-01-17,71,-26.7,-22.7,-28.9,-34.4,0.0,0.0,0.07,0.0,10.9,22.3
2020-01-18,3,-23.9,-19.5,-29.6,-35.1,0.0,0.0,0.0,0.0,10.1,20.2
2020-01-19,3,-11.5,0.4,-21.9,-27.0,0.0,0.0,0.0,0.0,12.4,22.0
2020-01-20,3,0.5,4.8,-4.9,-9.7,0.0,0.0,0.0,0.0,17.6,29.5
2020-01-21,3,0.3,4.1,-3.8,-7.9,0.0,0.0,0.0,0.0,14.7,28.4
2020-01-22,3,-0.3,4.8,-4.6,-9.3,0.0,0.0,0.0,0.0,14.9,28.4
2020-01-23,3,-1.4,3.3,-6.5,-11.4,0.0,0.0,0.0,0.0,12.1,20.2
2020-01-24,3,3.5,6.5,1.7,-2.3,0.0,0.0,0.0,0.0,15.5,26.6
2020-01-25,3,2.3,8.2,-2.7,-7.0,0.0,0.0,0.0,0.0,16.3,29.2
2020-01-26,3,-2.4,2.0,-5.5,-9.9,0.0,0.0,0.0,0.0,12.1,27.4
2020-01-27,3,0.0,6.7,-4.0,-8.8,0.0,0.0,0.0,0.0,11.9,27.0
2020-01-28,3,-2.1,2.5,-5.2,-9.6,0.0,0.0,0.0,0.0,11.0,20.2
2020-01-29,3,-0.8,5.0,-6.2,-10.5,0.0,0.0,0.0,0.0,24.7,36.4
2020-01-30,51,1.2,5.7,-3.1,-8.4,0.2,0.2,0.0,1.0,25.9,51.5
2020-01-31,3,3.4,7.3,0.6,-3.3,0.0,0.0,0.0,0.0,35.9,74.5
2020-02-01,75,4.4,9.0,-3.5,-7.1,3.8,0.2,2.59,4.0,35.5,70.6
2020-02-02,75,-5.9,-2.8,-9.2,-15.0,10.0,0.1,7.0,5.0,15.2,31.7
2020-02-03,71,-9.7,-6.4,-15.7,-20.7,0.1,0.0,0.49,1.0,14.0,31.3
2020-02-04,71,-9.8,-1.4,-19.5,-24.8,0.0,0.0,0.21,0.0,19.3,32.8
2020-02-05,73,-0.2,3.2,-3.4,-9.6,0.4,0.0,0.28,2.0,20.0,39.6
2020-02-06,51,-0.4,3.9,-3.2,-8.6,0.2,0.2,0.0,1.0,18.1,35.3
2020-02-07,3,-1.8,2.4,-4.5,-8.7,0.0,0.0,0.0,0.0,9.8,24.1
2020-02-08,73,-4.8,-2.5,-9.8,-14.5,5.5,0.0,3.92,13.0,18.7,39.6
2020-02-09,71,-3.8,1.3,-11.0,-16.2,0.0,0.0,0.07,0.0,18.4,38.5
2020-02-10,3,-3.2,1.7,-6.1,-11.0,0.0,0.0,0.0,0.0,16.4,31.7
2020-02-11,73,-0.1,5.2,-7.1,-12.8,2.4,0.1,1.75,10.0,23.3,52.9
2020-02-12,3,-8.3,-4.5,-10.8,-15.7,0.0,0.0,0.0,0.0,15.1,34.9
2020-02-13,3,-4.4,5.7,-11.6,-16.4,0.0,0.0,0.0,0.0,10.9,27.4
2020-02-14,73,-1.8,2.6,-5.5,-9.6,1.4,0.0,1.12,4.0,10.0,33.8
2020-02-15,3,-3.3,2.2,-6.8,-10.9,0.0,0.0,0.0,0.0,13.0,29.9
2020-02-16,71,-3.5,2.4,-7.4,-12.1,0.0,0.0,0.07,0.0,9.2,25.9
2020-02-17,71,-11.0,-6.4,-15.9,-20.7,0.2,0.0,0.28,2.0,16.9,33.5
2020-02-18,71,-13.1,-6.7,-16.5,-21.2,0.0,0.0,0.14,0.0,9.7,20.9
2020-02-19,0,-8.5,2.2,-16.2,-21.3,0.0,0.0,0.0,0.0,10.5,21.6
2020-02-20,3,-0.9,8.8,-9.1,-14.3,0.0,0.0,0.0,0.0,19.7,41.0
2020-02-21,3,1.6,8.4,-4.6,-9.2,0.0,0.0,0.0,0.0,16.2,36.4
2020-02-22,73,0.2,4.1,-5.3,-9.7,1.3,0.2,0.77,4.0,15.3,35.3
2020-02-23,73,-2.7,2.3,-6.4,-10.4,3.5,0.0,2.52,8.0,14.9,33.8
2020-02-24,73,-4.7,-2.2,-9.3,-13.9,2.3,0.0,1.68,10.0,12.4,30.2
2020-02-25,3,-6.4,0.8,-12.3,-17.2,0.0,0.0,0.0,0.0,10.4,20.5
2020-02-26,71,0.4,6.5,-3.2,-7.8,0.3,0.0,0.28,2.0,18.4,32.4
2020-02-27,3,3.4,9.2,-2.0,-7.6,0.0,0.0,0.0,0.0,21.3,46.8
2020-02-28,3,5.4,9.3,1.5,-2.8,0.0,0.0,0.0,0.0,20.7,40.3
2020-02-29,71,2.3,4.8,-2.6,-7.9,0.4,0.0,0.42,4.0,25.3,60.1
2020-03-01,3,-1.8,3.7,-7.4,-11.3,0.0,0.0,0.0,0.0,23.6,39.2
2020-03-02,51,3.6,6.9,0.9,-5.1,0.4,0.4,0.0,1.0,28.8,60.8
2020-03-03,71,3.6,7.4,-0.7,-5.0,0.5,0.4,0.07,2.0,28.8,61.9
2020-03-04,3,1.0,4.0,-4.6,-9.2,0.0,0.0,0.0,0.0,27.2,69.8
2020-03-05,3,0.5,8.9,-5.5,-10.1,0.0,0.0,0.0,0.0,13.6,34.9
2020-03-06,71,1.9,10.7,-5.6,-10.8,0.1,0.0,0.14,1.0,17.3,38.5
2020-03-07,73,-10.2,-5.5,-14.9,-20.1,4.6,0.0,3.43,17.0,15.0,32.0
2020-03-08,71,-12.3,-6.4,-19.2,-23.1,0.0,0.0,0.07,0.0,9.1,26.6
2020-03-09,71,-6.4,0.8,-12.8,-17.5,0.0,0.0,0.07,0.0,12.7,29.9
2020-03-10,3,-1.6,4.2,-8.3,-13.3,0.0,0.0,0.0,0.0,24.5,44.3
2020-03-11,71,-0.5,2.7,-5.4,-9.7,0.4,0.2,0.21,3.0,23.5,46.4
2020-03-12,73,-3.7,1.0,-7.1,-12.4,1.8,0.0,1.33,6.0,15.3,33.1
2020-03-13,73,-14.5,-7.0,-20.3,-26.3,5.9,0.0,4.27,23.0,17.1,36.0
2020-03-14,73,-20.4,-18.0,-25.3,-30.8,5.4,0.0,3.85,19.0,17.3,37.1
2020-03-15,3,-18.1,-8.3,-28.7,-34.1,0.0,0.0,0.0,0.0,11.7,18.7
2020-03-16,3,-6.1,3.9,-15.0,-19.7,0.0,0.0,0.0,0.0,9.7,20.2
2020-03-17,3,-3.5,0.4,-7.7,-12.0,0.0,0.0,0.0,0.0,25.3,56.9
2020-03-18,3,-7.5,-4.4,-9.4,-14.9,0.0,0.0,0.0,0.0,14.9,32.0
2020-03-19,71,-9.5,-6.2,-12.5,-17.2,0.0,0.0,0.07,0.0,16.3,33.5
2020-03-20,3,-6.4,3.2,-13.8,-18.8,0.0,0.0,0.0,0.0,16.4,32.4
2020-03-21,71,-2.4,5.0,-9.8,-14.8,0.8,0.0,0.63,5.0,18.3,40.3
2020-03-22,3,0.4,7.0,-5.7,-9.8,0.0,0.0,0.0,0.0,10.4,25.6
2020-03-23,73,1.9,9.3,-2.2,-6.8,1.8,0.5,0.91,6.0,15.6,33.8
2020-03-24,71,-3.2,-1.9,-4.6,-9.1,1.1,0.0,1.05,7.0,15.8,34.2
2020-03-25,71,-3.7,-0.2,-6.8,-11.3,1.4,0.0,1.12,10.0,10.3,23.0
2020-03-26,2,-0.1,7.9,-7.7,-12.8,0.0,0.0,0.0,0.0,22.0,49.7
2020-03-27,3,3.7,9.6,-1.9,-5.7,0.0,0.0,0.0,0.0,18.0,42.1
2020-03-28,3,4.1,9.5,0.9,-3.5,0.0,0.0,0.0,0.0,18.4,35.6
2020-03-29,3,4.1,10.5,-1.5,-6.1,0.0,0.0,0.0,0.0,19.2,43.6
2020-03-30,73,-4.7,-2.0,-8.2,-13.8,2.6,0.0,1.82,11.0,17.3,60.1
2020-03-31,71,-10.4,-8.4,-12.4,-18.2,0.0,0.0,0.07,0.0,15.3,38.5
2020-04-01,71,-12.7,-9.8,-15.1,-21.2,0.0,0.0,0.42,0.0,15.5,33.5
2020-04-02,3,-11.4,-7.2,-17.1,-21.6,0.0,0.0,0.0,0.0,14.3,29.9
2020-04-03,71,-8.9,-5.2,-11.2,-16.1,0.5,0.0,0.98,4.0,14.6,29.2
2020-04-04,71,-7.5,-3.1,-11.9,-16.5,0.5,0.0,0.42,5.0,15.6,32.0
2020-04-05,71,-4.9,-1.3,-7.3,-12.2,0.0,0.0,0.07,0.0,16.2,42.5
2020-04-06,73,-0.9,6.2,-5.3,-9.7,0.6,0.0,0.77,3.0,16.5,39.2
2020-04-07,51,0.9,6.1,-2.5,-6.8,0.4,0.4,0.0,2.0,20.1,48.2
2020-04-08,3,0.2,5.2,-5.0,-9.4,0.0,0.0,0.0,0.0,11.0,26.3
2020-04-09,3,4.2,14.6,-4.4,-8.7,0.0,0.0,0.0,0.0,12.1,23.4
2020-04-10,73,0.9,4.0,-3.3,-6.8,2.6,0.3,1.68,12.0,16.4,33.5
2020-04-11,73,-4.7,-3.1,-8.4,-13.2,3.0,0.0,2.31,11.0,22.0,50.0
2020-04-12,71,-5.9,-2.8,-8.9,-14.0,0.2,0.0,0.77,2.0,22.5,54.7
2020-04-13,3,-2.6,4.9,-10.0,-14.2,0.0,0.0,0.0,0.0,21.1,47.2
2020-04-14,73,2.8,6.5,-0.5,-4.6,4.1,2.5,1.12,8.0,17.4,34.9
2020-04-15,73,-0.5,1.6,-4.2,-8.3,3.5,0.2,2.59,12.0,22.0,45.4
2020-04-16,3,2.5,11.2,-4.6,-8.4,0.0,0.0,0.0,0.0,12.6,23.4
2020-04-17,51,6.3,12.2,2.2,-2.8,1.0,1.0,0.0,3.0,17.0,36.0
2020-04-18,71,2.6,5.4,-0.4,-4.5,0.6,0.2,0.63,4.0,14.4,35.3
2020-04-19,3,6.6,15.3,-2.2,-6.4,0.0,0.0,0.0,0.0,15.0,36.0
2020-04-20,1,11.3,19.3,4.4,-0.1,0.0,0.0,0.0,0.0,14.8,32.4
2020-04-21,3,12.4,19.9,4.7,0.2,0.0,0.0,0.0,0.0,19.5,42.8
2020-04-22,3,9.3,14.6,3.8,0.2,0.0,0.0,0.0,0.0,16.6,42.1
2020-04-23,53,7.5,14.9,1.9,-2.2,1.3,1.3,0.0,2.0,16.8,36.7
2020-04-24,51,7.7,15.0,-0.2,-4.3,0.4,0.4,0.0,3.0,11.5,28.1
2020-04-25,3,8.6,15.8,-0.3,-4.5,0.0,0.0,0.0,0.0,20.1,46.4
2020-04-26,3,9.5,15.2,3.3,-2.5,0.0,0.0,0.0,0.0,22.4,46.8
2020-04-27,51,9.2,16.1,4.2,-0.1,0.2,0.2,0.0,1.0,20.6,50.8
2020-04-28,3,9.5,17.9,0.1,-4.4,0.0,0.0,0.0,0.0,13.6,34.9
2020-04-29,51,12.5,20.7,2.9,-0.5,0.6,0.6,0.0,2.0,17.4,41.0
2020-04-30,51,12.3,19.2,5.6,2.2,0.1,0.1,0.0,1.0,17.4,42.1
2020-05-01,51,8.5,16.3,0.4,-2.7,0.2,0.2,0.0,1.0,7.2,21.2
2020-05-02,3,10.4,19.8,-1.1,-5.2,0.0,0.0,0.0,0.0,14.7,35.3
2020-05-03,3,9.4,16.6,3.0,-0.3,0.0,0.0,0.0,0.0,21.7,50.0
2020-05-04,51,5.3,8.1,1.5,-1.5,1.4,1.4,0.0,8.0,21.5,51.8
2020-05-05,3,8.3,17.6,-1.8,-5.1,0.0,0.0,0.0,0.0,16.1,29.9
2020-05-06,53,9.1,16.4,0.4,-2.9,2.2,2.2,0.0,6.0,19.7,40.0
2020-05-07,55,10.2,17.0,4.7,1.7,5.9,5.9,0.0,8.0,15.8,29.9
2020-05-08,51,6.7,9.9,1.6,-1.5,3.8,3.8,0.0,15.0,25.8,48.2
2020-05-09,51,6.0,11.8,-0.8,-4.3,1.2,1.2,0.0,5.0,14.6,39.2
2020-05-10,73,3.3,6.2,0.4,-3.2,2.7,0.9,1.33,10.0,17.6,38.9
2020-05-11,3,3.5,8.0,-2.3,-6.2,0.0,0.0,0.0,0.0,17.9,40.7
2020-05-12,3,5.3,9.4,0.7,-3.4,0.0,0.0,0.0,0.0,22.2,47.9
2020-05-13,71,8.1,16.8,-0.1,-3.7,0.4,0.3,0.07,4.0,8.4,26.3
2020-05-14,1,9.6,17.3,2.4,-2.3,0.0,0.0,0.0,0.0,22.3,50.8
2020-05-15,53,9.2,18.0,0.6,-3.3,0.8,0.8,0.0,1.0,11.4,29.5
2020-05-16,3,13.3,21.8,2.7,-0.8,0.0,0.0,0.0,0.0,15.9,38.2
2020-05-17,3,14.3,21.7,5.9,2.4,0.0,0.0,0.0,0.0,14.0,34.6
2020-05-18,3,13.9,20.3,7.2,4.6,0.0,0.0,0.0,0.0,12.3,24.5
2020-05-19,53,11.6,14.9,8.8,6.4,2.3,2.3,0.0,7.0,19.7,39.2
2020-05-20,61,9.1,11.0,7.3,5.5,11.0,11.0,0.0,13.0,10.1,25.9
2020-05-21,73,6.0,7.8,4.2,-0.3,49.9,49.0,0.63,23.0,24.7,44.6
2020-05-22,53,4.3,6.5,2.7,0.2,8.1,8.1,0.0,24.0,12.3,27.4
2020-05-23,51,8.3,14.3,3.3,0.8,0.4,0.4,0.0,4.0,13.8,30.6
2020-05-24,3,12.5,20.3,3.1,-0.1,0.0,0.0,0.0,0.0,10.6,20.2
2020-05-25,3,13.8,19.7,6.2,2.9,0.0,0.0,0.0,0.0,13.7,32.4
2020-05-26,53,10.6,16.3,4.5,2.1,1.5,1.5,0.0,3.0,21.6,49.0
2020-05-27,3,10.0,17.2,1.5,-1.9,0.0,0.0,0.0,0.0,13.2,31.0
2020-05-28,3,12.1,19.7,2.0,-1.4,0.0,0.0,0.0,0.0,19.5,43.9
2020-05-29,3,15.1,21.8,7.4,5.5,0.0,0.0,0.0,0.0,12.1,26.6
2020-05-30,3,17.8,25.5,8.4,7.0,0.0,0.0,0.0,0.0,23.3,46.8
2020-05-31,63,14.6,19.2,10.1,8.0,24.2,24.2,0.0,11.0,25.4,58.3
2020-06-01,53,12.5,17.9,7.0,3.6,0.8,0.8,0.0,4.0,14.4,37.4
2020-06-02,3,13.7,21.8,4.5,0.8,0.0,0.0,0.0,0.0,15.1,36.4
2020-06-03,53,12.8,18.3,6.0,3.3,0.9,0.9,0.0,2.0,17.7,40.0
2020-06-04,51,10.7,16.4,3.8,1.0,0.3,0.3,0.0,1.0,8.9,23.4
2020-06-05,51,11.1,18.0,2.2,-0.6,0.4,0.4,0.0,2.0,19.1,42.5
2020-06-06,61,13.2,18.9,8.6,6.5,5.9,5.9,0.0,5.0,13.1,35.6
2020-06-07,61,9.2,11.9,6.2,3.8,18.0,18.0,0.0,22.0,24.0,48.2
2020-06-08,53,10.7,16.3,4.4,1.9,0.5,0.5,0.0,1.0,12.8,25.2
2020-06-09,3,12.1,17.8,6.0,2.4,0.0,0.0,0.0,0.0,16.2,36.7
2020-06-10,2,15.4,22.4,7.4,3.7,0.0,0.0,0.0,0.0,13.4,30.6
2020-06-11,51,16.8,22.9,8.6,5.4,0.1,0.1,0.0,1.0,12.9,27.7
2020-06-12,3,18.2,26.5,10.1,7.9,0.0,0.0,0.0,0.0,17.7,40.3
2020-06-13,63,14.9,20.0,10.2,8.3,13.8,13.8,0.0,7.0,16.7,38.2
2020-06-14,51,13.4,19.0,8.2,5.8,1.9,1.9,0.0,7.0,15.9,38.5
2020-06-15,51,14.2,19.1,9.9,6.4,0.1,0.1,0.0,1.0,18.5,38.9
2020-06-16,53,13.5,18.0,8.1,4.4,0.8,0.8,0.0,2.0,14.1,36.4
2020-06-17,61,11.4,14.4,9.3,6.6,7.3,7.3,0.0,13.0,24.1,53.6
2020-06-18,51,11.4,15.3,8.3,6.6,0.8,0.8,0.0,3.0,14.8,34.2
2020-06-19,53,14.2,21.1,6.3,4.5,0.5,0.5,0.0,1.0,9.2,31.3
2020-06-20,53,16.2,23.8,8.0,6.1,1.0,1.0,0.0,2.0,8.7,24.5
2020-06-21,55,16.7,21.8,11.3,10.5,2.9,2.9,0.0,4.0,12.9,29.9
2020-06-22,3,17.5,24.6,9.0,7.3,0.0,0.0,0.0,0.0,10.5,22.3
2020-06-23,53,19.7,26.4,12.6,11.2,0.6,0.6,0.0,1.0,13.0,33.8
2020-06-24,63,16.2,20.1,11.8,11.1,9.3,9.3,0.0,8.0,12.6,31.3
2020-06-25,3,17.2,24.4,8.7,7.2,0.0,0.0,0.0,0.0,15.5,32.0
2020-06-26,53,17.7,25.6,12.2,10.2,1.5,1.5,0.0,6.0,16.7,38.5
2020-06-27,63,13.3,17.9,9.6,8.1,10.2,10.2,0.0,14.0,12.3,36.0
2020-06-28,61,10.3,13.0,8.1,5.8,15.7,15.7,0.0,21.0,16.9,37.8
2020-06-29,51,12.6,16.2,10.2,7.6,1.8,1.8,0.0,13.0,19.6,38.9
2020-06-30,63,11.3,12.6,9.8,6.4,44.1,44.1,0.0,22.0,21.9,45.0
2020-07-01,55,13.3,19.2,9.5,6.7,4.0,4.0,0.0,10.0,19.9,39.6
2020-07-02,51,14.4,20.0,9.7,7.1,0.9,0.9,0.0,5.0,20.2,40.7
2020-07-03,51,15.9,23.5,7.8,5.1,0.1,0.1,0.0,1.0,14.8,32.8
2020-07-04,53,14.7,19.3,8.3,5.7,1.0,1.0,0.0,2.0,14.4,28.1
2020-07-05,51,14.2,20.5,5.5,3.6,0.1,0.1,0.0,1.0,9.4,20.2
2020-07-06,2,15.7,22.5,7.9,6.7,0.0,0.0,0.0,0.0,9.8,24.1
2020-07-07,63,13.7,18.2,9.7,8.1,5.9,5.9,0.0,8.0,16.9,32.0
2020-07-08,61,13.1,16.8,10.3,7.0,7.9,7.9,0.0,14.0,25.6,54.4
2020-07-09,51,14.8,21.3,7.3,5.8,0.4,0.4,0.0,1.0,12.2,29.9
2020-07-10,3,16.0,22.5,9.0,6.9,0.0,0.0,0.0,0.0,11.9,22.0
2020-07-11,3,17.0,24.2,7.3,5.3,0.0,0.0,0.0,0.0,16.0,36.7
2020-07-12,63,14.8,18.6,9.2,7.5,5.3,5.3,0.0,5.0,12.9,32.8
2020-07-13,53,12.6,17.9,7.3,4.6,0.9,0.9,0.0,1.0,12.9,33.1
2020-07-14,2,15.3,22.7,7.3,3.4,0.0,0.0,0.0,0.0,14.8,30.2
2020-07-15,61,16.2,22.9,10.0,7.1,3.5,3.5,0.0,5.0,13.7,30.6
2020-07-16,55,17.6,25.6,9.9,8.4,1.2,1.2,0.0,1.0,12.3,32.4
2020-07-17,53,15.7,21.0,9.7,8.8,1.2,1.2,0.0,2.0,18.0,22.3
2020-07-18,61,15.8,22.8,8.7,6.8,1.5,1.5,0.0,1.0,10.9,28.1
2020-07-19,61,15.4,20.7,10.7,10.1,5.7,5.7,0.0,10.0,10.2,27.4
2020-07-20,2,16.2,22.8,8.4,6.4,0.0,0.0,0.0,0.0,12.1,26.6
2020-07-21,3,18.0,26.3,9.5,8.5,0.0,0.0,0.0,0.0,12.1,27.4
2020-07-22,51,18.8,25.0,12.4,11.7,0.5,0.5,0.0,2.0,12.0,28.4
2020-07-23,61,18.3,25.8,12.3,11.3,3.9,3.9,0.0,7.0,16.1,39.6
2020-07-24,61,13.6,20.2,8.9,7.8,4.7,4.7,0.0,6.0,11.1,29.2
2020-07-25,3,14.0,21.5,5.7,3.3,0.0,0.0,0.0,0.0,14.1,31.0
2020-07-26,2,16.0,23.5,7.6,5.0,0.0,0.0,0.0,0.0,11.6,20.5
2020-07-27,1,18.8,27.5,9.2,7.7,0.0,0.0,0.0,0.0,16.2,36.4
2020-07-28,3,21.3,32.0,10.6,9.6,0.0,0.0,0.0,0.0,11.6,21.6
2020-07-29,3,21.3,28.2,14.9,13.8,0.0,0.0,0.0,0.0,16.3,31.0
2020-07-30,53,21.0,27.0,16.0,15.6,0.6,0.6,0.0,1.0,17.0,32.4
2020-07-31,51,21.0,27.1,15.3,15.8,0.4,0.4,0.0,1.0,16.9,37.4
2020-08-01,3,20.4,27.5,13.9,12.9,0.0,0.0,0.0,0.0,19.1,42.8
2020-08-02,3,22.0,29.1,14.6,14.1,0.0,0.0,0.0,0.0,12.8,33.1
2020-08-03,55,18.5,27.9,10.4,9.4,1.1,1.1,0.0,1.0,21.3,45.7
2020-08-04,1,17.8,27.2,8.8,7.5,0.0,0.0,0.0,0.0,12.2,29.2
2020-08-05,1,19.9,29.6,9.4,8.2,0.0,0.0,0.0,0.0,16.5,40.3
2020-08-06,3,20.3,28.3,11.1,9.3,0.0,0.0,0.0,0.0,19.8,47.2
2020-08-07,61,15.0,21.1,10.5,8.8,6.5,6.5,0.0,7.0,17.4,37.4
2020-08-08,55,14.4,21.6,8.2,6.2,1.5,1.5,0.0,2.0,22.5,46.4
2020-08-09,2,13.4,22.0,4.3,1.3,0.0,0.0,0.0,0.0,12.6,31.3
2020-08-10,51,17.4,26.2,9.5,6.2,0.1,0.1,0.0,1.0,14.1,25.6
2020-08-11,51,15.5,22.8,8.5,7.4,0.2,0.2,0.0,1.0,16.1,40.0
2020-08-12,61,13.5,19.3,8.0,6.2,3.5,3.5,0.0,5.0,21.0,39.6
2020-08-13,2,13.8,21.8,4.4,1.9,0.0,0.0,0.0,0.0,11.6,25.6
2020-08-14,3,15.2,22.7,6.9,3.6,0.0,0.0,0.0,0.0,15.6,33.1
2020-08-15,3,18.7,27.8,10.6,9.5,0.0,0.0,0.0,0.0,16.9,38.9
2020-08-16,3,20.7,32.3,8.8,7.2,0.0,0.0,0.0,0.0,11.6,29.2
2020-08-17,3,22.8,33.6,13.4,11.9,0.0,0.0,0.0,0.0,18.3,42.5
2020-08-18,3,23.7,34.8,14.0,12.7,0.0,0.0,0.0,0.0,17.9,31.0
2020-08-19,3,20.0,28.7,11.6,9.1,0.0,0.0,0.0,0.0,15.1,32.4
2020-08-20,51,18.9,26.5,13.3,12.5,0.5,0.5,0.0,2.0,13.8,26.6
2020-08-21,3,18.9,29.5,9.8,9.4,0.0,0.0,0.0,0.0,13.6,33.8
2020-08-22,3,19.3,25.3,12.7,11.3,0.0,0.0,0.0,0.0,23.2,50.0
2020-08-23,3,16.3,25.6,6.3,4.3,0.0,0.0,0.0,0.0,14.0,32.8
2020-08-24,3,17.7,30.6,7.7,5.7,0.0,0.0,0.0,0.0,25.1,62.6
2020-08-25,3,16.4,23.9,9.3,7.5,0.0,0.0,0.0,0.0,15.6,38.9
2020-08-26,2,16.8,26.8,7.0,5.5,0.0,0.0,0.0,0.0,9.8,25.9
2020-08-27,51,14.2,20.3,8.9,6.3,0.4,0.4,0.0,2.0,13.0,33.1
2020-08-28,1,17.1,27.8,7.3,4.6,0.0,0.0,0.0,0.0,12.0,37.1
2020-08-29,51,11.4,14.0,7.0,4.3,1.2,1.2,0.0,6.0,23.5,55.1
2020-08-30,51,11.5,20.3,3.4,0.6,0.1,0.1,0.0,1.0,12.5,32.8
2020-08-31,3,13.2,20.9,5.4,3.1,0.0,0.0,0.0,0.0,21.3,38.2
2020-09-01,51,17.9,24.6,12.0,9.1,0.1,0.1,0.0,1.0,22.5,53.6
2020-09-02,51,13.3,17.7,7.4,4.8,1.0,1.0,0.0,3.0,20.7,59.8
2020-09-03,3,13.9,24.1,4.2,2.1,0.0,0.0,0.0,0.0,18.3,35.6
2020-09-04,1,16.8,27.8,6.1,3.7,0.0,0.0,0.0,0.0,12.9,31.7
2020-09-05,2,19.1,31.1,9.1,7.2,0.0,0.0,0.0,0.0,24.0,50.4
2020-09-06,63,11.0,13.9,6.6,3.6,10.7,10.7,0.0,16.0,14.4,24.5
2020-09-07,63,5.9,9.0,1.5,-0.5,14.5,14.5,0.0,18.0,16.8,42.1
2020-09-08,3,9.1,19.8,-0.4,-4.2,0.0,0.0,0.0,0.0,17.3,32.8
2020-09-09,2,13.7,23.5,5.0,2.4,0.0,0.0,0.0,0.0,10.3,21.6
2020-09-10,1,15.9,26.7,6.9,4.5,0.0,0.0,0.0,0.0,10.2,23.8
2020-09-11,1,18.0,28.9,8.5,5.1,0.0,0.0,0.0,0.0,22.6,41.4
2020-09-12,3,12.6,18.6,7.8,5.8,0.0,0.0,0.0,0.0,17.2,38.2
2020-09-13,3,10.5,15.9,6.2,2.7,0.0,0.0,0.0,0.0,13.9,33.5
2020-09-14,3,8.0,11.7,5.9,3.6,0.0,0.0,0.0,0.0,9.0,23.0
2020-09-15,51,8.9,12.3,6.4,5.0,0.4,0.4,0.0,2.0,13.6,31.3
2020-09-16,3,12.0,19.8,7.8,5.0,0.0,0.0,0.0,0.0,12.7,30.2
2020-09-17,0,13.0,22.3,4.8,2.8,0.0,0.0,0.0,0.0,16.3,37.4
2020-09-18,3,12.6,21.6,5.6,3.7,0.0,0.0,0.0,0.0,11.2,26.3
2020-09-19,3,14.9,20.7,8.8,7.4,0.0,0.0,0.0,0.0,13.6,41.4
2020-09-20,53,14.4,19.9,9.2,7.5,2.7,2.7,0.0,7.0,13.6,38.5
2020-09-21,3,12.2,20.9,4.2,1.1,0.0,0.0,0.0,0.0,10.0,17.6
2020-09-22,3,10.2,16.1,5.2,3.0,0.0,0.0,0.0,0.0,15.8,33.5
2020-09-23,3,12.5,22.4,2.9,0.4,0.0,0.0,0.0,0.0,16.7,38.2
2020-09-24,3,14.8,19.7,9.0,4.6,0.0,0.0,0.0,0.0,27.6,62.3
2020-09-25,3,11.1,16.5,5.6,1.9,0.0,0.0,0.0,0.0,19.4,43.6
2020-09-26,3,10.4,16.1,5.9,1.0,0.0,0.0,0.0,0.0,21.9,45.4
2020-09-27,3,9.5,17.0,2.9,-1.5,0.0,0.0,0.0,0.0,15.5,30.2
2020-09-28,3,15.6,25.1,6.6,2.6,0.0,0.0,0.0,0.0,22.7,40.0
2020-09-29,3,14.0,17.5,9.2,6.8,0.0,0.0,0.0,0.0,17.3,38.9
2020-09-30,3,10.4,15.4,4.1,0.2,0.0,0.0,0.0,0.0,9.7,20.2
2020-10-01,3,11.5,24.1,2.4,-1.1,0.0,0.0,0.0,0.0,11.0,20.9
2020-10-02,2,12.6,21.2,6.6,3.7,0.0,0.0,0.0,0.0,11.6,25.6
2020-10-03,1,12.4,23.8,3.1,0.3,0.0,0.0,0.0,0.0,12.0,27.4
2020-10-04,51,15.0,22.9,9.8,6.9,0.3,0.3,0.0,2.0,14.4,28.1
2020-10-05,51,14.0,23.9,5.6,3.4,0.4,0.4,0.0,2.0,19.1,43.9
2020-10-06,3,12.5,16.1,6.6,4.3,0.0,0.0,0.0,0.0,19.2,41.4
2020-10-07,3,9.5,15.4,5.8,2.7,0.0,0.0,0.0,0.0,13.1,28.8
2020-10-08,53,9.5,20.2,3.8,0.8,1.8,1.8,0.0,6.0,19.2,40.7
2020-10-09,3,8.0,13.4,3.5,-0.3,0.0,0.0,0.0,0.0,14.4,35.3
2020-10-10,3,13.6,20.1,8.1,3.1,0.0,0.0,0.0,0.0,21.7,48.6
2020-10-11,51,7.5,12.2,2.7,-1.0,0.2,0.2,0.0,2.0,23.3,54.4
2020-10-12,71,2.7,5.0,0.0,-4.4,1.8,1.7,0.07,6.0,11.5,30.2
2020-10-13,71,0.6,3.7,-2.8,-6.6,1.0,0.5,0.49,4.0,17.7,38.2
2020-10-14,73,1.6,5.5,-0.7,-4.7,3.4,0.2,2.31,8.0,11.5,32.4
2020-10-15,51,1.5,7.1,-2.3,-6.0,0.1,0.1,0.0,1.0,17.9,39.6
2020-10-16,73,0.1,2.7,-3.8,-8.0,9.1,0.0,6.51,18.0,15.8,36.7
2020-10-17,71,-6.2,-3.3,-10.3,-15.0,0.5,0.0,0.49,4.0,17.6,34.2
2020-10-18,71,-6.1,-5.0,-7.1,-11.7,0.2,0.0,0.56,2.0,12.3,27.4
2020-10-19,73,-4.9,-1.0,-7.9,-12.8,2.5,0.0,1.89,10.0,14.5,29.2
2020-10-20,73,-1.6,2.9,-4.1,-8.0,0.6,0.0,0.42,2.0,14.3,27.4
2020-10-21,71,-3.8,-1.2,-9.5,-14.0,1.7,0.0,1.47,9.0,19.3,38.5
2020-10-22,71,-8.2,-6.9,-9.6,-14.1,0.0,0.0,0.14,0.0,9.0,19.1
2020-10-23,73,-9.5,-8.6,-11.1,-16.4,3.3,0.0,2.45,13.0,13.3,27.0
2020-10-24,71,-13.3,-10.0,-18.5,-23.2,0.6,0.0,0.7,4.0,12.3,24.8
2020-10-25,3,-13.9,-6.2,-22.0,-27.4,0.0,0.0,0.0,0.0,16.3,27.7
2020-10-26,3,-0.5,2.9,-7.6,-13.2,0.0,0.0,0.0,0.0,17.9,27.4
2020-10-27,51,7.2,10.9,2.9,-2.3,0.2,0.2,0.0,1.0,26.4,51.1
2020-10-28,73,2.7,4.4,1.5,-1.5,5.9,2.6,2.31,12.0,11.9,29.2
2020-10-29,3,2.4,5.7,0.2,-3.2,0.0,0.0,0.0,0.0,17.0,31.7
2020-10-30,3,6.4,12.0,1.7,-2.5,0.0,0.0,0.0,0.0,30.0,63.0
2020-10-31,3,2.0,8.9,-3.1,-7.1,0.0,0.0,0.0,0.0,15.5,35.3
2020-11-01,3,7.7,19.4,-0.1,-4.2,0.0,0.0,0.0,0.0,17.3,33.5
2020-11-02,3,13.1,21.1,6.0,1.4,0.0,0.0,0.0,0.0,18.1,45.7
2020-11-03,3,9.8,14.9,4.8,1.5,0.0,0.0,0.0,0.0,15.2,39.2
2020-11-04,3,8.6,14.9,3.5,0.4,0.0,0.0,0.0,0.0,18.2,44.3
2020-11-05,51,8.6,11.3,1.9,-2.0,1.1,1.1,0.0,5.0,26.7,55.1
2020-11-06,71,0.2,3.6,-3.4,-7.1,0.0,0.0,0.07,0.0,11.7,22.7
2020-11-07,71,-1.8,0.3,-7.5,-15.1,1.7,0.0,1.82,9.0,30.5,62.6
2020-11-08,73,-7.9,-6.4,-9.6,-16.9,1.9,0.0,1.61,15.0,31.2,67.7
2020-11-09,3,-6.4,0.5,-14.7,-19.3,0.0,0.0,0.0,0.0,13.6,21.6
2020-11-10,73,-0.7,0.6,-5.2,-11.0,7.0,0.0,4.97,20.0,21.7,42.1
2020-11-11,71,-9.5,-5.4,-15.3,-20.6,0.3,0.0,0.42,2.0,16.8,37.4
2020-11-12,3,-6.8,0.7,-14.7,-20.0,0.0,0.0,0.0,0.0,15.1,27.7
2020-11-13,71,-1.7,1.0,-7.1,-12.3,0.0,0.0,0.21,0.0,13.4,31.7
2020-11-14,71,-2.6,0.8,-6.4,-11.1,1.2,0.0,1.19,9.0,12.8,22.3
2020-11-15,3,-2.6,4.5,-7.0,-12.2,0.0,0.0,0.0,0.0,22.9,49.0
2020-11-16,3,-3.2,2.2,-7.3,-11.8,0.0,0.0,0.0,0.0,10.3,18.0
2020-11-17,71,0.1,5.1,-4.5,-8.7,0.7,0.0,0.56,4.0,17.0,32.4
2020-11-18,73,0.3,7.3,-7.9,-12.2,0.9,0.0,0.7,3.0,14.1,39.6
2020-11-19,73,-10.4,-7.7,-12.7,-17.5,1.9,0.0,1.54,7.0,12.5,27.7
2020-11-20,2,-5.4,2.6,-12.6,-17.3,0.0,0.0,0.0,0.0,11.0,29.2
2020-11-21,51,-3.1,3.2,-6.5,-11.3,0.1,0.1,0.0,1.0,11.3,25.2
2020-11-22,3,-4.2,0.9,-7.9,-12.7,0.0,0.0,0.0,0.0,14.4,24.5
2020-11-23,3,-3.4,1.5,-7.6,-12.0,0.0,0.0,0.0,0.0,14.4,27.4
2020-11-24,3,-1.9,5.1,-9.2,-14.1,0.0,0.0,0.0,0.0,15.8,32.4
2020-11-25,3,-1.7,1.3,-4.5,-9.4,0.0,0.0,0.0,0.0,19.1,39.2
2020-11-26,3,-0.5,3.6,-4.8,-8.7,0.0,0.0,0.0,0.0,19.3,36.7
2020-11-27,3,3.6,7.8,-0.3,-4.8,0.0,0.0,0.0,0.0,22.3,45.0
2020-11-28,3,-0.9,3.7,-6.6,-11.2,0.0,0.0,0.0,0.0,29.6,57.6
2020-11-29,3,-0.3,5.3,-6.3,-11.1,0.0,0.0,0.0,0.0,21.3,34.2
2020-11-30,71,3.4,5.4,0.6,-4.6,0.0,0.0,0.07,0.0,22.8,43.6
2020-12-01,0,-1.4,3.5,-5.4,-10.3,0.0,0.0,0.0,0.0,19.4,37.8
2020-12-02,1,0.6,8.5,-2.2,-7.0,0.0,0.0,0.0,0.0,13.0,23.0
2020-12-03,3,3.8,13.3,-2.1,-6.9,0.0,0.0,0.0,0.0,16.9,29.9
2020-12-04,3,4.2,11.0,0.6,-4.0,0.0,0.0,0.0,0.0,14.1,26.3
2020-12-05,3,4.0,11.0,0.2,-4.9,0.0,0.0,0.0,0.0,17.1,30.2
2020-12-06,2,4.0,11.6,0.2,-4.9,0.0,0.0,0.0,0.0,15.8,29.2
2020-12-07,51,5.1,9.9,-0.3,-4.3,0.4,0.4,0.0,2.0,21.0,43.2
2020-12-08,3,4.4,9.8,1.3,-2.4,0.0,0.0,0.0,0.0,15.7,33.1
2020-12-09,73,-0.5,3.3,-4.9,-8.8,7.5,0.5,4.97,12.0,11.0,20.9
2020-12-10,3,-5.3,-0.0,-8.9,-13.4,0.0,0.0,0.0,0.0,10.9,21.2
2020-12-11,3,-6.7,-5.3,-9.5,-13.6,0.0,0.0,0.0,0.0,13.2,27.4
2020-12-12,71,-7.5,-4.3,-11.9,-16.9,0.0,0.0,0.14,0.0,17.1,35.6
2020-12-13,3,-13.9,-11.9,-15.4,-20.2,0.0,0.0,0.0,0.0,13.9,32.0
2020-12-14,3,-7.2,-1.0,-12.6,-17.5,0.0,0.0,0.0,0.0,12.1,19.8
2020-12-15,3,-4.0,0.3,-6.9,-11.9,0.0,0.0,0.0,0.0,12.2,21.6
2020-12-16,3,-0.0,4.9,-4.7,-9.3,0.0,0.0,0.0,0.0,19.1,41.0
2020-12-17,71,-1.5,3.5,-7.6,-12.2,0.1,0.0,0.21,1.0,18.9,40.7
2020-12-18,3,-3.6,3.5,-9.7,-14.2,0.0,0.0,0.0,0.0,16.3,33.5
2020-12-19,3,2.7,5.6,0.9,-5.7,0.0,0.0,0.0,0.0,27.0,53.3
2020-12-20,3,3.1,6.0,0.2,-5.7,0.0,0.0,0.0,0.0,33.0,70.9
2020-12-21,75,-1.3,0.9,-2.8,-7.4,6.2,0.0,4.41,7.0,18.9,36.4
2020-12-22,75,-6.8,-3.1,-15.9,-20.7,15.0,0.0,10.57,15.0,22.9,46.8
2020-12-23,3,-9.8,0.8,-18.4,-24.0,0.0,0.0,0.0,0.0,21.1,34.9
2020-12-24,3,2.6,5.4,0.2,-6.6,0.0,0.0,0.0,0.0,28.4,54.7
2020-12-25,3,-3.7,-0.4,-6.6,-10.6,0.0,0.0,0.0,0.0,15.2,28.8
2020-12-26,71,-6.2,-4.5,-9.6,-13.6,1.8,0.0,1.96,9.0,9.9,21.6
2020-12-27,73,-11.0,-7.8,-15.3,-20.2,1.0,0.0,0.77,5.0,9.8,15.5
2020-12-28,3,-9.6,-3.9,-15.2,-20.3,0.0,0.0,0.0,0.0,13.4,24.8
2020-12-29,3,-12.2,-7.5,-17.5,-22.7,0.0,0.0,0.0,0.0,12.6,21.6
2020-12-30,3,-4.8,-1.7,-7.2,-12.3,0.0,0.0,0.0,0.0,13.8,24.8
2020-12-31,3,-6.1,-1.5,-9.2,-14.2,0.0,0.0,0.0,0.0,11.2,18.4
2021-01-01,3,-2.6,1.1,-7.1,-12.1,0.0,0.0,0.0,0.0,15.8,26.3
2021-01-02,3,2.2,5.0,-0.7,-5.2,0.0,0.0,0.0,0.0,35.6,69.5
2021-01-03,3,1.3,4.7,-1.5,-7.4,0.0,0.0,0.0,0.0,35.1,72.4
2021-01-04,3,-1.8,1.0,-8.1,-13.1,0.0,0.0,0.0,0.0,23.8,46.1
2021-01-05,71,-0.5,2.0,-5.0,-9.3,0.7,0.3,0.28,3.0,15.6,29.9
2021-01-06,3,2.5,5.3,-1.1,-5.6,0.0,0.0,0.0,0.0,14.1,37.8
2021-01-07,3,-2.8,2.6,-7.4,-12.1,0.0,0.0,0.0,0.0,10.5,20.2
2021-01-08,3,-9.5,-1.2,-14.2,-19.6,0.0,0.0,0.0,0.0,12.1,20.2
2021-01-09,3,-7.5,1.4,-12.6,-17.8,0.0,0.0,0.0,0.0,12.1,22.3
2021-01-10,3,-2.4,4.5,-9.6,-14.5,0.0,0.0,0.0,0.0,15.9,30.6
2021-01-11,3,-0.2,5.2,-6.3,-11.2,0.0,0.0,0.0,0.0,19.4,29.9
2021-01-12,3,3.4,7.1,-0.0,-5.3,0.0,0.0,0.0,0.0,25.6,47.2
2021-01-13,73,2.9,5.4,-1.1,-8.0,0.7,0.0,0.56,2.0,32.4,65.9
2021-01-14,3,-2.4,1.9,-6.3,-10.8,0.0,0.0,0.0,0.0,22.7,44.6
2021-01-15,3,-0.1,6.7,-5.4,-10.1,0.0,0.0,0.0,0.0,20.9,38.9
2021-01-16,3,-0.8,4.6,-3.8,-9.5,0.0,0.0,0.0,0.0,19.1,36.4
2021-01-17,71,0.5,5.5,-2.1,-6.8,0.4,0.1,0.21,3.0,20.4,46.8
2021-01-18,71,-0.1,3.2,-4.7,-9.3,0.0,0.0,0.14,0.0,19.1,41.4
2021-01-19,3,-0.2,6.4,-6.2,-10.8,0.0,0.0,0.0,0.0,27.3,68.4
2021-01-20,0,-0.9,4.1,-5.4,-10.3,0.0,0.0,0.0,0.0,20.4,43.6
2021-01-21,3,-5.3,-0.8,-8.6,-13.0,0.0,0.0,0.0,0.0,10.0,22.3
2021-01-22,3,-7.2,-2.0,-11.0,-15.4,0.0,0.0,0.0,0.0,10.3,25.9
2021-01-23,3,-9.1,-3.4,-13.7,-18.6,0.0,0.0,0.0,0.0,12.6,30.2
2021-01-24,3,-12.9,-10.3,-14.4,-19.4,0.0,0.0,0.0,0.0,10.3,23.4
2021-01-25,3,-13.9,-12.3,-15.6,-21.0,0.0,0.0,0.0,0.0,12.3,29.5
2021-01-26,3,-14.1,-10.3,-16.4,-21.4,0.0,0.0,0.0,0.0,12.1,27.0
2021-01-27,71,-13.9,-12.6,-15.7,-20.1,0.1,0.0,0.14,1.0,8.9,17.3
2021-01-28,71,-15.3,-12.7,-17.6,-22.4,0.0,0.0,0.21,0.0,9.2,20.2
2021-01-29,3,-13.7,-8.0,-16.6,-21.1,0.0,0.0,0.0,0.0,10.6,15.1
2021-01-30,2,-11.5,-2.1,-18.8,-23.9,0.0,0.0,0.0,0.0,11.0,20.5
2021-01-31,3,-3.9,3.1,-10.1,-15.0,0.0,0.0,0.0,0.0,12.5,28.1
2021-02-01,3,1.2,7.5,-6.0,-9.8,0.0,0.0,0.0,0.0,13.8,29.5
2021-02-02,73,-5.4,3.1,-13.0,-17.9,0.7,0.0,0.49,3.0,17.6,38.5
2021-02-03,75,-16.6,-12.8,-22.8,-27.9,4.8,0.0,3.71,7.0,9.5,20.9
2021-02-04,71,-9.3,-0.9,-22.3,-27.3,0.0,0.0,0.42,0.0,12.6,24.1
2021-02-05,73,-16.4,-7.4,-22.9,-27.9,3.6,0.0,2.94,15.0,18.7,42.5
2021-02-06,71,-22.8,-21.0,-25.0,-29.9,2.2,0.0,1.82,14.0,10.4,19.8
2021-02-07,71,-26.9,-24.1,-30.1,-35.2,0.0,0.0,0.28,0.0,10.2,22.3
2021-02-08,3,-27.3,-23.4,-34.8,-40.0,0.0,0.0,0.0,0.0,10.6,20.9
2021-02-09,3,-30.3,-23.8,-34.7,-39.8,0.0,0.0,0.0,0.0,11.0,16.6
2021-02-10,3,-29.8,-26.0,-33.0,-38.1,0.0,0.0,0.0,0.0,9.9,22.0
2021-02-11,3,-30.8,-25.1,-34.5,-40.0,0.0,0.0,0.0,0.0,14.2,29.5
2021-02-12,3,-22.4,-17.4,-30.5,-36.0,0.0,0.0,0.0,0.0,10.2,21.6
2021-02-13,3,-23.1,-20.3,-28.5,-34.3,0.0,0.0,0.0,0.0,11.8,22.3
2021-02-14,3,-25.7,-22.0,-29.1,-35.6,0.0,0.0,0.0,0.0,17.6,35.6
2021-02-15,3,-23.8,-18.2,-28.5,-33.5,0.0,0.0,0.0,0.0,10.1,20.9
2021-02-16,71,-15.2,-6.7,-25.1,-30.1,0.3,0.0,0.28,2.0,9.0,18.0
2021-02-17,71,-10.5,-6.7,-13.7,-18.7,1.0,0.0,0.84,6.0,11.7,23.4
2021-02-18,3,-12.6,-5.1,-20.9,-26.5,0.0,0.0,0.0,0.0,12.4,21.6
2021-02-19,3,-4.4,1.7,-9.1,-14.4,0.0,0.0,0.0,0.0,16.0,28.1
2021-02-20,3,-3.7,1.1,-6.5,-12.5,0.0,0.0,0.0,0.0,20.7,41.0
2021-02-21,3,1.7,4.6,-3.0,-9.1,0.0,0.0,0.0,0.0,26.3,50.8
2021-02-22,71,2.9,5.3,-2.3,-7.4,0.2,0.1,0.07,2.0,31.7,63.0
2021-02-23,73,-3.4,-0.7,-7.4,-12.1,1.6,0.1,1.33,6.0,19.2,37.1
2021-02-24,3,-7.6,-0.5,-14.8,-20.0,0.0,0.0,0.0,0.0,15.2,25.2
2021-02-25,3,-0.7,3.4,-5.9,-11.5,0.0,0.0,0.0,0.0,23.5,48.2
2021-02-26,73,-7.2,-2.5,-14.9,-19.5,2.2,0.0,1.75,13.0,17.0,32.8
2021-02-27,73,-12.1,-5.9,-16.7,-21.3,1.7,0.0,1.26,8.0,11.5,21.6
2021-02-28,3,-3.3,5.4,-10.7,-15.3,0.0,0.0,0.0,0.0,16.8,24.1
2021-03-01,3,3.8,9.9,-1.0,-5.9,0.0,0.0,0.0,0.0,20.6,42.8
2021-03-02,3,1.3,7.1,-3.5,-7.4,0.0,0.0,0.0,0.0,15.4,28.1
2021-03-03,3,2.9,10.3,-2.4,-6.8,0.0,0.0,0.0,0.0,9.6,23.0
2021-03-04,3,3.1,12.1,-3.2,-7.4,0.0,0.0,0.0,0.0,11.0,23.8
2021-03-05,3,5.2,11.8,-0.4,-4.8,0.0,0.0,0.0,0.0,19.6,40.0
2021-03-06,3,2.6,6.6,-2.5,-6.6,0.0,0.0,0.0,0.0,21.1,46.1
2021-03-07,3,1.0,7.7,-4.2,-8.9,0.0,0.0,0.0,0.0,18.7,40.7
2021-03-08,3,0.8,5.8,-3.1,-7.2,0.0,0.0,0.0,0.0,13.7,29.5
2021-03-09,3,-0.4,6.5,-5.4,-9.3,0.0,0.0,0.0,0.0,11.9,29.9
2021-03-10,71,-4.7,-2.0,-8.5,-12.9,0.0,0.0,0.14,0.0,21.3,50.0
2021-03-11,3,-3.3,6.7,-11.5,-15.9,0.0,0.0,0.0,0.0,10.4,21.6
2021-03-12,3,5.2,13.4,-1.1,-5.9,0.0,0.0,0.0,0.0,12.2,24.5
2021-03-13,3,6.0,15.6,-1.4,-5.3,0.0,0.0,0.0,0.0,19.5,42.8
2021-03-14,3,7.1,17.9,-0.6,-4.8,0.0,0.0,0.0,0.0,15.4,36.4
2021-03-15,71,1.5,4.4,-4.3,-8.3,0.0,0.0,0.14,0.0,22.8,51.8
2021-03-16,1,0.2,9.1,-6.6,-10.7,0.0,0.0,0.0,0.0,10.5,24.1
2021-03-17,3,2.7,13.0,-5.4,-9.4,0.0,0.0,0.0,0.0,13.3,37.4
2021-03-18,3,6.2,16.2,-2.4,-6.8,0.0,0.0,0.0,0.0,12.6,33.5
2021-03-19,2,7.3,14.1,1.4,-3.5,0.0,0.0,0.0,0.0,19.6,43.6
2021-03-20,3,3.8,11.1,-1.5,-6.0,0.0,0.0,0.0,0.0,21.2,47.5
2021-03-21,3,1.0,8.0,-3.6,-7.8,0.0,0.0,0.0,0.0,16.3,36.0
2021-03-22,73,1.2,5.8,-2.4,-6.5,1.8,1.0,0.91,5.0,17.5,37.4
2021-03-23,3,0.4,7.1,-4.9,-8.1,0.0,0.0,0.0,0.0,11.8,30.6
2021-03-24,73,3.0,9.0,-1.1,-5.6,3.3,1.1,1.54,8.0,16.0,36.4
2021-03-25,73,-3.2,0.1,-6.0,-10.1,2.5,0.0,2.03,7.0,17.6,35.3
2021-03-26,71,-2.7,3.6,-8.1,-12.6,0.0,0.0,0.14,0.0,10.2,18.4
2021-03-27,3,3.7,11.8,-3.4,-7.3,0.0,0.0,0.0,0.0,14.1,34.6
2021-03-28,73,7.1,13.9,-3.2,-9.7,1.2,0.3,0.63,2.0,31.5,68.0
2021-03-29,73,-5.5,-1.5,-9.0,-17.4,2.3,0.0,1.68,6.0,36.3,74.5
2021-03-30,3,-3.4,4.5,-12.1,-16.8,0.0,0.0,0.0,0.0,18.6,42.1
2021-03-31,3,4.9,12.9,-2.0,-7.2,0.0,0.0,0.0,0.0,17.7,37.8
2021-04-01,3,8.6,16.5,2.4,-2.4,0.0,0.0,0.0,0.0,36.5,67.7
2021-04-02,3,5.2,13.6,-0.9,-5.4,0.0,0.0,0.0,0.0,14.0,35.3
2021-04-03,3,6.0,15.9,-1.4,-5.8,0.0,0.0,0.0,0.0,13.4,26.6
2021-04-04,51,3.6,9.5,-1.0,-5.4,0.7,0.7,0.0,5.0,17.7,40.7
2021-04-05,0,3.7,13.8,-5.7,-9.5,0.0,0.0,0.0,0.0,13.1,32.8
2021-04-06,1,7.1,16.7,-0.4,-5.5,0.0,0.0,0.0,0.0,13.6,29.5
2021-04-07,3,7.6,16.5,0.8,-3.7,0.0,0.0,0.0,0.0,24.0,51.1
2021-04-08,73,1.2,4.8,-3.0,-7.9,1.1,0.2,0.77,6.0,24.6,52.2
2021-04-09,3,2.9,11.5,-4.5,-8.5,0.0,0.0,0.0,0.0,19.9,40.3
2021-04-10,71,1.6,6.7,-2.8,-9.2,0.6,0.3,0.21,5.0,28.8,56.2
2021-04-11,3,-0.7,4.8,-5.1,-10.6,0.0,0.0,0.0,0.0,20.9,47.2
2021-04-12,71,-1.3,3.2,-5.6,-9.5,0.2,0.1,0.21,2.0,13.6,39.2
2021-04-13,3,0.2,7.9,-6.3,-9.9,0.0,0.0,0.0,0.0,9.6,27.0
2021-04-14,3,3.8,13.5,-5.1,-9.6,0.0,0.0,0.0,0.0,9.7,27.0
2021-04-15,0,5.7,14.9,-4.5,-8.5,0.0,0.0,0.0,0.0,13.6,34.2
2021-04-16,1,8.0,18.8,-2.2,-6.6,0.0,0.0,0.0,0.0,11.7,19.4
2021-04-17,3,10.4,20.9,-0.1,-4.9,0.0,0.0,0.0,0.0,15.5,32.8
2021-04-18,75,0.2,7.6,-6.4,-11.0,8.6,0.7,5.6,14.0,18.3,36.7
2021-04-19,3,-0.8,4.4,-6.2,-10.9,0.0,0.0,0.0,0.0,20.2,42.5
2021-04-20,3,3.3,11.4,-4.8,-8.9,0.0,0.0,0.0,0.0,13.1,25.9
2021-04-21,3,8.8,19.1,-2.8,-7.0,0.0,0.0,0.0,0.0,26.7,43.2
2021-04-22,71,0.1,8.2,-4.3,-8.8,0.7,0.2,0.84,4.0,24.1,47.5
2021-04-23,3,-1.3,3.1,-6.9,-10.9,0.0,0.0,0.0,0.0,10.1,28.8
2021-04-24,71,0.3,4.0,-4.4,-8.0,0.0,0.0,0.07,0.0,14.5,34.6
2021-04-25,73,1.2,4.9,-1.5,-4.6,4.9,0.3,3.29,15.0,12.3,31.0
2021-04-26,3,6.0,14.4,-3.0,-6.6,0.0,0.0,0.0,0.0,15.7,39.6
2021-04-27,3,7.8,15.8,0.0,-4.8,0.0,0.0,0.0,0.0,13.9,38.9
2021-04-28,3,8.7,17.8,-2.5,-6.2,0.0,0.0,0.0,0.0,22.1,44.6
2021-04-29,3,12.2,21.7,2.4,-0.4,0.0,0.0,0.0,0.0,17.7,38.5
2021-04-30,51,14.7,23.2,6.6,3.0,0.1,0.1,0.0,1.0,27.3,54.0
2021-05-01,61,7.5,13.0,2.2,-1.4,3.1,3.1,0.0,11.0,20.2,40.3
2021-05-02,51,5.3,9.5,1.1,-3.1,0.1,0.1,0.0,1.0,16.4,47.9
2021-05-03,51,6.1,12.3,-2.1,-5.5,0.5,0.5,0.0,2.0,13.1,29.9
2021-05-04,71,6.6,12.1,1.0,-2.1,7.4,7.2,0.14,8.0,15.5,31.3
2021-05-05,51,7.9,15.2,0.8,-3.0,0.1,0.1,0.0,1.0,12.7,32.0
2021-05-06,3,11.5,19.1,1.9,-2.3,0.0,0.0,0.0,0.0,24.2,52.9
2021-05-07,3,11.5,16.9,7.2,2.3,0.0,0.0,0.0,0.0,18.8,34.6
2021-05-08,71,3.4,8.2,0.8,-3.3,7.4,6.9,0.35,23.0,30.6,63.7
2021-05-09,73,2.1,4.1,0.0,-3.3,5.1,1.4,2.59,17.0,15.5,28.8
2021-05-10,3,6.3,14.2,-2.0,-5.5,0.0,0.0,0.0,0.0,9.6,26.3
2021-05-11,61,6.7,12.4,1.5,-1.3,2.9,2.9,0.0,7.0,13.8,26.3
2021-05-12,3,9.9,18.7,-0.5,-4.3,0.0,0.0,0.0,0.0,8.9,25.6
2021-05-13,51,11.9,15.6,7.7,3.9,0.5,0.5,0.0,3.0,15.3,41.8
2021-05-14,51,11.9,19.5,2.5,-0.8,0.1,0.1,0.0,1.0,8.6,19.8
2021-05-15,3,14.8,23.6,4.2,1.1,0.0,0.0,0.0,0.0,12.8,27.7
2021-05-16,3,17.2,26.3,7.6,3.8,0.0,0.0,0.0,0.0,13.0,30.2
2021-05-17,3,18.2,27.7,9.9,6.6,0.0,0.0,0.0,0.0,18.2,44.6
2021-05-18,53,11.0,15.5,4.5,-1.2,1.7,1.7,0.0,4.0,33.5,73.8
2021-05-19,51,4.8,8.9,0.4,-3.4,0.4,0.4,0.0,4.0,17.5,39.6
2021-05-20,73,1.1,3.0,-0.5,-4.6,3.7,0.3,2.52,16.0,14.9,37.4
2021-05-21,71,4.3,10.1,-0.9,-3.8,0.4,0.0,0.35,2.0,9.6,28.1
2021-05-22,3,7.3,13.2,-0.2,-3.4,0.0,0.0,0.0,0.0,16.6,37.4
2021-05-23,61,5.2,11.0,0.9,-2.1,9.0,9.0,0.0,8.0,15.4,39.6
2021-05-24,61,6.5,9.8,2.1,-0.6,13.4,13.4,0.0,19.0,27.2,61.6
2021-05-25,61,8.9,12.1,6.2,3.4,5.5,5.5,0.0,13.0,17.3,39.2
2021-05-26,61,11.4,19.3,5.4,2.1,1.7,1.7,0.0,2.0,18.9,40.3
2021-05-27,51,14.5,21.6,6.3,3.4,0.2,0.2,0.0,1.0,24.6,53.6
2021-05-28,53,11.4,16.5,6.0,2.4,1.0,1.0,0.0,2.0,22.3,52.2
2021-05-29,3,12.5,19.2,4.6,0.3,0.0,0.0,0.0,0.0,13.9,27.4
2021-05-30,3,14.8,23.7,4.7,0.7,0.0,0.0,0.0,0.0,11.5,25.9
2021-05-31,3,18.0,25.8,9.3,5.9,0.0,0.0,0.0,0.0,11.8,26.6
2021-06-01,3,20.0,28.1,10.7,8.2,0.0,0.0,0.0,0.0,10.8,23.8
2021-06-02,0,22.4,31.4,12.2,9.6,0.0,0.0,0.0,0.0,12.3,26.6
2021-06-03,51,23.3,32.0,13.1,11.1,0.4,0.4,0.0,2.0,17.2,43.6
2021-06-04,51,20.5,28.6,12.7,10.6,0.8,0.8,0.0,5.0,20.6,41.0
2021-06-05,63,13.4,17.4,7.4,5.3,7.9,7.9,0.0,7.0,22.0,50.0
2021-06-06,61,10.5,14.6,7.1,4.3,2.0,2.0,0.0,5.0,13.5,31.0
2021-06-07,51,9.2,14.1,4.3,1.7,1.8,1.8,0.0,6.0,15.2,44.6
2021-06-08,3,8.8,13.6,2.8,0.4,0.0,0.0,0.0,0.0,15.5,33.5
2021-06-09,61,10.1,14.1,5.0,2.3,3.3,3.3,0.0,4.0,15.9,34.9
2021-06-10,55,9.9,12.0,6.3,4.3,8.7,8.7,0.0,17.0,13.8,32.4
2021-06-11,3,12.1,18.4,5.0,1.2,0.0,0.0,0.0,0.0,16.0,32.4
2021-06-12,3,13.6,21.5,4.9,1.9,0.0,0.0,0.0,0.0,17.0,35.6
2021-06-13,51,17.9,29.5,5.7,3.0,0.1,0.1,0.0,1.0,16.0,43.9
2021-06-14,3,22.1,31.7,12.7,11.6,0.0,0.0,0.0,0.0,13.8,33.1
2021-06-15,51,19.7,26.4,13.5,10.2,0.6,0.6,0.0,3.0,20.7,51.5
2021-06-16,55,16.2,21.8,8.3,6.5,2.0,2.0,0.0,3.0,25.2,52.2
2021-06-17,51,16.0,23.2,7.2,3.4,0.2,0.2,0.0,1.0,18.8,45.4
2021-06-18,3,16.0,24.2,5.3,2.9,0.0,0.0,0.0,0.0,14.8,33.8
2021-06-19,53,13.4,15.7,11.0,8.3,3.1,3.1,0.0,12.0,16.2,36.7
2021-06-20,51,15.4,21.9,8.7,6.0,0.9,0.9,0.0,4.0,15.2,37.4
2021-06-21,3,18.3,28.3,6.3,4.2,0.0,0.0,0.0,0.0,9.5,19.8
2021-06-22,2,22.4,31.1,11.4,9.0,0.0,0.0,0.0,0.0,16.2,39.6
2021-06-23,51,18.4,22.9,13.3,10.9,0.5,0.5,0.0,2.0,20.6,38.9
2021-06-24,63,14.9,19.4,11.7,10.9,10.3,10.3,0.0,12.0,10.7,30.2
2021-06-25,3,19.0,27.3,10.0,8.6,0.0,0.0,0.0,0.0,16.9,41.4
2021-06-26,2,23.7,31.3,15.2,13.9,0.0,0.0,0.0,0.0,15.1,40.7
2021-06-27,1,23.9,30.9,15.4,15.5,0.0,0.0,0.0,0.0,11.2,24.1
2021-06-28,3,25.9,35.9,15.4,14.2,0.0,0.0,0.0,0.0,13.4,34.9
2021-06-29,3,27.7,37.3,15.9,16.1,0.0,0.0,0.0,0.0,17.7,32.4
2021-06-30,2,27.4,36.6,15.7,14.3,0.0,0.0,0.0,0.0,21.1,46.8
2021-07-01,2,27.4,36.7,16.5,14.0,0.0,0.0,0.0,0.0,21.3,48.6
2021-07-02,61,23.5,31.4,15.2,16.1,6.2,6.2,0.0,6.0,14.0,41.0
2021-07-03,61,20.4,27.7,13.6,13.1,2.5,2.5,0.0,4.0,11.7,30.6
2021-07-04,63,15.4,18.9,13.0,13.0,35.2,35.2,0.0,24.0,13.1,41.0
2021-07-05,55,14.4,17.3,12.4,11.8,6.0,6.0,0.0,15.0,11.6,26.6
2021-07-06,55,17.8,23.3,13.0,12.3,4.3,4.3,0.0,8.0,13.4,27.7
2021-07-07,63,18.8,25.4,11.7,11.2,9.1,9.1,0.0,4.0,11.0,26.3
2021-07-08,63,18.5,25.3,12.0,11.2,7.6,7.6,0.0,10.0,12.2,28.1
2021-07-09,2,20.0,27.5,11.0,10.4,0.0,0.0,0.0,0.0,8.3,19.4
2021-07-10,1,22.0,31.1,12.6,11.5,0.0,0.0,0.0,0.0,17.6,29.2
2021-07-11,61,17.8,23.5,13.9,12.9,5.8,5.8,0.0,7.0,15.9,30.2
2021-07-12,2,18.5,26.0,9.7,9.1,0.0,0.0,0.0,0.0,8.2,30.6
2021-07-13,2,19.8,27.0,11.7,11.6,0.0,0.0,0.0,0.0,12.9,31.3
2021-07-14,51,21.3,31.3,11.9,10.6,0.2,0.2,0.0,1.0,11.3,23.4
2021-07-15,53,21.1,29.3,12.8,11.5,0.6,0.6,0.0,1.0,14.4,32.4
2021-07-16,3,20.2,26.5,14.5,13.1,0.0,0.0,0.0,0.0,22.1,43.9
2021-07-17,3,17.4,24.7,10.6,8.6,0.0,0.0,0.0,0.0,15.2,34.9
2021-07-18,3,15.7,20.8,12.5,12.2,0.0,0.0,0.0,0.0,13.3,33.1
2021-07-19,51,17.2,23.7,11.3,10.7,0.2,0.2,0.0,2.0,16.0,34.6
2021-07-20,51,18.0,23.1,14.6,15.3,1.8,1.8,0.0,9.0,13.3,31.3
2021-07-21,51,19.7,27.4,14.3,14.3,0.6,0.6,0.0,3.0,21.9,49.7
2021-07-22,3,16.8,24.8,9.0,6.8,0.0,0.0,0.0,0.0,21.2,49.0
2021-07-23,3,17.7,26.5,8.2,4.9,0.0,0.0,0.0,0.0,18.9,39.2
2021-07-24,3,18.9,29.0,7.5,4.9,0.0,0.0,0.0,0.0,11.9,24.5
2021-07-25,1,19.1,27.6,9.5,8.1,0.0,0.0,0.0,0.0,13.8,31.0
2021-07-26,3,18.6,27.0,11.2,9.9,0.0,0.0,0.0,0.0,16.4,38.2
2021-07-27,3,18.1,24.7,10.8,9.7,0.0,0.0,0.0,0.0,19.4,41.8
2021-07-28,3,20.8,28.5,13.7,13.4,0.0,0.0,0.0,0.0,11.5,31.3
2021-07-29,3,21.8,29.5,14.5,14.5,0.0,0.0,0.0,0.0,13.7,32.0
2021-07-30,51,21.1,29.6,12.4,12.4,0.3,0.3,0.0,1.0,13.7,34.6
2021-07-31,1,23.0,31.7,13.9,12.7,0.0,0.0,0.0,0.0,15.0,35.6
2021-08-01,3,24.2,33.0,14.8,14.0,0.0,0.0,0.0,0.0,19.0,43.6
2021-08-02,61,20.7,24.1,17.3,17.4,8.6,8.6,0.0,10.0,13.0,24.8
2021-08-03,53,22.6,31.2,15.0,14.2,0.8,0.8,0.0,1.0,13.3,31.3
2021-08-04,53,19.7,28.2,11.7,11.4,0.5,0.5,0.0,1.0,12.0,34.2
2021-08-05,3,20.9,30.5,10.6,9.4,0.0,0.0,0.0,0.0,13.9,27.4
2021-08-06,53,20.5,29.1,12.4,10.9,0.8,0.8,0.0,2.0,19.5,36.4
2021-08-07,55,19.2,26.7,12.4,11.6,2.1,2.1,0.0,4.0,20.3,43.9
2021-08-08,51,13.8,17.6,10.5,8.7,1.6,1.6,0.0,9.0,13.2,31.7
2021-08-09,3,17.3,27.4,8.1,6.5,0.0,0.0,0.0,0.0,20.5,41.4
2021-08-10,3,18.0,21.7,15.1,13.0,0.0,0.0,0.0,0.0,19.1,37.1
2021-08-11,3,19.3,22.8,16.6,14.5,0.0,0.0,0.0,0.0,17.3,44.6
2021-08-12,3,19.7,26.9,13.7,12.0,0.0,0.0,0.0,0.0,9.2,27.0
2021-08-13,0,21.6,33.7,9.3,7.1,0.0,0.0,0.0,0.0,13.7,34.6
2021-08-14,3,24.9,35.0,14.5,11.2,0.0,0.0,0.0,0.0,18.0,38.5
2021-08-15,3,23.4,32.2,15.2,14.1,0.0,0.0,0.0,0.0,17.4,40.7
2021-08-16,61,17.0,21.2,10.8,9.0,9.9,9.9,0.0,10.0,16.5,41.0
2021-08-17,63,10.0,11.6,8.5,6.8,36.1,36.1,0.0,22.0,14.8,42.5
2021-08-18,3,12.1,19.5,5.0,2.8,0.0,0.0,0.0,0.0,15.6,35.6
2021-08-19,53,11.2,14.4,6.8,5.2,3.9,3.9,0.0,9.0,17.7,36.7
2021-08-20,51,13.0,17.6,9.4,6.9,1.5,1.5,0.0,7.0,14.2,26.3
2021-08-21,51,12.1,17.1,8.2,6.7,1.3,1.3,0.0,6.0,17.7,38.9
2021-08-22,63,12.4,20.3,8.0,6.5,13.4,13.4,0.0,9.0,12.3,29.2
2021-08-23,53,8.9,12.5,5.6,0.9,6.7,6.7,0.0,20.0,24.7,51.1
2021-08-24,51,10.6,16.9,5.7,1.0,0.3,0.3,0.0,1.0,23.5,49.7
2021-08-25,2,12.0,20.4,3.4,1.0,0.0,0.0,0.0,0.0,15.4,35.3
2021-08-26,51,14.1,22.6,4.5,2.0,0.1,0.1,0.0,1.0,8.6,17.3
2021-08-27,53,14.2,18.5,9.9,8.2,2.1,2.1,0.0,6.0,16.1,33.5
2021-08-28,3,14.3,22.4,7.0,4.7,0.0,0.0,0.0,0.0,10.8,22.7
2021-08-29,3,16.1,25.0,7.6,4.8,0.0,0.0,0.0,0.0,10.6,22.3
2021-08-30,3,15.7,23.7,8.4,6.2,0.0,0.0,0.0,0.0,14.3,29.2
2021-08-31,61,12.0,19.2,6.3,3.7,4.0,4.0,0.0,4.0,16.2,32.8
2021-09-01,51,9.4,14.4,3.5,1.2,0.4,0.4,0.0,3.0,22.2,46.1
2021-09-02,3,10.2,15.7,2.9,0.5,0.0,0.0,0.0,0.0,17.9,37.4
2021-09-03,1,12.7,21.7,4.0,1.3,0.0,0.0,0.0,0.0,9.7,19.1
2021-09-04,3,15.0,24.7,4.1,1.6,0.0,0.0,0.0,0.0,10.0,22.7
2021-09-05,3,18.0,26.2,10.0,7.6,0.0,0.0,0.0,0.0,13.1,22.3
2021-09-06,3,16.0,22.9,9.6,6.9,0.0,0.0,0.0,0.0,13.2,36.0
2021-09-07,3,15.1,24.3,6.6,3.9,0.0,0.0,0.0,0.0,11.8,25.6
2021-09-08,51,15.1,24.2,8.3,5.6,0.2,0.2,0.0,1.0,12.1,31.7
2021-09-09,3,17.2,27.2,8.3,6.8,0.0,0.0,0.0,0.0,13.0,31.7
2021-09-10,3,14.0,19.6,7.7,6.2,0.0,0.0,0.0,0.0,15.8,33.8
2021-09-11,61,11.7,14.5,9.5,7.7,10.4,10.4,0.0,13.0,10.5,22.0
2021-09-12,61,11.5,17.0,8.8,7.4,4.5,4.5,0.0,9.0,10.5,31.3
2021-09-13,51,11.5,18.1,6.1,3.8,0.2,0.2,0.0,1.0,10.1,16.6
2021-09-14,3,12.8,21.1,5.3,1.2,0.0,0.0,0.0,0.0,12.5,30.6
2021-09-15,71,7.9,11.6,4.2,-0.8,4.6,4.3,0.21,6.0,18.4,40.0
2021-09-16,3,7.2,14.3,1.2,-3.4,0.0,0.0,0.0,0.0,16.2,40.7
2021-09-17,3,7.9,16.8,-1.0,-4.5,0.0,0.0,0.0,0.0,16.3,34.2
2021-09-18,3,15.2,21.2,7.9,5.3,0.0,0.0,0.0,0.0,22.4,45.7
2021-09-19,3,10.2,16.6,4.0,0.9,0.0,0.0,0.0,0.0,14.1,27.4
2021-09-20,3,8.8,16.9,0.9,-2.1,0.0,0.0,0.0,0.0,11.6,26.3
2021-09-21,3,13.3,23.4,2.9,-0.5,0.0,0.0,0.0,0.0,15.9,28.8
2021-09-22,51,15.9,18.9,9.4,5.7,0.1,0.1,0.0,1.0,18.5,36.7
2021-09-23,3,9.7,16.1,4.1,1.0,0.0,0.0,0.0,0.0,13.4,25.2
2021-09-24,3,13.4,25.0,2.0,-1.1,0.0,0.0,0.0,0.0,12.3,27.0
2021-09-25,3,17.7,22.7,9.8,7.5,0.0,0.0,0.0,0.0,11.9,26.3
2021-09-26,3,16.0,26.0,9.4,7.4,0.0,0.0,0.0,0.0,10.0,27.0
2021-09-27,2,15.9,24.1,9.5,6.3,0.0,0.0,0.0,0.0,19.5,44.3
2021-09-28,3,11.4,17.1,6.8,2.6,0.0,0.0,0.0,0.0,15.9,33.5
2021-09-29,1,9.5,17.5,3.6,-0.4,0.0,0.0,0.0,0.0,16.0,34.6
2021-09-30,3,13.4,23.1,5.1,1.6,0.0,0.0,0.0,0.0,16.3,35.6
2021-10-01,3,10.8,16.6,3.2,-0.6,0.0,0.0,0.0,0.0,10.6,28.4
2021-10-02,3,9.3,17.7,0.8,-2.8,0.0,0.0,0.0,0.0,13.2,21.6
2021-10-03,3,12.2,20.6,5.1,0.9,0.0,0.0,0.0,0.0,19.7,43.2
2021-10-04,3,6.7,15.0,-1.6,-4.9,0.0,0.0,0.0,0.0,12.6,28.1
2021-10-05,3,11.7,21.7,1.7,-1.2,0.0,0.0,0.0,0.0,21.7,46.1
2021-10-06,3,9.9,15.4,2.4,-0.5,0.0,0.0,0.0,0.0,18.4,40.3
2021-10-07,2,4.6,13.0,-1.8,-5.5,0.0,0.0,0.0,0.0,13.5,33.1
2021-10-08,0,3.7,12.9,-3.9,-7.9,0.0,0.0,0.0,0.0,9.7,20.9
2021-10-09,3,6.7,17.3,-1.4,-5.9,0.0,0.0,0.0,0.0,12.0,29.5
2021-10-10,71,5.8,13.3,-1.0,-5.1,0.9,0.9,0.21,3.0,32.9,66.6
2021-10-11,2,-0.1,6.1,-4.6,-8.6,0.0,0.0,0.0,0.0,14.4,38.9
2021-10-12,3,0.6,9.5,-7.1,-11.0,0.0,0.0,0.0,0.0,17.9,40.7
2021-10-13,71,-0.1,5.7,-6.1,-10.0,0.2,0.2,0.14,2.0,14.0,30.6
2021-10-14,3,2.6,10.4,-3.2,-7.4,0.0,0.0,0.0,0.0,15.2,28.4
2021-10-15,3,5.0,15.0,-3.3,-7.5,0.0,0.0,0.0,0.0,16.2,35.3
2021-10-16,3,9.7,17.6,3.2,-0.8,0.0,0.0,0.0,0.0,18.6,41.0
2021-10-17,3,11.3,21.2,5.9,1.7,0.0,0.0,0.0,0.0,14.4,26.3
2021-10-18,3,3.8,6.3,1.0,-2.7,0.0,0.0,0.0,0.0,13.0,29.9
2021-10-19,3,4.2,9.4,0.5,-4.0,0.0,0.0,0.0,0.0,20.4,43.6
2021-10-20,3,2.9,9.4,-2.3,-6.7,0.0,0.0,0.0,0.0,16.2,37.1
2021-10-21,3,8.3,16.6,2.8,-1.0,0.0,0.0,0.0,0.0,17.0,34.6
2021-10-22,53,6.7,13.5,0.6,-2.9,0.9,0.9,0.0,2.0,15.5,33.1
2021-10-23,71,5.4,9.2,2.4,-0.8,22.9,22.7,0.14,18.0,16.1,28.4
2021-10-24,3,4.8,10.8,-0.1,-3.8,0.0,0.0,0.0,0.0,18.9,41.0
2021-10-25,51,6.4,12.8,0.8,-2.8,0.2,0.2,0.0,2.0,21.4,43.9
2021-10-26,2,5.4,13.8,0.2,-3.6,0.0,0.0,0.0,0.0,15.0,33.8
2021-10-27,3,5.6,12.0,0.8,-2.9,0.0,0.0,0.0,0.0,23.8,50.0
2021-10-28,51,3.4,7.7,-1.2,-5.4,0.5,0.5,0.0,3.0,13.3,25.6
2021-10-29,73,1.5,3.9,-0.9,-5.4,8.8,1.9,4.83,20.0,14.6,27.0
2021-10-30,71,-2.4,2.2,-6.5,-11.3,0.3,0.0,0.21,2.0,14.0,29.9
2021-10-31,0,-5.3,1.9,-9.3,-13.8,0.0,0.0,0.0,0.0,9.5,24.8
2021-11-01,2,-5.9,1.3,-10.2,-14.9,0.0,0.0,0.0,0.0,18.3,39.2
2021-11-02,3,0.9,12.9,-7.5,-11.6,0.0,0.0,0.0,0.0,13.0,24.8
2021-11-03,3,4.8,13.9,-0.2,-4.5,0.0,0.0,0.0,0.0,10.9,20.5
2021-11-04,3,6.6,15.5,1.5,-2.1,0.0,0.0,0.0,0.0,16.0,32.4
2021-11-05,3,6.7,13.5,2.3,-2.4,0.0,0.0,0.0,0.0,17.0,37.4
2021-11-06,3,0.9,7.1,-3.9,-8.1,0.0,0.0,0.0,0.0,15.5,28.8
2021-11-07,3,0.4,6.4,-3.7,-7.9,0.0,0.0,0.0,0.0,20.3,42.5
2021-11-08,3,0.2,6.1,-3.2,-7.7,0.0,0.0,0.0,0.0,21.0,42.1
2021-11-09,3,-1.0,4.5,-5.5,-10.0,0.0,0.0,0.0,0.0,20.8,31.0
2021-11-10,3,1.5,6.7,-3.0,-8.0,0.0,0.0,0.0,0.0,21.3,45.4
2021-11-11,3,-1.8,4.8,-4.8,-9.3,0.0,0.0,0.0,0.0,11.3,21.6
2021-11-12,3,1.9,9.0,-3.7,-8.6,0.0,0.0,0.0,0.0,14.5,30.6
2021-11-13,3,2.9,8.5,-0.4,-4.4,0.0,0.0,0.0,0.0,21.3,45.4
2021-11-14,71,2.5,7.9,-0.8,-4.6,0.4,0.1,0.7,3.0,10.3,22.0
2021-11-15,75,2.2,6.1,-0.5,-4.3,11.1,1.4,6.79,18.0,32.2,69.5
2021-11-16,73,-1.5,4.5,-6.8,-11.3,0.9,0.1,0.84,4.0,32.6,64.8
2021-11-17,3,-5.1,1.2,-9.0,-14.0,0.0,0.0,0.0,0.0,10.9,21.2
2021-11-18,3,-1.2,3.3,-4.7,-8.8,0.0,0.0,0.0,0.0,11.4,24.5
2021-11-19,3,-2.6,3.7,-5.7,-10.1,0.0,0.0,0.0,0.0,8.6,15.8
2021-11-20,3,-2.5,5.7,-9.9,-14.7,0.0,0.0,0.0,0.0,23.5,48.2
2021-11-21,3,-2.6,5.1,-9.8,-15.1,0.0,0.0,0.0,0.0,14.2,27.4
2021-11-22,3,4.2,11.4,-0.1,-4.1,0.0,0.0,0.0,0.0,17.9,32.8
2021-11-23,71,-1.3,1.5,-6.9,-11.1,0.1,0.0,0.28,1.0,20.5,41.8
2021-11-24,73,-4.8,0.6,-9.1,-13.7,1.0,0.0,0.77,5.0,9.7,22.3
2021-11-25,3,4.4,10.9,-2.2,-6.3,0.0,0.0,0.0,0.0,21.2,37.1
2021-11-26,3,3.9,10.5,-1.2,-5.0,0.0,0.0,0.0,0.0,18.0,34.6
2021-11-27,3,-0.6,1.9,-2.7,-6.5,0.0,0.0,0.0,0.0,14.0,31.0
2021-11-28,3,4.5,12.2,-0.1,-4.0,0.0,0.0,0.0,0.0,19.4,31.0
2021-11-29,3,3.3,9.9,-0.5,-4.3,0.0,0.0,0.0,0.0,17.2,31.3
2021-11-30,3,5.2,9.8,1.1,-3.2,0.0,0.0,0.0,0.0,16.0,30.6
2021-12-01,73,3.4,10.0,-0.6,-4.1,5.0,1.3,2.59,14.0,24.1,45.7
2021-12-02,73,-1.0,2.4,-2.4,-6.4,3.5,0.1,2.45,11.0,18.8,41.4
2021-12-03,73,-3.8,-0.6,-5.8,-10.2,0.8,0.0,0.56,3.0,10.8,19.1
2021-12-04,71,-5.4,-4.2,-7.0,-12.8,0.5,0.0,0.63,3.0,15.3,32.0
2021-12-05,71,-13.0,-7.2,-15.8,-20.7,0.4,0.0,0.49,3.0,17.8,35.6
2021-12-06,71,-11.3,-6.4,-15.0,-19.9,0.0,0.0,0.35,0.0,9.9,24.1
2021-12-07,3,-5.5,-0.4,-12.8,-17.5,0.0,0.0,0.0,0.0,11.9,20.5
2021-12-08,71,-0.9,5.1,-6.0,-11.6,0.1,0.0,0.14,1.0,24.2,45.4
2021-12-09,3,-6.0,-1.4,-8.7,-13.5,0.0,0.0,0.0,0.0,17.0,37.1
2021-12-10,3,-5.8,-1.3,-9.5,-15.0,0.0,0.0,0.0,0.0,21.1,43.2
2021-12-11,3,0.4,3.3,-4.0,-7.9,0.0,0.0,0.0,0.0,37.1,82.8
2021-12-12,71,-4.8,-0.4,-7.7,-12.7,0.0,0.0,0.28,0.0,13.0,33.5
2021-12-13,73,-8.2,-3.3,-12.2,-18.3,0.5,0.0,0.42,2.0,17.3,38.9
2021-12-14,73,-16.0,-12.5,-20.3,-25.2,2.1,0.0,1.54,7.0,17.7,38.5
2021-12-15,3,-19.6,-14.3,-22.8,-27.6,0.0,0.0,0.0,0.0,10.1,15.5
2021-12-16,73,-18.6,-15.7,-20.7,-27.4,1.6,0.0,1.26,8.0,21.4,43.6
2021-12-17,3,-22.2,-16.5,-28.8,-34.3,0.0,0.0,0.0,0.0,17.1,37.8
2021-12-18,3,-9.4,-4.6,-18.2,-23.3,0.0,0.0,0.0,0.0,17.5,27.7
2021-12-19,71,-12.1,-9.8,-17.2,-22.2,0.0,0.0,0.56,0.0,17.9,34.2
2021-12-20,2,-17.6,-13.6,-21.1,-25.9,0.0,0.0,0.0,0.0,10.1,18.7
2021-12-21,3,-8.6,-1.1,-19.4,-24.8,0.0,0.0,0.0,0.0,12.0,24.8
2021-12-22,3,-4.5,-0.8,-7.4,-12.0,0.0,0.0,0.0,0.0,14.8,23.4
2021-12-23,73,-9.2,-1.5,-17.1,-22.4,1.5,0.0,1.19,5.0,23.0,49.7
2021-12-24,71,-20.9,-16.7,-24.6,-29.5,0.0,0.0,0.28,0.0,9.8,19.8
2021-12-25,71,-26.6,-24.4,-28.9,-33.4,0.5,0.0,0.63,3.0,7.9,13.7
2021-12-26,71,-28.5,-26.7,-32.1,-37.5,0.2,0.0,0.28,2.0,10.4,22.3
2021-12-27,3,-32.6,-29.3,-34.9,-40.4,0.0,0.0,0.0,0.0,9.1,17.3
2021-12-28,71,-24.0,-16.5,-33.5,-38.9,0.0,0.0,0.07,0.0,15.5,32.8
2021-12-29,3,-25.4,-20.9,-30.8,-36.1,0.0,0.0,0.0,0.0,12.2,29.5
2021-12-30,71,-19.7,-16.3,-24.9,-29.7,0.2,0.0,0.42,2.0,15.1,30.6
2021-12-31,3,-27.3,-21.0,-32.0,-37.5,0.0,0.0,0.0,0.0,9.9,16.9
2022-01-01,3,-17.1,-5.1,-29.3,-35.1,0.0,0.0,0.0,0.0,21.7,32.0
2022-01-02,3,-4.2,-1.5,-12.5,-17.6,0.0,0.0,0.0,0.0,32.5,65.9
2022-01-03,71,-20.2,-12.3,-26.4,-32.8,2.5,0.0,1.75,22.0,16.9,32.4
2022-01-04,71,-27.4,-25.9,-30.4,-35.2,1.1,0.0,0.77,11.0,18.7,37.1
2022-01-05,3,-28.6,-24.9,-33.1,-38.8,0.0,0.0,0.0,0.0,10.9,15.5
2022-01-06,71,-28.6,-25.2,-33.8,-39.8,0.3,0.0,0.21,3.0,12.8,19.1
2022-01-07,3,-24.2,-22.1,-25.7,-31.1,0.0,0.0,0.0,0.0,13.7,25.9
2022-01-08,3,-22.2,-16.9,-25.9,-31.1,0.0,0.0,0.0,0.0,12.8,22.7
2022-01-09,3,-15.4,-4.2,-22.3,-27.1,0.0,0.0,0.0,0.0,14.2,29.5
2022-01-10,3,2.3,7.8,-3.4,-8.9,0.0,0.0,0.0,0.0,27.2,55.4
2022-01-11,3,3.7,9.2,0.0,-4.5,0.0,0.0,0.0,0.0,31.6,62.3
2022-01-12,51,2.5,6.8,-0.1,-4.4,0.4,0.4,0.0,4.0,11.5,29.2
2022-01-13,71,0.8,4.8,-4.1,-8.0,0.2,0.1,0.07,2.0,18.9,38.9
2022-01-14,3,-0.0,3.8,-2.6,-6.4,0.0,0.0,0.0,0.0,15.1,32.4
2022-01-15,3,3.9,6.8,-0.9,-5.8,0.0,0.0,0.0,0.0,20.0,40.0
2022-01-16,3,-0.7,4.3,-4.4,-8.7,0.0,0.0,0.0,0.0,13.7,25.2
2022-01-17,71,3.3,9.6,-7.7,-15.0,0.2,0.0,0.14,2.0,27.9,52.6
2022-01-18,73,-15.7,-9.4,-18.7,-23.4,2.4,0.0,1.68,9.0,26.9,54.4
2022-01-19,3,-14.9,-9.2,-19.2,-24.2,0.0,0.0,0.0,0.0,10.1,25.2
2022-01-20,3,0.0,7.3,-12.0,-16.6,0.0,0.0,0.0,0.0,22.9,45.4
2022-01-21,3,1.1,4.7,-3.6,-7.9,0.0,0.0,0.0,0.0,17.0,32.8
2022-01-22,3,6.3,10.7,1.7,-2.7,0.0,0.0,0.0,0.0,22.8,39.6
2022-01-23,3,6.2,10.4,-0.3,-4.6,0.0,0.0,0.0,0.0,24.8,52.9
2022-01-24,73,0.6,2.4,-1.1,-4.9,1.4,0.3,0.77,10.0,27.9,55.1
2022-01-25,3,0.5,5.7,-4.7,-9.1,0.0,0.0,0.0,0.0,24.2,47.2
2022-01-26,2,0.5,4.2,-3.3,-8.8,0.0,0.0,0.0,0.0,22.8,49.0
2022-01-27,3,-1.8,5.9,-7.4,-11.8,0.0,0.0,0.0,0.0,17.5,31.3
2022-01-28,3,3.2,8.1,-1.1,-6.9,0.0,0.0,0.0,0.0,20.2,36.4
2022-01-29,3,2.6,6.7,-1.1,-5.7,0.0,0.0,0.0,0.0,14.7,23.8
2022-01-30,3,3.0,6.8,0.7,-3.3,0.0,0.0,0.0,0.0,10.0,24.1
2022-01-31,73,-6.4,1.8,-15.4,-19.8,0.7,0.0,0.49,4.0,34.2,65.9
2022-02-01,71,-17.7,-15.5,-21.4,-27.2,1.5,0.0,1.05,14.0,14.1,30.2
2022-02-02,3,-20.4,-16.1,-24.6,-29.6,0.0,0.0,0.0,0.0,19.9,43.2
2022-02-03,3,-13.8,-11.5,-17.3,-23.0,0.0,0.0,0.0,0.0,14.9,30.2
2022-02-04,3,-6.2,4.2,-18.1,-23.7,0.0,0.0,0.0,0.0,21.1,42.8
2022-02-05,51,3.4,6.0,-1.5,-6.9,0.1,0.1,0.0,1.0,24.7,55.4
2022-02-06,3,4.9,12.4,-1.5,-6.8,0.0,0.0,0.0,0.0,22.7,48.2
2022-02-07,3,6.4,10.6,3.7,-2.5,0.0,0.0,0.0,0.0,29.4,66.2
2022-02-08,3,3.7,8.5,-0.1,-5.1,0.0,0.0,0.0,0.0,23.1,45.7
2022-02-09,3,7.1,13.5,1.3,-3.7,0.0,0.0,0.0,0.0,28.3,53.3
2022-02-10,51,8.0,11.6,-0.9,-5.5,0.4,0.4,0.0,3.0,33.8,62.3
2022-02-11,3,-0.9,1.6,-3.6,-9.4,0.0,0.0,0.0,0.0,23.6,55.8
2022-02-12,3,2.3,8.1,-2.9,-8.0,0.0,0.0,0.0,0.0,20.2,32.8
2022-02-13,3,3.3,6.6,-0.5,-4.9,0.0,0.0,0.0,0.0,20.8,38.2
2022-02-14,71,-1.1,0.3,-3.5,-6.6,0.8,0.0,0.56,7.0,14.9,29.5
2022-02-15,73,-2.6,-0.8,-5.5,-9.8,1.5,0.0,1.05,8.0,15.7,36.0
2022-02-16,73,-8.6,-3.5,-15.3,-20.3,2.1,0.0,1.47,9.0,11.4,23.8
2022-02-17,3,-1.1,6.1,-12.6,-17.6,0.0,0.0,0.0,0.0,22.9,49.7
2022-02-18,73,-5.1,-0.0,-9.6,-14.8,1.9,0.0,1.33,9.0,18.3,38.5
2022-02-19,73,3.4,7.6,-3.2,-7.4,4.1,1.4,1.89,10.0,25.6,49.7
2022-02-20,73,-15.2,-4.4,-19.2,-24.1,7.0,0.0,4.9,21.0,23.1,47.5
2022-02-21,71,-21.3,-19.0,-27.0,-32.2,1.3,0.0,0.91,13.0,12.3,26.3
2022-02-22,3,-26.5,-19.1,-32.9,-38.8,0.0,0.0,0.0,0.0,14.5,19.8
2022-02-23,3,-22.7,-13.0,-32.6,-38.6,0.0,0.0,0.0,0.0,13.6,20.2
2022-02-24,71,-8.8,-4.6,-13.1,-18.1,1.1,0.0,0.77,11.0,20.0,36.7
2022-02-25,0,-8.7,-1.6,-14.4,-20.0,0.0,0.0,0.0,0.0,16.9,29.9
2022-02-26,3,-2.4,4.4,-8.2,-13.8,0.0,0.0,0.0,0.0,16.3,28.8
2022-02-27,3,0.7,5.3,-5.8,-10.4,0.0,0.0,0.0,0.0,21.8,40.3
2022-02-28,3,-1.5,2.8,-6.2,-11.1,0.0,0.0,0.0,0.0,11.3,21.6
2022-03-01,73,-0.9,8.1,-5.9,-10.1,0.8,0.0,0.56,4.0,13.8,29.9
2022-03-02,71,-5.9,-3.0,-7.3,-11.7,0.5,0.0,0.35,5.0,11.0,25.6
2022-03-03,73,-7.9,-7.0,-10.1,-14.6,4.6,0.0,3.22,22.0,9.1,20.2
2022-03-04,73,-9.4,-6.4,-11.6,-16.2,2.2,0.0,1.54,8.0,18.6,37.8
2022-03-05,71,-7.4,-2.3,-11.3,-16.0,0.4,0.0,0.28,4.0,15.3,30.2
2022-03-06,71,-3.7,1.3,-7.4,-12.0,0.5,0.0,0.35,3.0,14.8,29.2
2022-03-07,71,-0.8,2.0,-7.3,-13.5,0.9,0.2,0.49,7.0,29.8,59.8
2022-03-08,71,-9.5,-7.1,-11.9,-18.2,0.5,0.0,0.35,5.0,22.0,47.9
2022-03-09,71,-13.0,-8.4,-17.4,-23.2,0.4,0.0,0.28,4.0,15.3,38.2
2022-03-10,3,-8.1,-5.2,-12.9,-17.7,0.0,0.0,0.0,0.0,25.0,51.1
2022-03-11,3,-6.9,3.0,-15.8,-20.8,0.0,0.0,0.0,0.0,18.5,28.8
2022-03-12,71,3.7,8.2,0.9,-4.6,0.1,0.0,0.07,1.0,21.4,42.5
2022-03-13,71,0.6,4.0,-1.8,-5.2,2.0,0.7,0.91,17.0,6.9,19.1
2022-03-14,3,3.4,10.7,-3.3,-7.1,0.0,0.0,0.0,0.0,25.4,54.7
2022-03-15,71,5.2,11.4,1.4,-1.9,1.0,0.9,0.07,5.0,23.0,52.6
2022-03-16,51,3.7,8.4,0.1,-4.6,0.1,0.1,0.0,1.0,18.7,38.2
2022-03-17,3,3.5,10.2,-2.3,-6.7,0.0,0.0,0.0,0.0,12.8,30.2
2022-03-18,51,3.6,9.1,-0.8,-4.5,0.2,0.2,0.0,2.0,12.1,28.1
2022-03-19,3,4.1,11.0,-1.8,-5.7,0.0,0.0,0.0,0.0,10.9,27.4
2022-03-20,51,2.0,5.5,-2.5,-7.3,0.3,0.3,0.0,3.0,23.9,48.6
2022-03-21,2,2.6,10.2,-4.0,-8.8,0.0,0.0,0.0,0.0,16.7,37.8
2022-03-22,3,6.3,15.0,-0.8,-4.9,0.0,0.0,0.0,0.0,12.6,27.4
2022-03-23,3,8.9,14.5,4.0,-0.1,0.0,0.0,0.0,0.0,14.9,24.5
2022-03-24,73,1.9,5.9,-4.5,-8.8,0.8,0.3,0.35,4.0,25.7,51.1
2022-03-25,3,1.2,8.4,-4.4,-9.0,0.0,0.0,0.0,0.0,10.7,32.0
2022-03-26,3,0.7,6.6,-5.2,-9.1,0.0,0.0,0.0,0.0,12.9,29.9
2022-03-27,3,4.6,13.8,-2.7,-6.3,0.0,0.0,0.0,0.0,12.0,26.3
2022-03-28,71,0.9,3.9,-1.4,-6.3,0.5,0.1,0.28,5.0,21.2,43.6
2022-03-29,71,1.6,10.4,-5.8,-9.7,0.1,0.0,0.07,1.0,13.7,26.3
2022-03-30,51,6.8,16.9,-2.7,-6.3,0.4,0.4,0.0,2.0,21.3,44.3
2022-03-31,73,3.2,7.6,0.1,-4.0,2.7,1.1,1.12,8.0,20.4,45.4
2022-04-01,3,3.4,9.9,-2.0,-5.9,0.0,0.0,0.0,0.0,11.6,22.7
2022-04-02,53,2.9,10.8,-2.3,-5.9,2.0,2.0,0.0,5.0,18.5,36.7
2022-04-03,3,2.0,8.7,-4.2,-8.5,0.0,0.0,0.0,0.0,18.2,37.4
2022-04-04,53,5.6,13.3,0.8,-3.8,1.1,1.1,0.0,3.0,29.8,55.4
2022-04-05,51,5.0,9.2,0.4,-4.6,0.1,0.1,0.0,1.0,27.8,57.6
2022-04-06,51,3.4,9.9,-1.8,-6.4,0.3,0.3,0.0,3.0,17.4,41.8
2022-04-07,3,6.4,17.5,-4.4,-8.7,0.0,0.0,0.0,0.0,14.0,34.6
2022-04-08,3,11.7,21.0,5.0,0.1,0.0,0.0,0.0,0.0,26.2,51.5
2022-04-09,51,4.0,7.2,-1.9,-6.5,0.8,0.8,0.0,8.0,16.9,41.4
2022-04-10,3,-1.1,2.3,-6.0,-10.8,0.0,0.0,0.0,0.0,25.1,48.2
2022-04-11,3,-4.5,-0.6,-8.7,-13.6,0.0,0.0,0.0,0.0,20.7,47.2
2022-04-12,71,-7.9,-6.4,-9.5,-16.0,0.5,0.0,0.35,5.0,21.0,46.4
2022-04-13,71,-7.7,-5.1,-10.1,-15.7,1.2,0.0,0.84,12.0,17.7,40.0
2022-04-14,71,-7.4,-4.8,-10.5,-14.7,1.0,0.0,0.7,10.0,15.2,34.6
2022-04-15,71,-5.8,-2.2,-9.4,-13.4,1.4,0.0,0.98,14.0,9.3,21.2
2022-04-16,71,-3.5,3.2,-11.2,-15.5,0.3,0.1,0.14,3.0,15.9,35.3
2022-04-17,71,-0.4,5.4,-6.2,-9.9,0.4,0.3,0.07,1.0,10.9,32.8
2022-04-18,3,2.7,9.6,-5.9,-10.1,0.0,0.0,0.0,0.0,21.5,49.0
2022-04-19,73,1.2,3.7,-1.1,-7.0,7.9,1.8,4.27,16.0,24.0,51.8
2022-04-20,73,-1.2,1.5,-3.5,-8.5,2.8,0.2,1.82,11.0,23.7,43.6
2022-04-21,71,0.4,6.3,-4.6,-9.3,0.5,0.0,0.35,4.0,19.9,39.6
2022-04-22,73,1.1,3.8,-1.2,-4.8,4.2,0.6,2.52,18.0,8.9,17.3
2022-04-23,1,4.3,11.6,-2.4,-5.8,0.0,0.0,0.0,0.0,11.1,28.8
2022-04-24,2,7.1,16.5,-2.2,-6.0,0.0,0.0,0.0,0.0,8.0,20.5
2022-04-25,51,8.7,17.8,-1.2,-4.9,0.1,0.1,0.0,1.0,14.0,31.7
2022-04-26,53,8.2,15.1,2.3,-1.6,1.8,1.8,0.0,5.0,16.2,49.3
2022-04-27,51,6.3,11.8,0.5,-3.8,0.7,0.7,0.0,4.0,15.2,34.2
2022-04-28,3,5.4,11.9,-2.4,-6.9,0.0,0.0,0.0,0.0,11.2,20.5
2022-04-29,53,6.1,12.5,-0.5,-4.9,0.7,0.7,0.0,3.0,11.3,21.6
2022-04-30,51,6.9,13.4,-2.2,-6.0,0.3,0.3,0.0,3.0,15.9,36.4
2022-05-01,51,9.5,14.6,3.8,0.7,0.1,0.1,0.0,1.0,20.4,46.4
2022-05-02,3,9.6,17.0,-0.2,-3.7,0.0,0.0,0.0,0.0,11.0,24.5
2022-05-03,51,11.2,19.9,0.6,-2.4,0.2,0.2,0.0,2.0,9.7,24.1
2022-05-04,3,13.0,19.5,6.2,2.6,0.0,0.0,0.0,0.0,16.9,38.9
2022-05-05,53,13.0,19.8,8.0,4.9,1.5,1.5,0.0,5.0,23.9,42.5
2022-05-06,3,11.7,16.9,5.6,1.5,0.0,0.0,0.0,0.0,24.8,53.6
2022-05-07,53,7.5,14.4,1.5,-2.1,1.8,1.8,0.0,3.0,13.2,30.6
2022-05-08,61,4.6,10.8,-1.3,-4.5,4.1,4.1,0.0,16.0,12.6,37.4
2022-05-09,73,3.7,8.8,0.2,-3.6,7.2,1.0,4.34,15.0,17.5,32.0
2022-05-10,51,4.9,10.8,0.3,-2.7,0.4,0.4,0.0,3.0,9.4,34.9
2022-05-11,51,7.2,14.2,-0.8,-4.2,0.5,0.5,0.0,3.0,8.0,25.6
2022-05-12,51,8.6,16.1,-1.4,-5.5,0.1,0.1,0.0,1.0,17.6,38.2
2022-05-13,55,7.6,13.7,-0.6,-4.5,2.7,2.7,0.0,6.0,11.2,29.9
2022-05-14,51,10.1,16.8,4.4,-0.1,0.2,0.2,0.0,2.0,16.8,35.3
2022-05-15,3,12.2,19.6,3.0,-1.2,0.0,0.0,0.0,0.0,13.6,25.6
2022-05-16,51,14.7,21.2,6.1,2.7,0.3,0.3,0.0,2.0,14.5,36.4
2022-05-17,53,9.6,14.0,3.8,0.7,3.7,3.7,0.0,8.0,18.8,42.5
2022-05-18,51,7.4,16.1,-0.9,-4.3,0.1,0.1,0.0,1.0,31.7,55.8
2022-05-19,55,4.4,7.0,2.8,-2.2,8.8,8.8,0.0,15.0,35.6,73.1
2022-05-20,51,4.9,8.0,2.4,-2.2,2.2,2.2,0.0,16.0,22.4,55.1
2022-05-21,51,5.4,10.2,0.1,-3.3,0.4,0.4,0.0,4.0,10.5,22.7
2022-05-22,3,8.3,16.5,-2.2,-5.9,0.0,0.0,0.0,0.0,12.4,31.0
2022-05-23,3,12.4,19.3,2.7,-1.9,0.0,0.0,0.0,0.0,13.0,24.1
2022-05-24,53,12.9,18.1,8.4,4.0,1.2,1.2,0.0,2.0,14.9,34.6
2022-05-25,51,13.1,19.4,5.8,2.3,0.2,0.2,0.0,2.0,17.6,34.2
2022-05-26,3,14.1,21.4,5.7,1.9,0.0,0.0,0.0,0.0,13.4,27.4
2022-05-27,3,15.4,22.3,8.5,5.3,0.0,0.0,0.0,0.0,18.7,43.2
2022-05-28,3,13.9,19.2,7.0,3.6,0.0,0.0,0.0,0.0,15.1,30.6
2022-05-29,51,11.2,15.5,7.6,2.8,0.7,0.7,0.0,3.0,18.4,43.9
2022-05-30,51,9.7,14.7,6.4,2.5,1.4,1.4,0.0,10.0,23.3,45.4
2022-05-31,3,10.5,17.2,1.5,-2.0,0.0,0.0,0.0,0.0,8.5,28.8
2022-06-01,3,12.8,19.2,4.1,1.1,0.0,0.0,0.0,0.0,7.8,22.3
2022-06-02,3,13.6,20.7,4.0,1.1,0.0,0.0,0.0,0.0,13.1,33.8
2022-06-03,3,14.7,22.3,4.0,0.5,0.0,0.0,0.0,0.0,23.9,50.0
2022-06-04,53,15.3,21.3,8.7,6.6,1.8,1.8,0.0,4.0,15.1,35.3
2022-06-05,63,11.6,16.3,9.1,6.9,27.1,27.1,0.0,21.0,17.5,33.5
2022-06-06,61,11.8,16.5,8.7,7.3,10.1,10.1,0.0,14.0,13.9,27.0
2022-06-07,61,12.0,15.6,9.2,6.3,11.4,11.4,0.0,16.0,17.5,31.0
2022-06-08,3,13.6,20.3,6.4,3.6,0.0,0.0,0.0,0.0,14.7,36.0
2022-06-09,3,15.6,21.8,7.8,4.9,0.0,0.0,0.0,0.0,18.1,37.1
2022-06-10,3,17.9,23.8,10.4,7.9,0.0,0.0,0.0,0.0,21.2,47.5
2022-06-11,61,16.0,21.0,10.5,8.5,2.4,2.4,0.0,3.0,11.7,26.3
2022-06-12,61,12.9,18.0,6.9,4.6,4.4,4.4,0.0,9.0,14.0,29.5
2022-06-13,63,10.1,12.7,8.6,6.3,33.1,33.1,0.0,23.0,16.8,33.8
2022-06-14,63,9.4,10.3,8.6,3.3,43.7,43.7,0.0,24.0,35.3,84.6
2022-06-15,53,12.1,14.9,9.6,4.0,7.6,7.6,0.0,21.0,34.9,75.2
2022-06-16,53,13.4,17.8,7.3,5.3,0.9,0.9,0.0,4.0,20.0,41.4
2022-06-17,61,14.7,20.0,9.9,8.9,3.7,3.7,0.0,11.0,13.5,27.7
2022-06-18,61,15.3,20.6,11.9,11.1,8.9,8.9,0.0,13.0,13.2,29.2
2022-06-19,61,14.1,18.8,10.5,9.3,3.7,3.7,0.0,10.0,13.6,31.7
2022-06-20,55,13.3,17.0,9.3,6.7,2.2,2.2,0.0,8.0,15.5,39.6
2022-06-21,3,15.9,22.2,8.1,6.1,0.0,0.0,0.0,0.0,13.3,26.6
2022-06-22,3,16.7,22.9,10.8,9.2,0.0,0.0,0.0,0.0,17.9,39.2
2022-06-23,63,10.4,12.7,7.7,4.2,13.8,13.8,0.0,18.0,20.2,46.1
2022-06-24,55,9.4,12.9,5.9,2.1,5.5,5.5,0.0,16.0,24.4,61.6
2022-06-25,51,12.6,18.9,5.6,2.4,0.3,0.3,0.0,3.0,11.4,22.7
2022-06-26,1,15.3,23.5,5.5,2.6,0.0,0.0,0.0,0.0,11.1,18.0
2022-06-27,3,16.5,24.6,6.6,4.3,0.0,0.0,0.0,0.0,11.4,22.7
2022-06-28,55,15.7,21.2,9.7,8.7,1.3,1.3,0.0,2.0,21.0,51.5
2022-06-29,61,13.9,19.5,9.2,7.6,3.4,3.4,0.0,9.0,14.3,41.0
2022-06-30,51,15.0,20.8,9.2,6.9,1.3,1.3,0.0,8.0,15.8,29.2
2022-07-01,53,15.7,22.9,8.2,6.3,0.9,0.9,0.0,3.0,12.6,27.4
2022-07-02,61,13.1,16.5,10.3,9.1,6.3,6.3,0.0,19.0,13.0,25.6
2022-07-03,55,11.4,13.7,8.9,7.5,4.2,4.2,0.0,10.0,12.0,23.8
2022-07-04,55,12.1,14.0,11.0,10.6,5.6,5.6,0.0,18.0,13.6,27.7
2022-07-05,53,15.1,20.5,9.9,9.6,1.5,1.5,0.0,5.0,12.3,26.6
2022-07-06,51,13.0,17.3,7.3,5.9,0.8,0.8,0.0,5.0,11.1,30.6
2022-07-07,53,17.6,22.9,12.3,11.6,2.5,2.5,0.0,11.0,16.9,39.2
2022-07-08,2,18.7,25.7,10.5,9.0,0.0,0.0,0.0,0.0,11.3,22.7
2022-07-09,53,18.0,24.6,9.9,7.7,1.0,1.0,0.0,4.0,12.3,24.8
2022-07-10,3,17.2,22.7,10.1,8.1,0.0,0.0,0.0,0.0,12.2,26.6
2022-07-11,2,18.4,25.0,9.9,7.2,0.0,0.0,0.0,0.0,16.6,33.5
2022-07-12,2,20.6,29.2,10.5,8.3,0.0,0.0,0.0,0.0,17.4,32.4
2022-07-13,61,17.7,25.0,12.9,10.3,3.1,3.1,0.0,3.0,16.8,35.6
2022-07-14,2,18.7,28.2,9.2,7.8,0.0,0.0,0.0,0.0,11.9,31.0
2022-07-15,2,20.8,29.6,10.1,8.5,0.0,0.0,0.0,0.0,14.9,32.0
2022-07-16,2,22.1,30.3,13.8,10.9,0.0,0.0,0.0,0.0,14.7,24.5
2022-07-17,51,18.4,23.5,14.4,13.1,0.9,0.9,0.0,8.0,15.1,26.6
2022-07-18,63,15.0,18.5,12.8,12.8,17.7,17.7,0.0,9.0,13.0,30.6
2022-07-19,1,20.5,27.8,13.5,11.4,0.0,0.0,0.0,0.0,21.9,45.0
2022-07-20,1,17.7,25.6,8.8,7.4,0.0,0.0,0.0,0.0,16.0,33.5
2022-07-21,1,19.8,28.7,10.8,8.6,0.0,0.0,0.0,0.0,12.7,19.1
2022-07-22,61,16.5,21.9,12.6,11.0,4.1,4.1,0.0,7.0,20.9,38.5
2022-07-23,51,17.2,24.3,10.9,10.2,0.3,0.3,0.0,3.0,12.9,29.2
2022-07-24,3,19.5,27.2,10.6,10.0,0.0,0.0,0.0,0.0,12.8,24.8
2022-07-25,53,16.6,21.3,13.0,12.7,4.8,4.8,0.0,16.0,10.7,23.0
2022-07-26,51,18.0,23.7,12.0,11.6,0.4,0.4,0.0,4.0,7.1,20.2
2022-07-27,2,20.2,27.5,13.2,13.0,0.0,0.0,0.0,0.0,7.9,19.1
2022-07-28,2,21.2,29.6,12.7,12.5,0.0,0.0,0.0,0.0,15.1,32.4
2022-07-29,61,21.6,31.0,13.3,13.2,3.2,3.2,0.0,4.0,15.2,27.7
2022-07-30,61,19.9,28.5,13.0,12.0,1.6,1.6,0.0,2.0,18.0,37.4
2022-07-31,53,20.3,28.6,12.8,12.4,0.9,0.9,0.0,1.0,13.7,28.8
2022-08-01,3,21.1,30.6,15.0,15.7,0.0,0.0,0.0,0.0,28.4,33.1
2022-08-02,2,17.7,25.0,11.8,11.0,0.0,0.0,0.0,0.0,13.7,45.0
2022-08-03,3,18.6,27.9,11.6,9.8,0.0,0.0,0.0,0.0,13.5,28.1
2022-08-04,63,14.3,20.3,9.7,8.7,13.5,13.5,0.0,9.0,17.0,32.0
2022-08-05,51,12.4,18.4,7.1,4.4,0.2,0.2,0.0,1.0,20.7,46.1
2022-08-06,1,15.4,25.6,5.0,2.1,0.0,0.0,0.0,0.0,15.7,39.6
2022-08-07,0,20.7,29.3,12.8,9.9,0.0,0.0,0.0,0.0,14.5,25.9
2022-08-08,2,20.5,29.3,11.9,9.3,0.0,0.0,0.0,0.0,22.7,47.9
2022-08-09,3,19.1,26.9,11.6,9.7,0.0,0.0,0.0,0.0,17.2,42.1
2022-08-10,51,19.6,25.5,13.7,12.6,0.4,0.4,0.0,2.0,14.4,28.8
2022-08-11,51,22.7,31.2,14.1,13.2,0.2,0.2,0.0,1.0,18.9,42.8
2022-08-12,53,21.3,31.0,12.1,11.4,1.0,1.0,0.0,2.0,14.5,31.0
2022-08-13,51,21.6,31.0,12.1,10.9,0.2,0.2,0.0,1.0,17.7,43.2
2022-08-14,2,19.7,27.9,10.7,8.4,0.0,0.0,0.0,0.0,14.3,28.4
2022-08-15,51,19.3,28.2,10.3,8.8,0.1,0.1,0.0,1.0,8.3,22.0
2022-08-16,51,20.5,31.1,9.3,7.9,0.2,0.2,0.0,1.0,16.4,33.1
2022-08-17,2,20.2,28.1,12.7,11.9,0.0,0.0,0.0,0.0,15.1,24.1
2022-08-18,2,20.6,30.6,10.3,8.9,0.0,0.0,0.0,0.0,15.5,37.8
2022-08-19,3,21.9,31.3,12.4,11.1,0.0,0.0,0.0,0.0,21.0,44.6
2022-08-20,51,20.4,26.5,13.4,12.1,0.2,0.2,0.0,2.0,10.7,18.0
2022-08-21,61,18.9,25.9,13.6,12.3,3.2,3.2,0.0,4.0,13.7,29.2
2022-08-22,53,19.0,28.6,11.5,11.4,1.1,1.1,0.0,5.0,17.2,22.7
2022-08-23,63,16.4,19.5,13.8,14.2,8.8,8.8,0.0,19.0,8.7,23.4
2022-08-24,51,17.5,23.4,11.8,11.5,1.0,1.0,0.0,8.0,13.0,32.4
2022-08-25,61,17.0,23.7,10.7,10.3,1.9,1.9,0.0,3.0,13.2,41.0
2022-08-26,3,18.6,26.9,10.3,9.3,0.0,0.0,0.0,0.0,12.3,31.7
2022-08-27,61,13.9,18.9,11.4,8.3,7.8,7.8,0.0,13.0,25.2,55.1
2022-08-28,3,14.9,22.3,7.9,5.4,0.0,0.0,0.0,0.0,14.9,27.7
2022-08-29,3,17.1,26.5,8.4,5.6,0.0,0.0,0.0,0.0,12.1,22.0
2022-08-30,2,20.6,31.2,10.8,8.7,0.0,0.0,0.0,0.0,11.0,23.8
2022-08-31,2,22.2,33.1,12.5,10.8,0.0,0.0,0.0,0.0,12.7,19.4
2022-09-01,3,20.3,27.2,12.0,10.1,0.0,0.0,0.0,0.0,15.6,37.1
2022-09-02,0,18.6,30.0,8.6,6.4,0.0,0.0,0.0,0.0,16.1,37.8
2022-09-03,3,20.5,32.4,9.8,7.4,0.0,0.0,0.0,0.0,14.3,31.7
2022-09-04,3,23.7,32.5,16.2,13.3,0.0,0.0,0.0,0.0,15.0,34.9
2022-09-05,51,16.4,20.6,10.3,8.2,0.9,0.9,0.0,5.0,13.0,29.9
2022-09-06,51,13.9,22.4,5.5,3.9,0.1,0.1,0.0,1.0,19.3,45.7
2022-09-07,51,17.3,28.7,7.9,5.0,0.1,0.1,0.0,1.0,19.3,42.5
2022-09-08,51,11.5,15.6,8.5,5.6,0.7,0.7,0.0,5.0,16.9,43.6
2022-09-09,53,10.3,16.6,4.6,1.4,2.2,2.2,0.0,8.0,14.7,35.6
2022-09-10,0,13.7,27.1,2.5,-0.9,0.0,0.0,0.0,0.0,10.9,21.2
2022-09-11,3,19.0,30.4,8.8,5.0,0.0,0.0,0.0,0.0,17.6,29.9
2022-09-12,3,15.6,20.0,10.6,8.2,0.0,0.0,0.0,0.0,18.7,36.0
2022-09-13,53,14.8,20.2,10.6,9.3,1.2,1.2,0.0,4.0,13.8,26.3
2022-09-14,3,13.9,21.0,8.6,6.3,0.0,0.0,0.0,0.0,11.3,29.9
2022-09-15,51,13.8,23.0,5.6,3.5,0.1,0.1,0.0,1.0,12.4,31.7
2022-09-16,3,13.8,22.3,7.4,4.6,0.0,0.0,0.0,0.0,12.0,23.8
2022-09-17,3,11.4,18.2,5.8,3.0,0.0,0.0,0.0,0.0,10.6,30.2
2022-09-18,3,10.2,18.8,1.7,-1.4,0.0,0.0,0.0,0.0,10.2,24.1
2022-09-19,51,8.0,9.8,5.1,1.4,0.3,0.3,0.0,3.0,25.5,49.3
2022-09-20,3,7.0,14.6,1.0,-2.6,0.0,0.0,0.0,0.0,17.3,30.6
2022-09-21,0,7.5,17.0,-1.0,-4.3,0.0,0.0,0.0,0.0,18.6,42.8
2022-09-22,3,8.8,16.3,2.8,-0.0,0.0,0.0,0.0,0.0,14.0,25.9
2022-09-23,3,13.5,19.7,6.3,2.7,0.0,0.0,0.0,0.0,18.2,33.5
2022-09-24,1,13.4,22.0,7.1,3.6,0.0,0.0,0.0,0.0,12.8,25.6
2022-09-25,3,12.6,23.9,3.2,-0.4,0.0,0.0,0.0,0.0,11.0,19.4
2022-09-26,3,15.2,25.6,6.8,3.8,0.0,0.0,0.0,0.0,13.6,31.3
2022-09-27,2,16.8,28.4,6.9,4.2,0.0,0.0,0.0,0.0,13.2,29.5
2022-09-28,3,17.0,29.4,7.5,4.0,0.0,0.0,0.0,0.0,11.7,21.6
2022-09-29,51,15.1,19.2,12.1,9.3,0.7,0.7,0.0,4.0,18.0,37.1
2022-09-30,3,12.5,15.9,8.7,7.2,0.0,0.0,0.0,0.0,21.1,43.9
2022-10-01,2,11.8,20.7,3.8,1.6,0.0,0.0,0.0,0.0,13.0,30.6
2022-10-02,0,12.7,23.0,4.8,2.5,0.0,0.0,0.0,0.0,9.8,18.4
2022-10-03,0,13.6,23.4,7.6,5.3,0.0,0.0,0.0,0.0,12.2,22.7
2022-10-04,3,14.4,24.0,7.6,4.2,0.0,0.0,0.0,0.0,12.7,22.0
2022-10-05,51,10.9,17.5,4.7,1.9,0.3,0.3,0.0,2.0,12.9,27.4
2022-10-06,51,7.0,14.8,0.8,-2.3,0.2,0.2,0.0,2.0,12.0,29.2
2022-10-07,2,9.6,20.8,2.1,-1.1,0.0,0.0,0.0,0.0,9.8,18.7
2022-10-08,3,10.6,22.5,2.9,-0.7,0.0,0.0,0.0,0.0,11.6,19.4
2022-10-09,3,10.6,20.3,4.1,0.5,0.0,0.0,0.0,0.0,10.7,17.3
2022-10-10,53,11.9,19.7,5.5,1.7,1.5,1.5,0.0,5.0,24.2,40.0
2022-10-11,3,6.0,14.7,-0.2,-3.8,0.0,0.0,0.0,0.0,19.2,33.5
2022-10-12,2,5.1,14.4,-0.7,-4.5,0.0,0.0,0.0,0.0,9.5,24.8
2022-10-13,3,8.0,21.6,-2.8,-6.8,0.0,0.0,0.0,0.0,16.3,27.4
2022-10-14,51,11.1,16.6,7.2,2.7,1.0,1.0,0.0,3.0,20.1,38.9
2022-10-15,3,7.7,16.1,-0.2,-3.2,0.0,0.0,0.0,0.0,13.4,27.0
2022-10-16,3,8.6,20.2,0.2,-3.2,0.0,0.0,0.0,0.0,8.3,18.4
2022-10-17,0,11.1,25.5,2.1,-2.0,0.0,0.0,0.0,0.0,12.4,21.2
2022-10-18,1,11.6,25.5,3.5,-1.1,0.0,0.0,0.0,0.0,14.9,24.5
2022-10-19,3,11.5,25.2,2.3,-1.9,0.0,0.0,0.0,0.0,14.2,23.4
2022-10-20,51,9.4,12.5,4.2,1.0,0.3,0.3,0.0,3.0,22.5,39.6
2022-10-21,71,2.9,4.1,1.1,-1.6,3.8,3.4,0.28,18.0,10.9,20.5
2022-10-22,73,0.5,1.5,-0.3,-4.2,7.2,0.7,4.55,24.0,15.5,30.6
2022-10-23,73,-0.7,1.7,-4.3,-8.6,2.6,0.0,1.82,12.0,12.8,26.3
2022-10-24,3,-2.3,4.3,-7.8,-12.1,0.0,0.0,0.0,0.0,10.7,23.0
2022-10-25,51,-0.8,3.9,-5.3,-9.3,0.2,0.2,0.0,2.0,13.0,26.6
2022-10-26,3,-1.3,7.7,-7.5,-12.1,0.0,0.0,0.0,0.0,17.3,24.5
2022-10-27,3,5.8,11.6,0.4,-5.3,0.0,0.0,0.0,0.0,28.5,51.1
2022-10-28,2,5.7,12.5,0.4,-3.5,0.0,0.0,0.0,0.0,19.2,41.4
2022-10-29,3,4.2,10.5,0.0,-4.1,0.0,0.0,0.0,0.0,14.6,34.2
2022-10-30,3,8.7,13.5,2.8,-1.9,0.0,0.0,0.0,0.0,26.7,53.6
2022-10-31,71,2.3,5.7,0.4,-3.5,1.0,0.2,0.56,6.0,17.1,34.2
2022-11-01,73,-0.3,1.4,-2.4,-7.3,5.9,0.0,4.13,15.0,15.8,32.0
2022-11-02,73,-5.1,-2.6,-8.2,-12.9,8.6,0.0,6.02,21.0,27.9,51.5
2022-11-03,3,-8.6,0.1,-16.6,-21.6,0.0,0.0,0.0,0.0,10.7,30.2
2022-11-04,3,-1.5,5.3,-6.3,-10.8,0.0,0.0,0.0,0.0,10.4,20.5
2022-11-05,73,-3.2,-0.6,-8.6,-14.2,6.7,0.2,4.55,20.0,24.0,51.5
2022-11-06,73,-12.8,-9.1,-14.6,-20.2,1.4,0.0,0.98,10.0,14.5,27.4
2022-11-07,73,-16.3,-15.0,-19.4,-25.1,8.4,0.0,5.88,22.0,16.1,35.6
2022-11-08,3,-21.7,-16.5,-26.6,-32.0,0.0,0.0,0.0,0.0,13.1,23.4
2022-11-09,3,-23.6,-17.7,-29.6,-34.4,0.0,0.0,0.0,0.0,10.5,14.4
2022-11-10,3,-16.5,-7.7,-23.1,-28.0,0.0,0.0,0.0,0.0,12.5,22.0
2022-11-11,3,-10.7,-2.4,-14.9,-20.5,0.0,0.0,0.0,0.0,13.3,21.6
2022-11-12,71,-6.0,-1.3,-12.8,-17.9,0.5,0.0,0.35,5.0,13.1,24.8
2022-11-13,3,-6.5,-2.3,-11.7,-16.9,0.0,0.0,0.0,0.0,14.0,24.1
2022-11-14,71,-1.7,1.7,-6.7,-11.1,0.6,0.1,0.35,4.0,15.3,28.4
2022-11-15,3,-2.0,4.5,-7.5,-12.3,0.0,0.0,0.0,0.0,24.7,47.5
2022-11-16,71,-3.1,-0.6,-7.8,-14.3,0.5,0.0,0.35,4.0,23.7,48.6
2022-11-17,3,-12.4,-8.4,-16.7,-21.8,0.0,0.0,0.0,0.0,21.9,45.7
2022-11-18,0,-8.4,-0.4,-13.5,-19.2,0.0,0.0,0.0,0.0,16.9,29.5
2022-11-19,3,-6.0,2.9,-13.3,-19.1,0.0,0.0,0.0,0.0,17.9,33.1
2022-11-20,3,-2.1,3.4,-7.0,-12.7,0.0,0.0,0.0,0.0,16.4,28.8
2022-11-21,3,-0.1,4.8,-3.5,-8.2,0.0,0.0,0.0,0.0,16.2,27.7
2022-11-22,71,3.5,5.5,0.9,-4.2,0.3,0.2,0.07,3.0,16.5,30.6
2022-11-23,75,1.1,3.9,-1.7,-6.3,4.6,0.5,2.87,8.0,21.8,43.6
2022-11-24,3,5.0,8.3,-0.7,-5.1,0.0,0.0,0.0,0.0,22.9,47.2
2022-11-25,71,4.5,8.6,-0.2,-3.5,0.6,0.1,0.35,4.0,29.9,55.1
2022-11-26,3,-1.2,3.2,-4.9,-9.3,0.0,0.0,0.0,0.0,22.1,27.7
2022-11-27,73,-1.4,2.4,-8.6,-15.3,1.8,0.0,1.26,6.0,31.9,59.8
2022-11-28,3,-11.8,-9.7,-13.2,-19.5,0.0,0.0,0.0,0.0,24.2,52.9
2022-11-29,3,-15.9,-13.9,-17.8,-22.9,0.0,0.0,0.0,0.0,15.6,30.6
2022-11-30,73,-17.5,-16.1,-18.8,-24.8,2.0,0.0,1.4,12.0,15.0,32.8
2022-12-01,73,-21.7,-19.0,-25.7,-30.5,1.2,0.0,0.84,7.0,14.7,28.8
2022-12-02,3,-24.0,-17.5,-30.0,-35.7,0.0,0.0,0.0,0.0,11.6,16.6
2022-12-03,3,-16.2,-5.8,-25.0,-30.3,0.0,0.0,0.0,0.0,15.6,28.1
2022-12-04,71,-5.1,-1.6,-11.6,-17.7,0.6,0.0,0.42,5.0,21.3,37.8
2022-12-05,71,-11.2,-6.8,-18.1,-23.4,2.2,0.0,1.54,20.0,18.5,36.4
2022-12-06,73,-22.0,-19.2,-23.4,-29.2,4.1,0.0,2.87,19.0,13.1,24.5
2022-12-07,3,-9.2,-1.0,-22.7,-28.3,0.0,0.0,0.0,0.0,15.7,28.1
2022-12-08,3,-4.8,-0.5,-7.5,-12.5,0.0,0.0,0.0,0.0,14.2,24.1
2022-12-09,3,-8.2,-2.9,-11.6,-16.5,0.0,0.0,0.0,0.0,13.3,25.2
2022-12-10,3,-8.9,-4.8,-13.6,-18.2,0.0,0.0,0.0,0.0,10.8,23.4
2022-12-11,3,-12.9,-8.0,-16.7,-21.9,0.0,0.0,0.0,0.0,12.2,25.2
2022-12-12,71,-15.8,-11.6,-19.0,-23.9,0.1,0.0,0.07,1.0,9.5,20.2
2022-12-13,73,-11.9,-0.1,-19.4,-24.5,2.1,0.0,1.47,6.0,12.5,24.8
2022-12-14,73,-5.1,0.3,-14.7,-19.7,1.9,0.0,1.33,9.0,18.8,37.1
2022-12-15,3,-8.5,-2.2,-14.3,-19.3,0.0,0.0,0.0,0.0,15.3,31.3
2022-12-16,71,-5.1,-1.0,-10.7,-15.9,0.3,0.0,0.21,2.0,15.0,26.6
2022-12-17,73,-15.4,-2.8,-22.6,-28.9,2.1,0.0,1.47,15.0,21.1,43.2
2022-12-18,71,-23.4,-22.2,-24.7,-30.6,1.2,0.0,0.84,12.0,16.2,30.6
2022-12-19,71,-29.2,-24.9,-34.7,-40.3,0.1,0.0,0.07,1.0,15.7,31.0
2022-12-20,71,-32.1,-28.9,-36.1,-41.6,1.2,0.1,0.77,10.0,10.5,19.8
2022-12-21,3,-30.8,-27.9,-32.8,-38.8,0.0,0.0,0.0,0.0,15.3,32.8
2022-12-22,3,-30.4,-24.9,-34.9,-40.2,0.0,0.0,0.0,0.0,12.7,23.0
2022-12-23,71,-23.6,-19.6,-30.5,-35.9,0.7,0.0,0.49,5.0,12.1,25.9
2022-12-24,3,-13.1,-4.0,-22.1,-26.8,0.0,0.0,0.0,0.0,14.1,20.5
2022-12-25,3,-3.3,1.0,-8.0,-12.5,0.0,0.0,0.0,0.0,24.1,46.8
2022-12-26,3,1.0,6.8,-7.6,-12.0,0.0,0.0,0.0,0.0,22.5,39.2
2022-12-27,71,1.2,2.3,-1.1,-4.5,3.3,2.1,0.84,14.0,11.7,19.4
2022-12-28,73,-4.9,-1.5,-6.5,-10.5,5.2,0.0,3.64,24.0,10.3,21.2
2022-12-29,3,-7.1,-3.6,-9.5,-13.7,0.0,0.0,0.0,0.0,10.2,15.5
2022-12-30,3,-6.6,-2.2,-10.1,-15.0,0.0,0.0,0.0,0.0,11.8,20.2
2022-12-31,3,-5.5,-1.0,-7.9,-12.7,0.0,0.0,0.0,0.0,11.7,20.5
2023-01-01,3,-5.1,-0.7,-7.9,-12.8,0.0,0.0,0.0,0.0,11.6,20.5
2023-01-02,2,-8.4,-2.8,-12.2,-16.9,0.0,0.0,0.0,0.0,11.9,19.8
2023-01-03,3,-9.7,-2.4,-13.9,-18.9,0.0,0.0,0.0,0.0,12.5,22.3
2023-01-04,3,-8.4,-2.9,-12.6,-17.5,0.0,0.0,0.0,0.0,15.0,25.6
2023-01-05,3,-11.3,-6.6,-17.1,-22.5,0.0,0.0,0.0,0.0,12.9,27.7
2023-01-06,3,-3.0,3.7,-7.3,-12.3,0.0,0.0,0.0,0.0,13.1,24.5
2023-01-07,3,-2.4,3.2,-7.9,-13.1,0.0,0.0,0.0,0.0,15.2,24.8
2023-01-08,3,-2.8,1.6,-5.3,-10.2,0.0,0.0,0.0,0.0,14.3,24.8
2023-01-09,3,-0.6,3.8,-4.4,-7.9,0.0,0.0,0.0,0.0,12.6,23.4
2023-01-10,3,-4.1,0.8,-9.8,-14.2,0.0,0.0,0.0,0.0,11.6,20.9
2023-01-11,3,-11.2,-5.0,-16.0,-20.4,0.0,0.0,0.0,0.0,9.5,16.6
2023-01-12,3,-5.8,0.4,-12.3,-16.8,0.0,0.0,0.0,0.0,15.0,29.2
2023-01-13,51,1.7,3.7,-1.0,-5.6,0.1,0.1,0.0,1.0,18.4,34.9
2023-01-14,3,0.9,5.0,-4.5,-8.2,0.0,0.0,0.0,0.0,15.8,29.2
2023-01-15,3,-4.3,-2.1,-6.5,-10.6,0.0,0.0,0.0,0.0,11.0,21.2
2023-01-16,3,-5.1,-1.6,-7.9,-11.8,0.0,0.0,0.0,0.0,10.8,20.5
2023-01-17,3,-5.6,0.9,-8.3,-13.2,0.0,0.0,0.0,0.0,11.0,19.1
2023-01-18,3,-6.1,0.7,-9.8,-14.3,0.0,0.0,0.0,0.0,10.2,19.4
2023-01-19,71,-3.0,0.5,-7.8,-12.2,0.1,0.0,0.07,1.0,15.0,31.3
2023-01-20,3,-3.2,1.8,-8.5,-13.1,0.0,0.0,0.0,0.0,16.6,28.8
2023-01-21,3,2.1,5.8,-0.4,-5.3,0.0,0.0,0.0,0.0,16.9,31.7
2023-01-22,71,-1.3,2.8,-8.9,-13.6,0.8,0.0,0.56,6.0,18.0,39.2
2023-01-23,3,-3.3,3.2,-10.3,-15.1,0.0,0.0,0.0,0.0,24.9,53.3
2023-01-24,51,0.3,3.0,-5.3,-10.1,0.1,0.1,0.0,1.0,21.6,41.4
2023-01-25,73,0.2,3.5,-5.4,-10.3,1.9,0.5,0.98,10.0,15.5,31.3
2023-01-26,51,4.3,8.1,-0.8,-4.0,0.7,0.7,0.0,4.0,27.1,56.2
2023-01-27,73,-3.3,0.7,-12.0,-17.3,6.8,0.3,4.55,23.0,17.9,41.4
2023-01-28,71,-18.0,-12.7,-24.4,-29.9,0.2,0.0,0.14,2.0,16.8,36.0
2023-01-29,3,-20.7,-13.8,-25.7,-30.7,0.0,0.0,0.0,0.0,17.1,31.0
2023-01-30,71,-10.9,-8.6,-13.1,-18.7,0.7,0.0,0.49,7.0,13.5,24.8
2023-01-31,3,-9.7,-6.5,-12.1,-16.9,0.0,0.0,0.0,0.0,12.7,23.8
2023-02-01,3,-11.9,-8.9,-15.9,-21.1,0.0,0.0,0.0,0.0,14.8,29.9
2023-02-02,3,-11.6,-4.0,-17.1,-22.8,0.0,0.0,0.0,0.0,15.2,32.0
2023-02-03,3,-0.3,3.7,-4.9,-10.3,0.0,0.0,0.0,0.0,19.8,32.4
2023-02-04,51,0.7,5.2,-1.9,-6.5,0.1,0.1,0.0,1.0,16.2,34.2
2023-02-05,3,-0.1,4.4,-4.6,-9.2,0.0,0.0,0.0,0.0,17.2,28.8
2023-02-06,3,0.5,4.8,-7.4,-12.3,0.0,0.0,0.0,0.0,26.3,50.4
2023-02-07,3,3.2,5.0,-1.6,-5.7,0.0,0.0,0.0,0.0,26.3,56.5
2023-02-08,71,-1.9,0.8,-8.0,-12.7,0.4,0.0,0.28,4.0,22.9,47.9
2023-02-09,3,-2.8,3.0,-9.3,-14.3,0.0,0.0,0.0,0.0,18.1,29.9
2023-02-10,3,1.9,5.7,-2.4,-7.1,0.0,0.0,0.0,0.0,26.8,55.4
2023-02-11,3,-0.3,4.9,-6.0,-10.7,0.0,0.0,0.0,0.0,15.9,29.5
2023-02-12,3,2.4,7.4,-2.9,-7.4,0.0,0.0,0.0,0.0,24.7,49.0
2023-02-13,73,1.9,5.9,-2.4,-7.3,1.3,0.3,0.7,5.0,27.1,53.6
2023-02-14,71,-6.3,-1.8,-9.9,-13.9,0.2,0.0,0.14,2.0,13.4,27.7
2023-02-15,3,-5.9,1.1,-10.2,-14.8,0.0,0.0,0.0,0.0,9.4,20.2
2023-02-16,3,-2.7,3.7,-8.7,-13.4,0.0,0.0,0.0,0.0,14.8,31.0
2023-02-17,3,-4.1,2.1,-10.4,-15.4,0.0,0.0,0.0,0.0,13.8,23.4
2023-02-18,51,-3.4,1.7,-10.2,-15.2,0.1,0.1,0.0,1.0,12.1,27.4
2023-02-19,73,-2.0,3.5,-7.7,-12.5,3.1,0.2,2.03,9.0,10.8,25.2
2023-02-20,73,-5.0,-2.4,-8.6,-14.3,8.5,0.0,5.95,24.0,17.4,35.6
2023-02-21,73,-15.9,-9.4,-21.0,-26.2,6.3,0.1,4.34,18.0,17.1,35.6
2023-02-22,71,-24.3,-21.5,-27.2,-32.2,0.1,0.0,0.07,1.0,9.4,20.9
2023-02-23,3,-28.4,-26.2,-32.9,-37.7,0.0,0.0,0.0,0.0,7.7,17.6
2023-02-24,3,-26.5,-18.9,-34.1,-39.1,0.0,0.0,0.0,0.0,10.9,20.9
2023-02-25,3,-13.7,-6.4,-21.2,-26.5,0.0,0.0,0.0,0.0,11.0,20.5
2023-02-26,3,-6.7,1.1,-12.9,-18.3,0.0,0.0,0.0,0.0,15.6,29.9
2023-02-27,3,-8.5,-2.6,-13.7,-18.3,0.0,0.0,0.0,0.0,12.7,27.4
2023-02-28,71,-10.3,-7.9,-12.9,-17.6,2.0,0.0,1.4,14.0,14.8,29.9
2023-03-01,3,-9.4,-3.9,-13.4,-18.4,0.0,0.0,0.0,0.0,10.1,20.2
2023-03-02,3,-1.7,2.4,-9.7,-14.5,0.0,0.0,0.0,0.0,27.0,52.9
2023-03-03,71,-5.0,-1.1,-8.5,-13.2,0.2,0.0,0.14,1.0,18.1,40.3
2023-03-04,71,-9.6,-4.4,-15.6,-20.4,0.7,0.0,0.49,6.0,15.2,29.2
2023-03-05,71,-13.0,-9.5,-15.8,-21.4,1.8,0.0,1.26,16.0,12.9,25.2
2023-03-06,3,-17.4,-14.5,-20.4,-25.3,0.0,0.0,0.0,0.0,12.6,22.3
2023-03-07,3,-16.8,-11.8,-21.2,-26.2,0.0,0.0,0.0,0.0,11.4,25.2
2023-03-08,3,-14.7,-12.8,-16.4,-21.5,0.0,0.0,0.0,0.0,10.8,21.6
2023-03-09,3,-15.7,-11.8,-18.8,-24.3,0.0,0.0,0.0,0.0,18.3,39.6
2023-03-10,73,-15.8,-11.6,-20.6,-25.6,2.5,0.0,1.75,10.0,14.9,30.2
2023-03-11,71,-14.1,-9.4,-18.3,-23.1,0.3,0.0,0.21,3.0,14.8,28.8
2023-03-12,3,-15.7,-10.9,-19.5,-24.7,0.0,0.0,0.0,0.0,11.3,21.2
2023-03-13,3,-7.4,2.7,-15.0,-19.4,0.0,0.0,0.0,0.0,10.5,20.5
2023-03-14,73,-4.9,0.6,-9.8,-15.7,3.1,0.3,1.96,11.0,21.0,41.0
2023-03-15,3,-6.7,0.3,-13.6,-18.4,0.0,0.0,0.0,0.0,9.7,22.3
2023-03-16,3,-5.5,1.1,-11.9,-16.7,0.0,0.0,0.0,0.0,12.1,23.4
2023-03-17,3,-5.6,3.4,-13.7,-18.3,0.0,0.0,0.0,0.0,14.1,29.9
2023-03-18,3,-3.2,5.2,-9.1,-14.1,0.0,0.0,0.0,0.0,12.9,22.0
2023-03-19,3,-4.1,3.2,-10.5,-15.1,0.0,0.0,0.0,0.0,9.5,16.2
2023-03-20,71,-5.4,2.2,-12.6,-16.9,0.3,0.2,0.07,3.0,9.1,14.8
2023-03-21,3,-6.1,-0.1,-10.4,-15.4,0.0,0.0,0.0,0.0,15.5,25.6
2023-03-22,0,-4.3,6.6,-13.4,-18.1,0.0,0.0,0.0,0.0,12.1,21.6
2023-03-23,1,-1.1,6.8,-8.4,-13.6,0.0,0.0,0.0,0.0,11.9,22.3
2023-03-24,71,-2.6,1.1,-5.9,-9.8,0.5,0.3,0.14,4.0,16.0,33.8
2023-03-25,71,-3.4,2.6,-7.9,-12.2,1.2,0.8,0.28,8.0,9.4,29.5
2023-03-26,71,-3.4,0.6,-7.1,-11.3,0.6,0.1,0.35,5.0,16.5,33.5
2023-03-27,73,-5.4,-3.6,-9.3,-13.9,3.4,0.0,2.38,16.0,10.9,27.0
2023-03-28,71,-8.4,-1.1,-16.5,-21.7,0.1,0.0,0.07,1.0,10.1,15.8
2023-03-29,3,-5.1,4.5,-13.8,-18.5,0.0,0.0,0.0,0.0,11.9,17.3
2023-03-30,3,-3.7,1.2,-8.6,-12.7,0.0,0.0,0.0,0.0,17.1,31.0
2023-03-31,3,0.2,9.6,-9.5,-13.8,0.0,0.0,0.0,0.0,15.7,36.4
2023-04-01,71,2.3,7.2,-2.7,-7.2,1.5,1.3,0.14,6.0,15.5,24.1
2023-04-02,73,0.3,1.9,-0.7,-6.0,6.0,0.0,4.2,19.0,20.6,42.5
2023-04-03,73,-1.8,0.3,-5.2,-9.5,2.0,0.2,1.26,11.0,11.5,30.6
2023-04-04,73,-4.5,-0.6,-7.8,-11.5,0.6,0.0,0.42,3.0,11.0,27.4
2023-04-05,51,-3.3,4.6,-13.6,-18.2,0.3,0.3,0.0,3.0,11.2,29.5
2023-04-06,3,0.2,9.1,-8.3,-12.7,0.0,0.0,0.0,0.0,13.0,32.8
2023-04-07,3,5.0,13.6,-1.9,-5.8,0.0,0.0,0.0,0.0,13.7,34.2
2023-04-08,3,7.1,13.1,2.3,-1.6,0.0,0.0,0.0,0.0,18.9,44.6
2023-04-09,51,7.4,14.5,0.9,-3.4,0.2,0.2,0.0,1.0,24.5,43.9
2023-04-10,51,8.0,11.7,3.9,0.9,1.0,1.0,0.0,8.0,28.3,57.2
2023-04-11,71,2.7,10.8,-1.4,-4.9,6.1,5.8,0.21,12.0,18.5,42.5
2023-04-12,51,0.9,5.8,-2.9,-6.5,0.5,0.5,0.0,4.0,9.7,20.5
2023-04-13,51,0.7,6.6,-5.2,-9.1,0.2,0.2,0.0,2.0,7.7,20.9
2023-04-14,51,1.4,7.2,-4.6,-8.4,0.1,0.1,0.0,1.0,8.2,26.3
2023-04-15,3,4.3,12.5,-3.4,-7.4,0.0,0.0,0.0,0.0,10.0,27.4
2023-04-16,51,8.4,15.9,0.8,-3.0,0.1,0.1,0.0,1.0,12.9,31.3
2023-04-17,51,5.4,8.7,-2.7,-7.0,0.1,0.1,0.0,1.0,24.3,60.5
2023-04-18,3,2.3,9.7,-5.8,-10.0,0.0,0.0,0.0,0.0,14.8,37.1
2023-04-19,71,1.7,5.5,-1.6,-4.5,1.2,0.6,0.42,8.0,17.9,41.0
2023-04-20,71,-0.6,2.1,-3.1,-6.6,0.5,0.0,0.35,5.0,11.0,24.1
2023-04-21,71,-0.8,1.8,-2.5,-6.8,0.6,0.0,0.42,6.0,10.7,23.8
2023-04-22,3,3.5,11.8,-4.2,-8.4,0.0,0.0,0.0,0.0,14.2,32.0
2023-04-23,3,7.5,16.2,-1.5,-4.7,0.0,0.0,0.0,0.0,13.0,33.5
2023-04-24,55,9.7,16.7,3.3,-0.1,1.4,1.4,0.0,3.0,11.0,29.2
2023-04-25,3,10.1,16.2,3.5,0.0,0.0,0.0,0.0,0.0,18.4,42.8
2023-04-26,51,8.2,17.6,-1.4,-4.7,0.2,0.2,0.0,1.0,20.8,35.6
2023-04-27,55,7.8,15.3,1.3,-3.6,3.9,3.9,0.0,5.0,20.8,43.9
2023-04-28,3,12.1,21.0,3.5,-0.5,0.0,0.0,0.0,0.0,14.1,26.3
2023-04-29,0,12.7,20.9,2.6,-0.6,0.0,0.0,0.0,0.0,17.9,43.2
2023-04-30,2,13.1,24.0,0.9,-2.5,0.0,0.0,0.0,0.0,14.5,33.5
2023-05-01,2,15.4,25.8,3.6,0.9,0.0,0.0,0.0,0.0,18.7,40.3
2023-05-02,1,15.9,26.0,3.0,-0.4,0.0,0.0,0.0,0.0,12.4,29.2
2023-05-03,2,16.8,26.6,4.9,2.1,0.0,0.0,0.0,0.0,15.3,40.0
2023-05-04,51,17.1,27.2,6.6,3.4,0.1,0.1,0.0,1.0,17.2,37.4
2023-05-05,1,15.6,23.8,6.8,3.4,0.0,0.0,0.0,0.0,21.3,43.2
2023-05-06,53,8.1,12.1,4.2,0.8,5.2,5.2,0.0,16.0,16.2,37.4
2023-05-07,51,9.8,16.4,4.8,2.6,0.6,0.6,0.0,6.0,12.1,27.0
2023-05-08,55,9.1,13.4,4.8,2.3,2.5,2.5,0.0,11.0,10.0,27.0
2023-05-09,63,9.1,13.8,3.7,0.8,6.0,6.0,0.0,11.0,12.1,27.7
2023-05-10,53,10.0,15.1,4.6,1.8,1.1,1.1,0.0,5.0,10.6,20.2
2023-05-11,53,10.0,17.4,2.8,-0.1,1.5,1.5,0.0,2.0,8.4,25.2
2023-05-12,51,12.2,21.2,1.6,-1.7,0.1,0.1,0.0,1.0,9.4,19.4
2023-05-13,0,14.9,22.6,4.6,1.9,0.0,0.0,0.0,0.0,14.7,33.8
2023-05-14,0,15.4,22.5,6.3,3.3,0.0,0.0,0.0,0.0,20.9,46.8
2023-05-15,0,17.5,26.0,8.1,6.0,0.0,0.0,0.0,0.0,16.3,37.4
2023-05-16,1,15.9,21.0,10.4,7.4,0.0,0.0,0.0,0.0,27.2,56.2
2023-05-17,51,13.3,20.2,6.7,4.4,0.5,0.5,0.0,4.0,11.7,26.3
2023-05-18,2,11.6,20.0,2.2,-0.7,0.0,0.0,0.0,0.0,14.2,29.2
2023-05-19,51,17.6,27.8,4.7,2.1,0.2,0.2,0.0,1.0,14.1,37.1
2023-05-20,3,18.4,26.8,10.1,7.3,0.0,0.0,0.0,0.0,10.8,23.0
2023-05-21,3,19.0,27.3,8.7,6.1,0.0,0.0,0.0,0.0,14.0,35.6
2023-05-22,63,15.4,20.6,10.3,7.2,10.0,10.0,0.0,10.0,10.7,29.2
2023-05-23,51,13.2,20.3,4.9,1.7,0.1,0.1,0.0,1.0,15.8,39.2
2023-05-24,51,12.9,20.9,5.7,3.3,0.1,0.1,0.0,1.0,10.2,28.8
2023-05-25,51,13.6,17.7,9.4,7.1,0.3,0.3,0.0,3.0,14.7,31.3
2023-05-26,3,13.5,21.1,4.1,1.9,0.0,0.0,0.0,0.0,9.7,26.3
2023-05-27,51,15.0,22.7,6.6,4.0,0.4,0.4,0.0,3.0,17.6,34.2
2023-05-28,51,16.7,25.3,6.0,3.8,0.4,0.4,0.0,1.0,11.9,28.1
2023-05-29,51,18.4,25.4,10.2,8.5,0.3,0.3,0.0,2.0,14.0,30.6
2023-05-30,51,18.5,25.5,10.9,8.2,0.1,0.1,0.0,1.0,14.9,32.0
2023-05-31,3,17.0,24.3,9.0,6.5,0.0,0.0,0.0,0.0,18.1,27.7
2023-06-01,53,11.3,13.4,9.2,6.4,1.9,1.9,0.0,10.0,18.7,38.9
2023-06-02,3,14.1,22.4,3.3,0.9,0.0,0.0,0.0,0.0,10.6,28.4
2023-06-03,3,16.8,24.7,7.1,5.4,0.0,0.0,0.0,0.0,12.0,28.1
2023-06-04,51,20.1,29.2,10.0,8.5,0.3,0.3,0.0,1.0,13.4,30.2
2023-06-05,51,19.1,26.5,12.8,9.7,0.4,0.4,0.0,2.0,25.2,46.8
2023-06-06,51,15.9,22.9,9.2,5.8,0.9,0.9,0.0,4.0,23.8,47.5
2023-06-07,2,19.4,29.8,7.2,5.2,0.0,0.0,0.0,0.0,9.5,24.8
2023-06-08,3,21.6,30.1,9.8,7.5,0.0,0.0,0.0,0.0,13.2,36.4
2023-06-09,3,20.6,27.2,13.5,12.0,0.0,0.0,0.0,0.0,20.7,48.2
2023-06-10,53,19.1,27.2,11.6,10.8,1.3,1.3,0.0,7.0,19.6,43.6
2023-06-11,55,18.2,23.2,12.6,12.5,2.1,2.1,0.0,5.0,18.3,38.5
2023-06-12,51,20.7,27.6,13.3,12.2,0.3,0.3,0.0,2.0,11.0,24.1
2023-06-13,51,21.9,30.4,12.3,11.1,0.4,0.4,0.0,2.0,16.6,42.1
2023-06-14,63,10.6,15.9,6.9,2.3,39.9,39.9,0.0,21.0,25.5,62.3
2023-06-15,63,11.9,18.0,7.0,2.0,16.0,16.0,0.0,14.0,27.0,57.2
2023-06-16,3,15.6,23.4,7.1,3.8,0.0,0.0,0.0,0.0,17.7,37.8
2023-06-17,53,15.5,20.5,8.8,7.3,1.7,1.7,0.0,5.0,15.1,36.7
2023-06-18,63,10.6,14.4,7.8,5.4,7.3,7.3,0.0,12.0,16.0,40.3
2023-06-19,51,9.8,14.0,5.6,2.9,2.3,2.3,0.0,10.0,22.3,51.1
2023-06-20,55,6.6,8.1,5.5,1.9,16.5,16.5,0.0,24.0,21.8,41.0
2023-06-21,63,10.1,15.7,4.4,1.1,4.9,4.9,0.0,9.0,12.4,26.3
2023-06-22,53,12.5,20.0,3.3,0.2,0.8,0.8,0.0,3.0,10.1,21.6
2023-06-23,2,14.9,22.7,5.4,2.6,0.0,0.0,0.0,0.0,9.7,22.3
2023-06-24,53,16.5,23.7,7.1,5.0,1.1,1.1,0.0,4.0,13.9,27.4
2023-06-25,53,16.5,21.7,10.6,7.5,1.4,1.4,0.0,4.0,14.5,32.8
2023-06-26,51,17.6,24.3,9.3,7.7,0.1,0.1,0.0,1.0,7.4,20.9
2023-06-27,51,17.9,25.7,10.6,8.7,0.8,0.8,0.0,2.0,12.3,22.7
2023-06-28,51,18.4,25.5,11.1,9.9,0.1,0.1,0.0,1.0,7.9,22.0
2023-06-29,51,19.6,28.6,10.4,9.1,0.2,0.2,0.0,1.0,12.6,25.6
2023-06-30,63,20.0,27.4,13.5,13.3,4.5,4.5,0.0,3.0,9.7,25.2
2023-07-01,51,19.9,28.8,11.7,11.5,0.2,0.2,0.0,2.0,27.6,50.4
2023-07-02,53,13.5,20.9,8.7,6.4,2.2,2.2,0.0,7.0,20.8,50.8
2023-07-03,51,12.5,18.1,6.3,3.8,0.9,0.9,0.0,5.0,23.0,49.3
2023-07-04,51,14.1,19.5,8.6,6.6,0.3,0.3,0.0,3.0,10.5,21.6
2023-07-05,1,16.3,25.0,5.7,3.3,0.0,0.0,0.0,0.0,8.0,20.9
2023-07-06,61,16.0,22.5,10.5,8.3,3.5,3.5,0.0,3.0,11.3,24.5
2023-07-07,53,16.4,23.7,8.9,7.6,2.4,2.4,0.0,5.0,9.7,27.0
2023-07-08,1,18.4,27.7,8.4,6.5,0.0,0.0,0.0,0.0,9.6,23.0
2023-07-09,53,20.4,30.0,10.8,9.0,0.7,0.7,0.0,1.0,9.8,16.9
2023-07-10,61,18.5,27.3,11.9,11.1,3.5,3.5,0.0,5.0,17.3,39.6
2023-07-11,55,14.7,18.7,11.5,10.8,3.3,3.3,0.0,12.0,12.4,29.5
2023-07-12,53,16.7,22.6,10.1,9.3,2.2,2.2,0.0,6.0,13.0,29.2
2023-07-13,61,16.7,22.3,12.5,10.5,3.0,3.0,0.0,9.0,12.4,33.8
2023-07-14,51,17.5,23.3,11.7,9.8,0.2,0.2,0.0,2.0,13.5,35.6
2023-07-15,55,18.0,26.0,10.8,9.9,1.7,1.7,0.0,3.0,9.5,21.6
2023-07-16,51,19.3,26.5,11.5,11.1,0.3,0.3,0.0,3.0,15.5,35.6
2023-07-17,63,16.4,24.2,10.0,9.7,4.1,4.1,0.0,4.0,18.1,44.3
2023-07-18,53,16.6,23.5,10.4,7.7,0.9,0.9,0.0,1.0,20.2,41.4
2023-07-19,3,16.5,24.2,8.3,6.5,0.0,0.0,0.0,0.0,11.2,26.6
2023-07-20,3,19.2,27.0,11.4,10.5,0.0,0.0,0.0,0.0,11.7,33.8
2023-07-21,3,20.2,29.2,10.8,10.1,0.0,0.0,0.0,0.0,9.2,22.0
2023-07-22,53,21.8,31.5,12.5,12.3,0.9,0.9,0.0,2.0,7.4,23.0
2023-07-23,1,21.1,29.5,13.1,11.6,0.0,0.0,0.0,0.0,15.6,32.8
2023-07-24,51,23.1,34.5,11.9,11.0,0.1,0.1,0.0,1.0,18.4,43.6
2023-07-25,2,19.5,25.4,12.1,10.5,0.0,0.0,0.0,0.0,22.8,40.3
2023-07-26,2,16.7,24.6,8.6,5.2,0.0,0.0,0.0,0.0,18.5,37.1
2023-07-27,63,13.1,19.1,6.4,4.7,6.7,6.7,0.0,8.0,15.0,31.3
2023-07-28,51,11.6,14.7,9.5,8.4,3.4,3.4,0.0,17.0,13.0,28.1
2023-07-29,3,17.4,24.9,10.8,9.7,0.0,0.0,0.0,0.0,13.6,31.7
2023-07-30,53,20.0,31.8,11.2,10.3,1.6,1.6,0.0,4.0,12.4,32.8
2023-07-31,1,19.9,28.6,12.4,11.7,0.0,0.0,0.0,0.0,10.8,21.6
2023-08-01,2,18.8,26.6,10.5,9.5,0.0,0.0,0.0,0.0,10.8,27.0
2023-08-02,0,19.6,29.6,8.8,7.2,0.0,0.0,0.0,0.0,13.9,32.0
2023-08-03,3,18.1,24.6,12.4,10.2,0.0,0.0,0.0,0.0,20.8,37.8
2023-08-04,51,19.2,25.9,14.9,14.4,0.2,0.2,0.0,2.0,13.0,31.0
2023-08-05,51,18.0,23.8,11.2,10.0,0.3,0.3,0.0,3.0,9.4,21.6
2023-08-06,3,18.7,27.3,9.1,7.9,0.0,0.0,0.0,0.0,12.2,34.2
2023-08-07,53,18.5,26.9,10.4,9.0,0.5,0.5,0.0,1.0,9.1,18.4
2023-08-08,53,17.0,25.9,10.7,9.9,2.5,2.5,0.0,8.0,15.5,27.0
2023-08-09,63,17.3,23.5,12.4,12.4,3.8,3.8,0.0,5.0,13.5,31.3
2023-08-10,3,16.1,21.7,10.3,9.1,0.0,0.0,0.0,0.0,15.8,41.4
2023-08-11,3,16.7,24.2,8.1,5.2,0.0,0.0,0.0,0.0,11.3,31.0
2023-08-12,51,16.6,22.8,11.9,10.6,0.3,0.3,0.0,3.0,12.3,27.7
2023-08-13,2,19.1,29.3,9.1,7.5,0.0,0.0,0.0,0.0,9.1,21.6
2023-08-14,3,23.4,34.5,12.2,10.7,0.0,0.0,0.0,0.0,11.6,27.7
2023-08-15,3,23.1,34.1,11.4,10.8,0.0,0.0,0.0,0.0,21.5,39.2
2023-08-16,1,21.1,28.4,13.4,12.1,0.0,0.0,0.0,0.0,19.1,38.9
2023-08-17,3,23.6,34.3,11.5,10.3,0.0,0.0,0.0,0.0,13.8,33.8
2023-08-18,61,13.1,21.2,6.7,2.2,4.6,4.6,0.0,7.0,25.8,52.2
2023-08-19,51,10.1,16.6,3.3,1.1,0.1,0.1,0.0,1.0,17.9,36.4
2023-08-20,3,12.4,20.2,4.4,1.7,0.0,0.0,0.0,0.0,14.8,37.1
2023-08-21,55,13.0,18.7,6.6,4.9,7.5,7.5,0.0,12.0,13.2,34.9
2023-08-22,53,15.7,19.1,13.7,13.9,7.5,7.5,0.0,21.0,10.4,22.7
2023-08-23,3,16.5,22.2,11.2,7.8,0.0,0.0,0.0,0.0,21.9,46.8
2023-08-24,3,13.4,19.1,7.4,4.7,0.0,0.0,0.0,0.0,22.9,46.1
2023-08-25,3,15.4,23.2,8.2,7.0,0.0,0.0,0.0,0.0,18.6,42.8
2023-08-26,3,19.8,28.3,10.9,9.1,0.0,0.0,0.0,0.0,12.3,26.6
2023-08-27,1,19.1,28.2,10.2,8.2,0.0,0.0,0.0,0.0,10.0,15.8
2023-08-28,0,20.1,31.1,10.8,8.9,0.0,0.0,0.0,0.0,10.1,17.3
2023-08-29,1,20.6,31.0,9.6,7.6,0.0,0.0,0.0,0.0,16.1,38.2
2023-08-30,61,17.6,21.7,12.6,10.1,9.2,9.2,0.0,12.0,22.0,45.4
2023-08-31,61,15.2,17.8,13.3,11.9,6.8,6.8,0.0,14.0,20.9,40.7
2023-09-01,53,17.0,24.9,12.1,11.0,2.6,2.6,0.0,10.0,17.7,31.3
2023-09-02,3,19.9,28.7,12.4,9.7,0.0,0.0,0.0,0.0,14.4,27.4
2023-09-03,61,16.0,23.6,10.0,8.2,2.6,2.6,0.0,6.0,16.2,38.9
2023-09-04,55,9.9,11.2,7.5,5.7,5.7,5.7,0.0,17.0,8.4,19.8
2023-09-05,51,12.6,20.9,7.3,5.4,0.2,0.2,0.0,1.0,15.1,36.7
2023-09-06,53,10.6,17.0,5.7,3.7,1.9,1.9,0.0,6.0,13.4,30.2
2023-09-07,51,11.7,19.5,4.6,2.1,0.3,0.3,0.0,3.0,10.7,28.8
2023-09-08,51,12.1,19.1,6.3,4.0,0.2,0.2,0.0,1.0,8.9,20.5
2023-09-09,0,12.8,21.7,4.3,2.0,0.0,0.0,0.0,0.0,13.8,31.7
2023-09-10,0,13.9,22.6,5.4,2.9,0.0,0.0,0.0,0.0,19.5,44.3
2023-09-11,3,15.6,25.3,5.4,3.1,0.0,0.0,0.0,0.0,12.8,24.8
2023-09-12,53,17.3,24.0,11.7,9.5,0.6,0.6,0.0,1.0,12.5,25.2
2023-09-13,3,15.4,21.3,11.4,8.9,0.0,0.0,0.0,0.0,11.4,32.4
2023-09-14,51,12.5,21.2,4.3,2.0,0.1,0.1,0.0,1.0,11.4,20.2
2023-09-15,1,14.0,27.2,2.9,0.0,0.0,0.0,0.0,0.0,9.5,24.8
2023-09-16,0,17.3,29.4,7.4,3.5,0.0,0.0,0.0,0.0,12.3,24.8
2023-09-17,3,16.2,25.0,8.9,5.2,0.0,0.0,0.0,0.0,19.1,41.8
2023-09-18,61,12.4,19.6,7.2,5.4,4.3,4.3,0.0,5.0,22.8,52.2
2023-09-19,53,8.4,13.9,2.6,-0.4,0.9,0.9,0.0,2.0,11.6,22.3
2023-09-20,53,6.8,8.6,3.7,0.1,1.8,1.8,0.0,9.0,20.2,44.6
2023-09-21,3,9.5,16.0,4.2,1.8,0.0,0.0,0.0,0.0,10.6,24.8
2023-09-22,0,10.6,19.3,3.1,-0.1,0.0,0.0,0.0,0.0,15.9,35.6
2023-09-23,3,13.2,21.2,7.0,4.5,0.0,0.0,0.0,0.0,17.4,39.6
2023-09-24,3,13.0,19.7,8.7,5.5,0.0,0.0,0.0,0.0,12.4,31.3
2023-09-25,51,11.8,20.3,3.0,0.1,0.2,0.2,0.0,1.0,20.7,41.4
2023-09-26,51,14.6,21.3,8.6,5.3,0.1,0.1,0.0,1.0,20.7,47.5
2023-09-27,3,10.9,16.4,5.5,1.7,0.0,0.0,0.0,0.0,12.3,26.6
2023-09-28,55,8.9,16.4,3.8,0.1,1.5,1.5,0.0,2.0,11.5,22.0
2023-09-29,51,6.3,13.2,0.3,-2.7,0.2,0.2,0.0,2.0,11.7,25.6
2023-09-30,53,4.5,5.4,3.5,0.2,10.1,10.1,0.0,22.0,13.8,24.8
2023-10-01,53,5.7,10.9,2.7,0.1,1.5,1.5,0.0,5.0,14.2,32.4
2023-10-02,3,7.7,16.9,0.5,-2.4,0.0,0.0,0.0,0.0,11.4,23.4
2023-10-03,51,8.7,15.7,3.3,0.1,0.8,0.8,0.0,3.0,11.1,21.2
2023-10-04,55,8.2,11.6,2.2,-0.6,4.9,4.9,0.0,13.0,12.7,33.1
2023-10-05,3,4.5,9.9,-0.9,-4.7,0.0,0.0,0.0,0.0,12.7,25.6
2023-10-06,3,8.1,21.7,-2.7,-6.7,0.0,0.0,0.0,0.0,14.3,21.6
2023-10-07,2,13.4,23.2,5.3,1.6,0.0,0.0,0.0,0.0,15.5,34.9
2023-10-08,2,13.8,27.1,4.4,0.7,0.0,0.0,0.0,0.0,12.2,22.7
2023-10-09,1,14.3,25.8,5.2,1.6,0.0,0.0,0.0,0.0,12.1,24.5
2023-10-10,51,13.5,20.3,9.2,5.5,0.3,0.3,0.0,1.0,14.4,35.3
2023-10-11,53,8.5,9.8,6.6,3.4,4.1,4.1,0.0,20.0,15.2,27.7
2023-10-12,61,7.1,8.9,5.7,3.0,8.4,8.4,0.0,15.0,17.1,34.6
2023-10-13,51,6.1,8.9,4.0,0.6,0.7,0.7,0.0,6.0,20.6,41.8
2023-10-14,3,6.3,14.5,1.3,-2.1,0.0,0.0,0.0,0.0,16.1,33.5
2023-10-15,3,9.7,19.2,4.3,1.0,0.0,0.0,0.0,0.0,12.6,26.6
2023-10-16,51,8.4,13.1,3.4,0.4,0.4,0.4,0.0,2.0,16.4,32.0
2023-10-17,61,9.9,15.9,4.2,1.2,4.2,4.2,0.0,6.0,28.0,52.2
2023-10-18,3,12.6,20.0,4.8,1.7,0.0,0.0,0.0,0.0,21.2,42.5
2023-10-19,51,14.0,22.6,8.8,6.0,0.2,0.2,0.0,2.0,16.1,26.6
2023-10-20,51,6.3,10.8,1.3,-1.8,0.4,0.4,0.0,2.0,13.8,33.5
2023-10-21,51,4.9,10.0,0.5,-2.8,0.2,0.2,0.0,2.0,15.6,31.3
2023-10-22,51,2.5,4.4,0.4,-2.8,2.0,2.0,0.0,15.0,13.1,28.4
2023-10-23,73,-1.9,1.7,-6.3,-11.3,10.5,0.2,7.21,23.0,16.2,33.1
2023-10-24,73,-10.2,-6.8,-15.6,-20.1,2.9,0.0,2.03,16.0,13.9,27.0
2023-10-25,3,-13.6,-7.4,-18.3,-23.9,0.0,0.0,0.0,0.0,12.7,16.9
2023-10-26,71,-10.8,-6.7,-17.0,-21.5,0.7,0.0,0.49,7.0,13.1,25.2
2023-10-27,3,-9.5,-4.4,-13.5,-18.5,0.0,0.0,0.0,0.0,11.7,19.8
2023-10-28,71,-5.3,-0.2,-10.3,-15.9,0.4,0.0,0.28,3.0,18.9,35.3
2023-10-29,3,-5.4,3.2,-11.6,-16.3,0.0,0.0,0.0,0.0,14.8,25.2
2023-10-30,3,-1.7,2.1,-5.0,-9.5,0.0,0.0,0.0,0.0,15.7,27.0
2023-10-31,3,1.4,8.7,-4.6,-9.0,0.0,0.0,0.0,0.0,15.6,24.1
2023-11-01,3,-0.5,7.2,-6.6,-11.1,0.0,0.0,0.0,0.0,10.5,15.8
2023-11-02,71,2.4,4.4,0.3,-3.6,0.4,0.0,0.28,4.0,15.1,26.3
2023-11-03,71,3.3,9.8,-1.6,-5.2,0.3,0.0,0.21,3.0,12.3,20.9
2023-11-04,3,4.1,7.2,0.8,-2.8,0.0,0.0,0.0,0.0,15.2,24.8
2023-11-05,3,5.8,12.1,0.9,-3.1,0.0,0.0,0.0,0.0,14.9,32.0
2023-11-06,51,1.7,7.5,-2.3,-6.5,0.3,0.3,0.0,3.0,9.8,22.3
2023-11-07,71,3.0,8.4,-0.9,-4.9,2.2,1.9,0.21,9.0,13.0,31.3
2023-11-08,2,2.2,7.0,-1.0,-6.8,0.0,0.0,0.0,0.0,18.6,40.7
2023-11-09,3,0.9,7.6,-3.1,-7.6,0.0,0.0,0.0,0.0,11.9,22.7
2023-11-10,3,1.4,8.0,-1.7,-6.0,0.0,0.0,0.0,0.0,13.2,27.4
2023-11-11,3,4.5,10.5,-1.9,-6.1,0.0,0.0,0.0,0.0,30.8,65.9
2023-11-12,3,3.5,8.5,0.6,-4.7,0.0,0.0,0.0,0.0,20.8,43.2
2023-11-13,3,3.8,13.6,-2.7,-6.8,0.0,0.0,0.0,0.0,22.4,41.8
2023-11-14,3,1.7,7.1,-1.3,-6.7,0.0,0.0,0.0,0.0,20.8,45.0
2023-11-15,73,-1.2,2.4,-3.4,-7.8,1.5,0.0,1.05,7.0,11.0,24.1
2023-11-16,71,-1.4,6.2,-7.8,-12.4,0.1,0.0,0.07,1.0,18.3,25.2
2023-11-17,3,7.3,15.5,3.4,-2.1,0.0,0.0,0.0,0.0,19.9,38.2
2023-11-18,2,4.8,13.4,-0.1,-4.4,0.0,0.0,0.0,0.0,14.6,22.7
2023-11-19,2,5.2,12.3,0.4,-4.0,0.0,0.0,0.0,0.0,22.5,35.3
2023-11-20,3,1.1,5.7,-2.8,-7.0,0.0,0.0,0.0,0.0,19.6,34.6
2023-11-21,3,6.5,10.8,-1.4,-5.5,0.0,0.0,0.0,0.0,22.9,46.8
2023-11-22,73,-0.5,2.5,-2.6,-5.9,2.7,0.0,1.89,10.0,11.4,25.9
2023-11-23,71,-2.7,0.3,-6.8,-10.7,0.8,0.0,0.56,8.0,10.0,20.5
2023-11-24,3,-5.3,1.4,-11.2,-15.9,0.0,0.0,0.0,0.0,12.0,19.4
2023-11-25,3,-2.2,4.6,-6.3,-11.3,0.0,0.0,0.0,0.0,20.5,38.2
2023-11-26,3,-1.9,4.8,-5.2,-9.4,0.0,0.0,0.0,0.0,14.4,26.3
2023-11-27,3,-1.1,4.9,-5.8,-10.1,0.0,0.0,0.0,0.0,16.2,27.0
2023-11-28,3,1.6,8.5,-2.2,-7.4,0.0,0.0,0.0,0.0,18.0,31.7
2023-11-29,3,-1.6,1.8,-5.6,-9.8,0.0,0.0,0.0,0.0,14.2,25.9
2023-11-30,3,-4.7,-1.3,-8.5,-12.9,0.0,0.0,0.0,0.0,11.0,25.2
2023-12-01,3,-7.0,-1.2,-10.6,-14.8,0.0,0.0,0.0,0.0,11.9,20.9
2023-12-02,71,-3.0,1.0,-6.7,-12.1,0.4,0.0,0.28,4.0,19.1,34.9
2023-12-03,71,-1.7,2.6,-6.2,-11.0,0.3,0.1,0.14,1.0,18.5,29.5
2023-12-04,51,1.6,6.5,-2.6,-7.9,0.1,0.1,0.0,1.0,21.6,42.1
2023-12-05,51,7.2,14.1,2.8,-1.5,0.2,0.2,0.0,1.0,29.1,58.3
2023-12-06,51,1.9,5.9,-1.3,-4.9,0.3,0.3,0.0,3.0,10.9,15.8
2023-12-07,73,-0.2,1.3,-2.3,-5.7,8.9,0.2,6.09,24.0,19.7,43.2
2023-12-08,73,-3.8,-1.6,-9.8,-14.6,6.0,0.0,4.2,20.0,10.7,15.5
2023-12-09,3,-9.5,-3.9,-14.2,-19.7,0.0,0.0,0.0,0.0,14.2,23.4
2023-12-10,73,-3.5,3.4,-11.1,-16.2,0.3,0.0,0.21,1.0,14.9,29.2
2023-12-11,73,-2.8,0.3,-9.6,-14.2,1.1,0.0,0.77,4.0,12.3,23.8
2023-12-12,0,-5.1,0.1,-9.6,-14.2,0.0,0.0,0.0,0.0,15.8,24.8
2023-12-13,3,3.4,9.8,-4.0,-9.0,0.0,0.0,0.0,0.0,17.7,32.0
2023-12-14,73,2.3,5.0,-0.7,-4.1,3.0,0.1,2.03,12.0,17.0,34.9
2023-12-15,3,-2.8,2.2,-8.7,-13.2,0.0,0.0,0.0,0.0,17.7,32.4
2023-12-16,3,0.9,3.6,-1.2,-5.4,0.0,0.0,0.0,0.0,14.6,28.8
2023-12-17,3,-2.2,0.9,-7.6,-12.0,0.0,0.0,0.0,0.0,13.5,29.2
2023-12-18,51,1.9,5.1,-0.6,-5.0,0.1,0.1,0.0,1.0,11.9,20.2
2023-12-19,3,-1.2,0.4,-2.3,-6.0,0.0,0.0,0.0,0.0,10.3,20.9
2023-12-20,3,1.7,8.3,-3.8,-7.8,0.0,0.0,0.0,0.0,15.2,29.2
2023-12-21,51,1.6,5.2,-0.7,-4.9,0.1,0.1,0.0,1.0,12.4,23.0
2023-12-22,3,3.6,9.9,-1.9,-6.2,0.0,0.0,0.0,0.0,14.0,23.8
2023-12-23,73,-3.1,1.5,-11.3,-16.3,2.3,0.2,1.47,8.0,23.1,47.5
2023-12-24,0,-9.9,-0.2,-15.9,-21.0,0.0,0.0,0.0,0.0,14.8,26.6
2023-12-25,3,-4.0,3.2,-10.9,-16.0,0.0,0.0,0.0,0.0,15.2,28.1
2023-12-26,3,0.5,8.1,-2.8,-7.8,0.0,0.0,0.0,0.0,14.9,24.5
2023-12-27,3,-2.1,3.9,-7.0,-11.5,0.0,0.0,0.0,0.0,12.3,23.0
2023-12-28,3,2.9,8.4,-1.0,-5.4,0.0,0.0,0.0,0.0,18.4,32.8
2023-12-29,3,-0.9,5.2,-5.0,-9.1,0.0,0.0,0.0,0.0,11.9,21.2
2023-12-30,3,-1.9,5.5,-6.6,-11.0,0.0,0.0,0.0,0.0,9.0,17.3
2023-12-31,71,3.8,8.8,-1.6,-5.7,0.8,0.7,0.07,3.0,14.0,27.0
2024-01-01,73,-0.5,3.1,-5.9,-9.9,3.6,0.9,1.89,6.0,15.0,28.8
2024-01-02,3,-3.6,0.7,-6.4,-10.8,0.0,0.0,0.0,0.0,8.8,18.0
2024-01-03,3,-5.4,-3.1,-8.2,-12.6,0.0,0.0,0.0,0.0,9.0,22.0
2024-01-04,3,-2.2,3.9,-5.5,-9.7,0.0,0.0,0.0,0.0,12.0,21.6
2024-01-05,73,-2.1,1.8,-6.0,-10.2,1.1,0.0,0.77,6.0,16.5,33.1
2024-01-06,73,-4.4,-1.0,-8.7,-14.9,2.5,0.0,1.75,7.0,19.7,37.8
2024-01-07,73,-13.0,-9.1,-19.3,-24.5,3.0,0.0,2.1,14.0,19.0,38.9
2024-01-08,3,-14.4,-5.7,-19.1,-23.9,0.0,0.0,0.0,0.0,10.6,21.6
2024-01-09,71,-10.6,-6.6,-15.1,-20.8,0.7,0.0,0.49,4.0,18.1,34.6
2024-01-10,73,-20.1,-15.5,-25.2,-30.8,2.6,0.0,1.82,15.0,14.6,28.1
2024-01-11,71,-29.9,-25.9,-32.9,-38.9,0.5,0.0,0.35,5.0,14.4,30.6
2024-01-12,3,-36.9,-32.1,-42.0,-47.3,0.0,0.0,0.0,0.0,12.0,25.6
2024-01-13,2,-36.8,-28.9,-42.9,-48.8,0.0,0.0,0.0,0.0,11.5,17.3
2024-01-14,2,-34.7,-28.4,-39.6,-44.6,0.0,0.0,0.0,0.0,9.4,13.3
2024-01-15,3,-27.0,-14.6,-38.3,-43.9,0.0,0.0,0.0,0.0,13.8,25.6
2024-01-16,73,-9.7,-5.7,-14.0,-19.5,2.7,0.0,1.89,12.0,15.2,25.2
2024-01-17,73,-16.3,-12.9,-17.9,-23.3,5.4,0.0,3.78,24.0,10.9,22.0
2024-01-18,71,-20.9,-16.6,-26.9,-31.8,0.3,0.0,0.21,2.0,12.7,24.5
2024-01-19,3,-21.1,-16.9,-27.5,-32.6,0.0,0.0,0.0,0.0,13.0,25.9
2024-01-20,3,-12.1,-6.9,-17.6,-22.1,0.0,0.0,0.0,0.0,8.1,15.8
2024-01-21,3,-12.0,-10.6,-13.1,-17.5,0.0,0.0,0.0,0.0,10.0,20.2
2024-01-22,3,-14.0,-11.9,-15.6,-20.8,0.0,0.0,0.0,0.0,12.0,27.0
2024-01-23,3,-2.1,3.7,-10.7,-15.1,0.0,0.0,0.0,0.0,12.6,23.8
2024-01-24,3,-2.5,1.7,-5.5,-10.2,0.0,0.0,0.0,0.0,10.7,19.1
2024-01-25,3,0.8,5.2,-2.5,-6.8,0.0,0.0,0.0,0.0,13.3,24.5
2024-01-26,3,-1.4,3.3,-5.4,-9.9,0.0,0.0,0.0,0.0,13.3,23.8
2024-01-27,3,1.8,6.7,-5.1,-9.8,0.0,0.0,0.0,0.0,16.9,23.0
2024-01-28,51,4.9,8.0,1.7,-2.2,0.2,0.2,0.0,2.0,22.3,36.0
2024-01-29,3,4.6,7.4,1.4,-2.5,0.0,0.0,0.0,0.0,14.8,29.2
2024-01-30,3,6.5,8.8,5.0,0.8,0.0,0.0,0.0,0.0,20.0,32.8
2024-01-31,3,3.6,8.8,-1.6,-5.2,0.0,0.0,0.0,0.0,17.5,32.8
2024-02-01,3,5.5,13.4,2.0,-1.9,0.0,0.0,0.0,0.0,15.6,28.8
2024-02-02,3,4.4,11.8,0.7,-3.1,0.0,0.0,0.0,0.0,10.5,21.2
2024-02-03,71,2.5,4.5,-2.1,-7.4,2.3,1.1,0.84,14.0,20.9,41.8
2024-02-04,73,-5.6,-2.6,-8.7,-12.6,5.3,0.0,3.71,21.0,16.9,36.4
2024-02-05,3,-8.4,-3.9,-11.1,-15.0,0.0,0.0,0.0,0.0,8.9,13.7
2024-02-06,71,-7.4,-6.0,-8.7,-12.9,0.1,0.0,0.07,1.0,10.4,23.4
2024-02-07,3,-7.0,-6.3,-8.5,-12.3,0.0,0.0,0.0,0.0,9.9,18.7
2024-02-08,71,-5.3,-3.6,-6.6,-10.5,0.3,0.0,0.21,3.0,9.5,17.3
2024-02-09,71,-7.8,-4.4,-15.1,-20.1,0.7,0.0,0.49,6.0,11.6,23.8
2024-02-10,3,-8.2,1.1,-17.9,-23.3,0.0,0.0,0.0,0.0,14.6,22.3
2024-02-11,73,-2.0,1.5,-4.7,-8.9,0.9,0.0,0.63,4.0,13.7,23.0
2024-02-12,73,-2.4,2.3,-7.1,-11.3,1.5,0.0,1.12,7.0,15.7,36.0
2024-02-13,73,-6.3,-4.4,-13.1,-18.3,1.4,0.0,0.98,11.0,15.5,42.1
2024-02-14,71,-12.8,-6.1,-19.3,-24.8,0.0,0.0,0.07,0.0,15.1,33.1
2024-02-15,71,-12.5,-8.1,-19.5,-24.2,0.2,0.0,0.14,2.0,7.2,11.5
2024-02-16,0,-12.5,-1.6,-20.0,-25.4,0.0,0.0,0.0,0.0,11.3,20.9
2024-02-17,0,-6.5,3.8,-12.6,-18.2,0.0,0.0,0.0,0.0,15.5,26.3
2024-02-18,3,-4.8,3.7,-11.2,-16.3,0.0,0.0,0.0,0.0,14.2,25.6
2024-02-19,3,-4.9,2.7,-9.8,-14.8,0.0,0.0,0.0,0.0,9.8,18.0
2024-02-20,3,-1.4,6.8,-7.6,-12.0,0.0,0.0,0.0,0.0,11.2,22.0
2024-02-21,3,-1.6,4.1,-7.0,-11.3,0.0,0.0,0.0,0.0,10.6,18.0
2024-02-22,3,1.0,8.2,-4.6,-9.4,0.0,0.0,0.0,0.0,17.6,28.4
2024-02-23,3,3.6,8.6,0.5,-4.9,0.0,0.0,0.0,0.0,26.0,41.4
2024-02-24,73,-1.9,4.1,-6.0,-10.7,2.3,0.1,1.54,13.0,24.9,41.8
2024-02-25,71,-3.0,3.3,-9.4,-13.7,0.5,0.0,0.35,3.0,21.4,40.7
2024-02-26,73,-13.9,-1.6,-20.2,-25.1,2.2,0.0,1.54,11.0,29.6,55.8
2024-02-27,71,-20.5,-17.5,-23.2,-27.8,1.0,0.0,0.7,10.0,11.6,26.3
2024-02-28,3,-10.1,2.0,-21.2,-26.4,0.0,0.0,0.0,0.0,16.7,37.8
2024-02-29,71,0.8,7.0,-9.3,-15.3,1.2,0.3,0.63,7.0,27.6,59.4
2024-03-01,73,-11.8,-9.8,-13.3,-18.2,2.7,0.0,1.89,16.0,15.5,35.6
2024-03-02,73,-16.1,-12.4,-21.1,-26.4,6.8,0.0,4.76,18.0,16.6,35.6
2024-03-03,71,-22.2,-17.5,-26.7,-32.7,0.1,0.0,0.07,1.0,13.3,28.1
2024-03-04,3,-22.0,-18.4,-24.6,-29.9,0.0,0.0,0.0,0.0,9.8,16.2
2024-03-05,71,-19.8,-14.8,-24.9,-30.0,0.6,0.0,0.42,6.0,7.9,14.4
2024-03-06,3,-16.0,-10.2,-21.6,-26.1,0.0,0.0,0.0,0.0,10.9,14.8
2024-03-07,1,-13.2,-1.9,-22.8,-28.2,0.0,0.0,0.0,0.0,11.6,20.5
2024-03-08,3,-2.5,4.9,-10.0,-15.3,0.0,0.0,0.0,0.0,13.0,22.7
2024-03-09,3,3.1,9.8,-2.1,-6.3,0.0,0.0,0.0,0.0,21.7,34.6
2024-03-10,3,2.9,7.9,-1.7,-6.3,0.0,0.0,0.0,0.0,22.2,37.8
2024-03-11,3,2.3,7.4,-1.7,-6.2,0.0,0.0,0.0,0.0,12.2,26.3
2024-03-12,3,2.5,8.4,-2.6,-6.9,0.0,0.0,0.0,0.0,10.8,28.1
2024-03-13,71,0.6,5.5,-3.7,-7.9,0.5,0.4,0.07,5.0,17.9,34.6
2024-03-14,3,1.2,9.0,-5.7,-9.8,0.0,0.0,0.0,0.0,14.8,25.2
2024-03-15,3,5.8,12.5,1.5,-2.3,0.0,0.0,0.0,0.0,17.4,31.3
2024-03-16,3,5.4,14.3,-1.3,-5.0,0.0,0.0,0.0,0.0,10.2,18.4
2024-03-17,3,6.0,17.0,-1.8,-5.3,0.0,0.0,0.0,0.0,15.1,28.8
2024-03-18,0,8.7,16.2,2.1,-1.9,0.0,0.0,0.0,0.0,16.9,31.0
2024-03-19,73,1.6,5.5,-1.7,-6.1,1.2,0.1,0.77,8.0,18.0,36.4
2024-03-20,73,-5.8,-2.2,-8.8,-13.2,6.0,0.0,4.2,24.0,15.5,32.4
2024-03-21,73,-8.4,-4.8,-10.7,-14.9,5.6,0.0,3.92,14.0,11.4,20.9
2024-03-22,71,-8.7,-6.6,-11.3,-15.7,1.4,0.0,0.98,14.0,11.8,25.2
2024-03-23,73,-8.3,-7.0,-9.2,-13.6,6.0,0.0,4.2,24.0,10.8,23.8
2024-03-24,73,-8.7,-5.6,-11.1,-16.2,1.1,0.0,0.84,10.0,15.9,28.8
2024-03-25,71,-10.5,-7.2,-14.3,-19.5,0.8,0.0,0.56,8.0,15.5,28.8
2024-03-26,73,-7.1,-1.6,-10.8,-15.4,0.4,0.0,0.28,2.0,10.3,22.0
2024-03-27,3,-0.4,4.9,-6.4,-11.1,0.0,0.0,0.0,0.0,12.6,23.0
2024-03-28,71,-2.3,0.7,-7.0,-11.0,1.0,0.1,0.63,6.0,17.9,32.8
2024-03-29,71,-7.2,-5.6,-9.8,-14.1,1.7,0.0,1.19,15.0,8.5,15.8
2024-03-30,3,-8.2,-0.2,-16.5,-21.4,0.0,0.0,0.0,0.0,12.3,23.4
2024-03-31,3,-1.9,3.9,-7.4,-12.0,0.0,0.0,0.0,0.0,12.4,19.8
2024-04-01,2,4.7,12.1,-1.0,-5.0,0.0,0.0,0.0,0.0,15.3,28.1
2024-04-02,3,8.0,15.6,1.3,-2.5,0.0,0.0,0.0,0.0,21.3,45.7
2024-04-03,53,6.1,10.0,2.6,-0.4,2.0,2.0,0.0,7.0,23.4,49.3
2024-04-04,73,0.4,2.5,-0.6,-4.9,11.6,0.2,7.98,24.0,17.2,33.1
2024-04-05,73,-0.8,0.7,-2.1,-6.1,2.2,0.0,1.54,11.0,13.1,28.4
2024-04-06,71,0.9,4.1,-1.9,-5.4,0.9,0.0,0.63,6.0,11.0,20.5
2024-04-07,51,3.9,9.8,-0.7,-4.0,0.4,0.4,0.0,4.0,10.6,16.2
2024-04-08,3,4.4,10.3,-1.1,-5.6,0.0,0.0,0.0,0.0,14.2,30.2
2024-04-09,53,4.3,12.1,-1.2,-5.3,2.0,2.0,0.0,7.0,22.5,43.6
2024-04-10,3,2.5,9.3,-3.1,-7.2,0.0,0.0,0.0,0.0,12.1,23.4
2024-04-11,3,5.1,12.7,-2.8,-7.7,0.0,0.0,0.0,0.0,13.0,28.4
2024-04-12,51,8.2,15.3,1.7,-2.2,0.1,0.1,0.0,1.0,12.1,26.3
2024-04-13,3,8.5,17.1,-0.2,-3.8,0.0,0.0,0.0,0.0,10.3,23.4
2024-04-14,3,8.4,16.6,-1.2,-5.2,0.0,0.0,0.0,0.0,10.7,21.6
2024-04-15,53,8.7,16.6,3.6,0.2,1.2,1.2,0.0,3.0,21.4,44.3
2024-04-16,73,1.3,2.8,-0.5,-6.8,6.9,1.8,3.57,21.0,25.1,49.0
2024-04-17,71,-0.1,3.5,-2.7,-10.0,0.7,0.0,0.49,7.0,32.3,64.1
2024-04-18,3,-0.7,2.6,-4.0,-9.3,0.0,0.0,0.0,0.0,24.4,51.1
2024-04-19,3,-1.2,3.9,-6.2,-10.7,0.0,0.0,0.0,0.0,11.3,28.4
2024-04-20,0,1.6,10.4,-7.8,-12.1,0.0,0.0,0.0,0.0,20.5,43.2
2024-04-21,51,5.2,11.0,-0.7,-4.9,0.4,0.4,0.0,4.0,25.5,50.4
2024-04-22,3,8.4,14.6,3.4,-2.3,0.0,0.0,0.0,0.0,23.1,53.6
2024-04-23,3,8.8,17.1,-0.8,-5.3,0.0,0.0,0.0,0.0,14.1,34.2
2024-04-24,3,9.5,17.6,-1.0,-5.3,0.0,0.0,0.0,0.0,15.8,31.7
2024-04-25,53,8.7,15.9,0.3,-2.9,0.7,0.7,0.0,3.0,19.5,41.0
2024-04-26,51,5.2,7.3,3.2,-0.3,0.8,0.8,0.0,6.0,18.7,34.6
2024-04-27,53,8.2,15.5,1.7,-2.6,0.6,0.6,0.0,1.0,18.5,43.2
2024-04-28,51,9.6,15.3,3.6,-0.9,0.2,0.2,0.0,2.0,21.3,41.4
2024-04-29,71,6.4,10.5,2.1,-1.5,1.6,1.5,0.07,7.0,12.5,30.6
2024-04-30,73,2.0,5.1,0.3,-3.9,8.8,2.5,4.41,16.0,22.2,50.4
2024-05-01,73,1.2,3.2,-0.5,-4.1,8.1,1.9,4.34,23.0,24.6,45.4
2024-05-02,73,2.9,7.0,0.2,-3.6,4.4,1.2,2.24,18.0,20.6,55.8
2024-05-03,51,6.1,12.2,0.2,-3.5,0.8,0.8,0.0,7.0,13.5,36.4
2024-05-04,3,7.2,14.5,-2.2,-6.0,0.0,0.0,0.0,0.0,15.3,31.7
2024-05-05,51,7.1,13.5,1.2,-2.0,2.2,2.2,0.0,9.0,14.3,35.3
2024-05-06,63,7.9,15.9,1.1,-1.9,7.8,7.8,0.0,10.0,21.9,42.1
2024-05-07,53,5.3,6.1,4.6,-1.9,15.2,15.2,0.0,24.0,35.0,69.8
2024-05-08,51,8.4,13.8,4.9,0.2,0.4,0.4,0.0,3.0,22.5,43.9
2024-05-09,3,12.1,22.2,2.2,-1.6,0.0,0.0,0.0,0.0,14.5,27.0
2024-05-10,3,16.6,26.0,6.9,2.8,0.0,0.0,0.0,0.0,15.9,31.0
2024-05-11,53,16.2,22.8,7.9,3.8,1.1,1.1,0.0,2.0,15.5,27.7
2024-05-12,51,16.0,25.4,6.9,3.8,0.1,0.1,0.0,1.0,16.8,37.1
2024-05-13,53,12.4,17.1,7.7,5.4,2.3,2.3,0.0,7.0,16.9,37.8
2024-05-14,53,12.8,18.7,7.5,5.1,1.0,1.0,0.0,3.0,12.0,23.8
2024-05-15,51,13.4,19.9,6.2,2.9,0.1,0.1,0.0,1.0,18.7,42.8
2024-05-16,61,11.6,18.8,6.8,4.8,6.4,6.4,0.0,14.0,19.6,47.9
2024-05-17,73,6.1,9.7,3.0,-1.4,13.7,12.6,0.77,18.0,18.7,40.7
2024-05-18,53,7.0,12.3,0.7,-3.1,0.8,0.8,0.0,1.0,12.6,26.3
2024-05-19,51,6.4,11.1,1.5,-2.4,0.5,0.5,0.0,4.0,11.9,32.4
2024-05-20,71,5.9,9.2,3.0,-0.2,7.1,7.0,0.07,20.0,15.0,52.2
2024-05-21,53,9.2,14.6,2.9,-0.1,1.8,1.8,0.0,5.0,11.5,22.3
2024-05-22,55,7.3,10.4,5.3,2.1,9.4,9.4,0.0,22.0,14.5,28.4
2024-05-23,55,7.8,10.6,5.6,3.0,3.6,3.6,0.0,13.0,13.6,32.0
2024-05-24,61,8.6,14.3,1.9,-0.9,3.0,3.0,0.0,6.0,7.3,25.6
2024-05-25,55,10.2,15.8,2.9,0.7,2.0,2.0,0.0,5.0,7.4,24.1
2024-05-26,51,10.8,16.2,5.1,1.8,0.1,0.1,0.0,1.0,18.4,40.0
2024-05-27,2,13.8,20.9,5.4,1.8,0.0,0.0,0.0,0.0,13.0,30.6
2024-05-28,55,15.5,22.6,7.8,5.1,1.4,1.4,0.0,3.0,20.2,46.4
2024-05-29,51,12.8,16.4,8.0,3.6,0.2,0.2,0.0,2.0,21.7,47.9
2024-05-30,53,9.3,15.1,5.5,1.1,3.7,3.7,0.0,7.0,17.7,49.0
2024-05-31,51,10.5,15.9,4.6,0.3,0.1,0.1,0.0,1.0,19.5,43.9
2024-06-01,51,11.9,18.9,3.2,-0.7,0.4,0.4,0.0,1.0,13.4,27.4
2024-06-02,3,13.9,20.0,6.3,3.9,0.0,0.0,0.0,0.0,11.7,25.9
2024-06-03,55,13.8,19.2,9.3,6.6,2.1,2.1,0.0,7.0,15.6,40.7
2024-06-04,3,13.6,19.2,8.2,3.1,0.0,0.0,0.0,0.0,27.4,61.6
2024-06-05,3,13.4,19.3,6.2,1.6,0.0,0.0,0.0,0.0,20.1,45.4
2024-06-06,3,14.1,21.4,4.6,1.1,0.0,0.0,0.0,0.0,16.9,42.1
2024-06-07,51,13.9,20.5,7.1,3.3,0.8,0.8,0.0,6.0,15.8,41.0
2024-06-08,51,9.4,13.1,6.6,3.7,0.3,0.3,0.0,3.0,18.6,40.0
2024-06-09,3,11.9,18.9,5.6,2.8,0.0,0.0,0.0,0.0,18.1,43.6
2024-06-10,61,16.2,21.5,11.3,10.1,5.7,5.7,0.0,8.0,13.8,35.3
2024-06-11,51,16.7,25.1,8.1,5.1,0.1,0.1,0.0,1.0,17.3,48.2
2024-06-12,51,14.4,19.7,7.7,4.5,0.3,0.3,0.0,3.0,21.0,47.5
2024-06-13,3,14.6,23.0,4.4,1.4,0.0,0.0,0.0,0.0,14.8,28.4
2024-06-14,3,17.3,24.7,10.3,7.4,0.0,0.0,0.0,0.0,18.8,43.6
2024-06-15,61,10.3,15.6,6.6,3.8,10.0,10.0,0.0,13.0,13.3,30.2
2024-06-16,61,8.4,11.0,6.6,2.4,6.9,6.9,0.0,15.0,25.8,49.7
2024-06-17,61,7.8,12.8,3.8,0.8,6.2,6.2,0.0,12.0,15.8,31.0
2024-06-18,51,7.1,10.9,3.1,-0.2,2.3,2.3,0.0,14.0,10.8,27.4
2024-06-19,51,9.8,15.6,1.8,-1.1,0.4,0.4,0.0,4.0,8.5,25.2
2024-06-20,53,12.2,19.4,3.7,1.1,1.0,1.0,0.0,3.0,8.0,25.9
2024-06-21,53,13.0,20.3,5.0,2.5,1.7,1.7,0.0,3.0,13.9,33.8
2024-06-22,3,16.6,26.0,5.9,3.2,0.0,0.0,0.0,0.0,10.9,24.1
2024-06-23,53,19.0,26.4,10.0,8.2,0.8,0.8,0.0,3.0,18.5,38.5
2024-06-24,2,16.4,21.6,9.0,6.2,0.0,0.0,0.0,0.0,16.4,38.2
2024-06-25,51,14.8,21.7,6.7,4.1,0.1,0.1,0.0,1.0,15.3,32.8
2024-06-26,53,15.8,22.4,8.8,6.3,1.4,1.4,0.0,5.0,21.3,47.5
2024-06-27,63,12.1,15.0,10.0,6.4,19.6,19.6,0.0,14.0,28.2,44.6
2024-06-28,63,13.5,18.0,9.5,5.5,17.4,17.4,0.0,18.0,27.8,58.3
2024-06-29,51,14.8,22.1,6.1,4.1,0.2,0.2,0.0,2.0,19.7,35.6
2024-06-30,53,14.3,19.1,11.0,9.5,2.6,2.6,0.0,10.0,12.1,24.8
2024-07-01,53,15.6,20.5,12.1,10.5,2.4,2.4,0.0,7.0,16.4,46.4
2024-07-02,53,15.2,20.3,12.1,9.8,2.5,2.5,0.0,7.0,14.9,33.8
2024-07-03,53,12.8,15.8,9.7,7.2,4.1,4.1,0.0,13.0,22.7,50.8
2024-07-04,53,16.1,21.8,10.9,9.1,1.1,1.1,0.0,3.0,11.1,22.3
2024-07-05,51,16.9,24.3,9.4,7.2,0.4,0.4,0.0,3.0,11.4,23.4
2024-07-06,51,18.3,23.2,12.7,10.2,0.4,0.4,0.0,3.0,18.1,36.4
2024-07-07,1,19.1,27.4,9.5,7.8,0.0,0.0,0.0,0.0,15.5,30.2
2024-07-08,3,22.2,30.1,12.5,10.6,0.0,0.0,0.0,0.0,13.5,25.9
2024-07-09,51,22.5,30.4,13.5,13.1,0.2,0.2,0.0,2.0,19.8,40.7
2024-07-10,51,24.4,33.9,13.5,12.9,0.6,0.6,0.0,3.0,11.8,29.2
2024-07-11,51,23.0,30.0,13.7,11.9,0.6,0.6,0.0,5.0,14.7,39.2
2024-07-12,63,19.1,24.1,13.9,12.2,6.3,6.3,0.0,4.0,21.7,43.9
2024-07-13,51,19.5,28.7,10.3,9.0,0.7,0.7,0.0,3.0,14.9,28.8
2024-07-14,51,17.7,22.1,12.1,11.8,0.1,0.1,0.0,1.0,14.5,36.0
2024-07-15,51,20.1,28.3,11.7,10.8,0.4,0.4,0.0,1.0,12.1,26.6
2024-07-16,53,21.9,29.2,13.9,13.7,1.2,1.2,0.0,7.0,13.2,30.6
2024-07-17,53,22.9,32.0,13.8,14.7,1.1,1.1,0.0,3.0,15.4,27.4
2024-07-18,51,22.3,30.1,14.7,15.3,0.1,0.1,0.0,1.0,15.0,32.0
2024-07-19,3,22.9,32.9,13.6,13.0,0.0,0.0,0.0,0.0,12.5,31.3
2024-07-20,51,23.0,32.0,13.6,12.7,0.4,0.4,0.0,2.0,10.7,26.3
2024-07-21,3,24.6,33.9,14.7,15.0,0.0,0.0,0.0,0.0,15.2,35.6
2024-07-22,3,24.3,32.7,15.1,14.6,0.0,0.0,0.0,0.0,19.2,45.0
2024-07-23,1,25.9,35.0,16.0,15.5,0.0,0.0,0.0,0.0,15.1,31.7
2024-07-24,3,24.9,34.2,17.1,18.6,0.0,0.0,0.0,0.0,19.5,39.6
2024-07-25,61,18.3,22.7,12.6,8.4,3.3,3.3,0.0,6.0,21.1,53.3
2024-07-26,3,17.0,23.4,10.7,7.0,0.0,0.0,0.0,0.0,23.6,45.4
2024-07-27,51,15.8,23.3,9.4,6.1,0.1,0.1,0.0,1.0,15.3,33.5
2024-07-28,3,18.6,27.0,8.6,6.3,0.0,0.0,0.0,0.0,10.8,25.9
2024-07-29,51,20.0,28.1,10.7,7.9,0.1,0.1,0.0,1.0,14.6,35.6
2024-07-30,53,19.4,26.5,12.4,12.0,1.0,1.0,0.0,3.0,7.2,21.6
2024-07-31,0,22.3,30.9,12.7,10.1,0.0,0.0,0.0,0.0,16.5,35.6
2024-08-01,2,22.1,33.0,10.9,9.8,0.0,0.0,0.0,0.0,17.1,40.3
2024-08-02,3,21.7,29.3,15.1,12.8,0.0,0.0,0.0,0.0,20.7,41.8
2024-08-03,61,19.6,27.9,13.2,11.6,1.4,1.4,0.0,2.0,22.4,31.0
2024-08-04,51,18.3,26.7,10.4,9.5,0.7,0.7,0.0,4.0,15.4,37.8
2024-08-05,63,17.8,24.1,12.5,11.8,6.0,6.0,0.0,6.0,12.0,29.2
2024-08-06,63,14.1,16.0,12.7,12.1,6.0,6.0,0.0,9.0,16.2,33.1
2024-08-07,61,13.8,17.7,11.2,10.2,10.4,10.4,0.0,22.0,9.0,23.8
2024-08-08,51,14.2,21.4,5.9,4.0,0.8,0.8,0.0,6.0,12.7,30.2
2024-08-09,1,15.6,23.5,6.6,4.6,0.0,0.0,0.0,0.0,15.7,38.2
2024-08-10,51,16.1,24.4,7.1,5.1,0.1,0.1,0.0,1.0,15.1,37.4
2024-08-11,53,17.7,26.2,9.1,7.6,1.3,1.3,0.0,2.0,11.1,31.3
2024-08-12,53,16.7,25.2,9.4,8.2,1.2,1.2,0.0,2.0,16.0,33.8
2024-08-13,51,18.0,26.9,9.7,7.4,0.1,0.1,0.0,1.0,11.0,23.0
2024-08-14,61,17.9,26.0,11.5,9.9,1.4,1.4,0.0,2.0,10.8,21.6
2024-08-15,53,18.5,25.2,12.0,11.4,1.2,1.2,0.0,3.0,16.7,40.0
2024-08-16,63,15.7,18.2,13.4,13.6,10.2,10.2,0.0,18.0,11.1,38.2
2024-08-17,51,16.6,23.1,10.8,9.8,0.3,0.3,0.0,3.0,9.5,22.3
2024-08-18,3,18.1,26.8,10.2,9.4,0.0,0.0,0.0,0.0,16.3,33.5
2024-08-19,51,20.7,30.7,10.5,9.4,0.6,0.6,0.0,2.0,13.7,31.3
2024-08-20,51,18.9,27.0,11.1,9.8,0.3,0.3,0.0,1.0,16.2,38.5
2024-08-21,61,14.2,19.0,9.3,6.9,4.1,4.1,0.0,9.0,15.1,32.4
2024-08-22,51,14.4,22.2,8.7,6.8,0.1,0.1,0.0,1.0,12.2,28.1
2024-08-23,63,17.2,26.4,8.1,6.5,5.0,5.0,0.0,3.0,17.2,36.7
2024-08-24,3,15.7,21.4,11.0,7.6,0.0,0.0,0.0,0.0,28.7,59.8
2024-08-25,51,16.0,23.1,8.6,5.7,0.2,0.2,0.0,2.0,15.1,30.2
2024-08-26,3,16.6,25.7,6.7,4.2,0.0,0.0,0.0,0.0,10.9,27.7
2024-08-27,51,16.1,23.9,9.9,5.9,0.4,0.4,0.0,4.0,20.6,49.7
2024-08-28,63,8.5,10.6,6.0,2.0,27.6,27.6,0.0,21.0,33.8,76.7
2024-08-29,1,15.0,24.0,6.2,2.7,0.0,0.0,0.0,0.0,18.8,32.0
2024-08-30,3,17.7,26.2,8.0,5.3,0.0,0.0,0.0,0.0,14.8,33.1
2024-08-31,0,16.6,25.2,8.2,6.7,0.0,0.0,0.0,0.0,15.3,37.4
2024-09-01,3,19.3,30.8,8.4,6.7,0.0,0.0,0.0,0.0,10.7,19.8
2024-09-02,3,21.6,32.0,11.8,8.8,0.0,0.0,0.0,0.0,13.1,23.4
2024-09-03,51,19.7,26.0,13.2,11.5,0.3,0.3,0.0,3.0,15.6,30.2
2024-09-04,3,15.1,18.4,11.6,9.8,0.0,0.0,0.0,0.0,18.2,35.3
2024-09-05,0,16.7,27.5,5.9,3.8,0.0,0.0,0.0,0.0,11.4,22.3
2024-09-06,0,19.7,32.9,7.4,4.9,0.0,0.0,0.0,0.0,11.0,21.2
2024-09-07,1,20.4,31.5,10.7,7.3,0.0,0.0,0.0,0.0,13.3,21.2
2024-09-08,2,19.0,30.8,8.2,5.8,0.0,0.0,0.0,0.0,9.6,22.0
2024-09-09,53,16.8,26.5,10.4,9.6,1.3,1.3,0.0,4.0,21.6,46.4
2024-09-10,53,12.1,17.6,8.0,6.2,3.6,3.6,0.0,13.0,17.6,37.4
2024-09-11,53,10.2,14.8,6.5,4.3,2.6,2.6,0.0,8.0,11.1,24.5
2024-09-12,63,9.8,10.4,9.1,5.4,18.4,18.4,0.0,22.0,25.1,41.0
2024-09-13,51,13.2,19.6,9.3,6.0,1.3,1.3,0.0,6.0,21.2,41.8
2024-09-14,51,11.4,16.9,5.9,3.7,0.3,0.3,0.0,2.0,13.3,29.9
2024-09-15,3,10.7,18.3,4.1,1.7,0.0,0.0,0.0,0.0,10.2,23.4
2024-09-16,0,12.7,22.2,4.2,1.7,0.0,0.0,0.0,0.0,9.6,17.6
2024-09-17,3,11.8,19.7,5.3,3.2,0.0,0.0,0.0,0.0,14.3,30.2
2024-09-18,51,13.0,20.5,6.5,4.0,0.1,0.1,0.0,1.0,20.7,46.8
2024-09-19,53,12.5,19.5,5.8,3.9,1.6,1.6,0.0,5.0,10.3,24.5
2024-09-20,61,7.1,10.0,3.7,0.7,6.4,6.4,0.0,11.0,21.9,47.5
2024-09-21,3,7.7,16.9,-0.2,-3.3,0.0,0.0,0.0,0.0,10.1,31.3
2024-09-22,3,14.1,22.2,6.8,3.7,0.0,0.0,0.0,0.0,14.9,33.5
2024-09-23,3,14.7,23.0,7.1,4.4,0.0,0.0,0.0,0.0,16.4,27.0
2024-09-24,3,18.8,27.5,12.0,9.4,0.0,0.0,0.0,0.0,14.8,24.1
2024-09-25,3,20.3,29.4,13.3,11.4,0.0,0.0,0.0,0.0,21.6,45.7
2024-09-26,53,12.9,17.6,7.1,3.9,1.2,1.2,0.0,5.0,24.6,42.5
2024-09-27,2,14.2,21.6,7.8,3.9,0.0,0.0,0.0,0.0,24.9,55.1
2024-09-28,3,10.2,17.0,3.3,-0.3,0.0,0.0,0.0,0.0,13.9,28.8
2024-09-29,51,8.5,15.0,4.9,0.5,1.1,1.1,0.0,5.0,24.3,50.8
2024-09-30,3,6.9,14.3,-0.0,-3.5,0.0,0.0,0.0,0.0,14.1,35.6
2024-10-01,3,10.6,18.1,5.0,1.7,0.0,0.0,0.0,0.0,15.9,33.1
2024-10-02,51,6.5,10.7,2.8,-0.6,0.8,0.8,0.0,6.0,15.6,29.9
2024-10-03,3,5.9,13.9,0.3,-3.4,0.0,0.0,0.0,0.0,11.1,28.1
2024-10-04,3,8.6,20.0,0.7,-3.0,0.0,0.0,0.0,0.0,21.5,44.3
2024-10-05,2,9.4,16.2,3.9,-0.1,0.0,0.0,0.0,0.0,16.9,30.2
2024-10-06,3,11.5,19.8,5.9,2.5,0.0,0.0,0.0,0.0,9.8,20.9
2024-10-07,2,13.2,24.6,4.4,0.7,0.0,0.0,0.0,0.0,12.1,24.8
2024-10-08,3,12.9,21.7,5.2,1.6,0.0,0.0,0.0,0.0,14.7,29.2
2024-10-09,51,8.2,16.8,2.2,-0.1,0.1,0.1,0.0,1.0,11.7,25.2
2024-10-10,51,6.6,13.8,1.0,-2.2,0.1,0.1,0.0,1.0,11.1,20.2
2024-10-11,3,4.5,13.1,-1.9,-5.2,0.0,0.0,0.0,0.0,8.9,23.0
2024-10-12,3,4.8,13.7,-3.6,-7.2,0.0,0.0,0.0,0.0,11.7,27.0
2024-10-13,3,9.1,23.2,-0.6,-4.0,0.0,0.0,0.0,0.0,12.5,23.4
2024-10-14,3,13.7,24.7,5.6,1.7,0.0,0.0,0.0,0.0,13.2,26.6
2024-10-15,3,11.1,16.9,7.0,3.7,0.0,0.0,0.0,0.0,10.8,22.7
2024-10-16,51,10.3,18.4,3.8,1.4,0.2,0.2,0.0,1.0,17.8,30.6
2024-10-17,3,4.6,10.9,-2.3,-6.1,0.0,0.0,0.0,0.0,17.6,31.7
2024-10-18,3,3.4,10.5,-4.9,-9.0,0.0,0.0,0.0,0.0,17.4,35.3
2024-10-19,3,11.8,18.4,5.8,1.5,0.0,0.0,0.0,0.0,21.2,41.0
2024-10-20,3,11.1,18.5,4.9,1.9,0.0,0.0,0.0,0.0,21.2,40.7
2024-10-21,73,0.9,11.9,-3.6,-6.6,9.1,0.3,6.16,19.0,25.0,47.5
2024-10-22,71,-0.6,6.3,-4.7,-8.5,0.2,0.0,0.14,1.0,14.9,29.5
2024-10-23,1,2.9,9.6,-1.4,-6.2,0.0,0.0,0.0,0.0,16.6,29.2
2024-10-24,3,3.4,9.8,-1.6,-6.0,0.0,0.0,0.0,0.0,17.7,39.2
2024-10-25,3,1.0,8.3,-6.6,-10.8,0.0,0.0,0.0,0.0,13.5,29.5
2024-10-26,3,7.8,16.5,0.7,-2.8,0.0,0.0,0.0,0.0,16.5,30.6
2024-10-27,3,9.7,17.5,5.4,1.6,0.0,0.0,0.0,0.0,31.0,67.3
2024-10-28,3,4.7,10.1,0.8,-2.7,0.0,0.0,0.0,0.0,11.1,30.2
2024-10-29,73,0.9,5.1,-3.1,-6.8,0.9,0.1,0.56,5.0,11.7,28.4
2024-10-30,2,-0.3,9.0,-6.0,-10.2,0.0,0.0,0.0,0.0,9.3,15.8
2024-10-31,3,-1.9,3.7,-4.7,-9.1,0.0,0.0,0.0,0.0,12.1,27.4
2024-11-01,3,-1.6,3.5,-5.0,-8.6,0.0,0.0,0.0,0.0,10.0,24.8
2024-11-02,73,0.6,6.6,-3.0,-6.4,1.6,0.1,1.05,7.0,12.1,20.9
2024-11-03,71,0.1,7.7,-4.2,-8.1,0.2,0.0,0.14,1.0,14.3,22.7
2024-11-04,73,1.0,5.4,-3.9,-8.3,0.8,0.1,0.49,4.0,14.2,23.8
2024-11-05,73,0.2,2.4,-5.4,-9.5,3.1,0.6,1.75,15.0,23.8,49.0
2024-11-06,3,1.7,12.2,-5.6,-9.8,0.0,0.0,0.0,0.0,19.1,31.7
2024-11-07,3,9.8,15.9,5.9,0.7,0.0,0.0,0.0,0.0,24.9,42.8
2024-11-08,3,10.1,16.4,5.7,1.1,0.0,0.0,0.0,0.0,21.6,45.7
2024-11-09,71,4.2,8.0,0.9,-1.8,0.9,0.6,0.21,4.0,17.9,34.6
2024-11-10,3,1.4,4.4,-0.7,-4.0,0.0,0.0,0.0,0.0,15.9,33.8
2024-11-11,3,4.8,11.7,0.6,-3.5,0.0,0.0,0.0,0.0,19.0,31.7
2024-11-12,3,3.7,10.0,-1.0,-5.7,0.0,0.0,0.0,0.0,14.2,25.9
2024-11-13,51,2.3,7.4,-2.9,-6.9,0.1,0.1,0.0,1.0,14.2,28.1
2024-11-14,3,2.5,6.0,-2.0,-5.1,0.0,0.0,0.0,0.0,14.0,26.3
2024-11-15,3,-1.6,1.8,-3.6,-7.1,0.0,0.0,0.0,0.0,11.5,24.8
2024-11-16,3,-0.9,5.0,-5.3,-9.5,0.0,0.0,0.0,0.0,19.0,23.8
2024-11-17,51,3.9,9.8,-1.1,-4.9,0.1,0.1,0.0,1.0,20.8,43.9
2024-11-18,75,-2.5,-1.3,-5.8,-9.2,12.1,0.0,8.47,22.0,13.2,29.5
2024-11-19,71,-6.8,-5.1,-8.5,-12.4,0.7,0.0,0.49,7.0,8.0,16.6
2024-11-20,71,-9.7,-9.0,-11.0,-15.9,0.9,0.0,0.63,8.0,13.5,39.2
2024-11-21,73,-11.2,-10.3,-13.0,-17.7,5.9,0.0,4.13,14.0,11.0,18.4
2024-11-22,73,-13.9,-11.4,-18.5,-22.8,2.6,0.0,1.82,10.0,10.5,19.4
2024-11-23,75,-11.5,-10.8,-12.8,-18.7,11.8,0.0,8.26,20.0,16.6,29.2
2024-11-24,3,-15.0,-12.6,-21.5,-26.3,0.0,0.0,0.0,0.0,15.6,27.7
2024-11-25,71,-17.4,-13.2,-21.6,-26.8,0.3,0.0,0.21,3.0,9.4,15.8
2024-11-26,3,-13.6,-5.6,-19.7,-24.8,0.0,0.0,0.0,0.0,14.4,31.0
2024-11-27,71,-13.3,-9.6,-17.4,-21.8,0.4,0.0,0.28,4.0,10.2,18.0
2024-11-28,3,-16.4,-14.5,-18.9,-23.7,0.0,0.0,0.0,0.0,7.4,14.4
2024-11-29,3,-16.9,-15.7,-17.7,-22.5,0.0,0.0,0.0,0.0,8.6,17.3
2024-11-30,3,-16.2,-12.9,-18.7,-23.5,0.0,0.0,0.0,0.0,13.0,23.4
2024-12-01,3,-18.7,-15.8,-22.8,-27.4,0.0,0.0,0.0,0.0,11.0,22.0
2024-12-02,3,-6.5,1.2,-18.2,-23.0,0.0,0.0,0.0,0.0,19.1,32.0
2024-12-03,3,3.6,5.8,-0.2,-4.2,0.0,0.0,0.0,0.0,24.1,40.7
2024-12-04,71,-3.5,-0.9,-4.6,-9.0,0.2,0.1,0.07,2.0,12.0,27.0
2024-12-05,3,-0.0,5.5,-4.2,-8.9,0.0,0.0,0.0,0.0,16.8,28.4
2024-12-06,3,3.9,6.8,2.2,-2.8,0.0,0.0,0.0,0.0,18.0,33.1
2024-12-07,51,2.0,4.1,-0.1,-4.5,0.4,0.4,0.0,3.0,14.2,24.8
2024-12-08,71,0.9,2.6,-1.8,-5.7,0.4,0.0,0.28,4.0,19.6,37.4
2024-12-09,2,-3.4,0.4,-5.6,-10.1,0.0,0.0,0.0,0.0,12.5,22.3
2024-12-10,3,-3.9,-1.6,-6.4,-10.8,0.0,0.0,0.0,0.0,11.3,19.8
2024-12-11,3,-3.1,2.2,-6.7,-10.9,0.0,0.0,0.0,0.0,8.9,17.6
2024-12-12,3,-5.8,-1.9,-9.3,-13.7,0.0,0.0,0.0,0.0,8.3,18.0
2024-12-13,3,-2.3,3.9,-6.5,-11.3,0.0,0.0,0.0,0.0,13.2,23.0
2024-12-14,3,0.4,4.5,-3.5,-7.9,0.0,0.0,0.0,0.0,20.9,48.2
2024-12-15,71,-2.2,1.3,-6.4,-10.8,0.1,0.0,0.07,1.0,11.6,22.3
2024-12-16,71,-7.2,-5.4,-9.9,-14.0,0.2,0.0,0.14,2.0,10.0,22.0
2024-12-17,71,-13.9,-10.2,-15.4,-20.5,0.8,0.0,0.56,8.0,11.1,22.3
2024-12-18,73,-15.1,-14.0,-16.8,-21.2,2.6,0.0,1.82,17.0,16.6,37.1
2024-12-19,3,-10.3,-1.7,-16.8,-21.6,0.0,0.0,0.0,0.0,11.7,21.2
2024-12-20,51,-1.1,4.9,-9.2,-14.4,0.4,0.4,0.0,2.0,16.8,24.5
2024-12-21,3,0.3,3.7,-3.1,-7.4,0.0,0.0,0.0,0.0,16.6,27.7
2024-12-22,51,1.5,5.0,-3.2,-7.4,2.1,2.1,0.0,8.0,15.8,31.3
2024-12-23,3,1.4,7.0,-4.8,-9.6,0.0,0.0,0.0,0.0,20.7,37.8
2024-12-24,3,1.9,8.4,-4.0,-8.4,0.0,0.0,0.0,0.0,18.9,36.0
2024-12-25,3,1.5,4.9,-1.0,-5.7,0.0,0.0,0.0,0.0,20.4,40.0
2024-12-26,3,0.4,4.3,-2.4,-7.0,0.0,0.0,0.0,0.0,12.3,24.5
2024-12-27,2,0.7,5.2,-2.8,-7.2,0.0,0.0,0.0,0.0,14.8,28.4
2024-12-28,3,-2.0,2.3,-4.2,-8.7,0.0,0.0,0.0,0.0,8.5,17.3
2024-12-29,3,-3.8,-0.7,-5.7,-10.1,0.0,0.0,0.0,0.0,8.1,17.3
2024-12-30,71,-4.0,-2.5,-5.6,-9.5,0.5,0.0,0.35,5.0,10.8,25.6
2024-12-31,71,-6.8,-5.2,-9.6,-14.3,1.7,0.0,1.19,14.0,9.1,24.1
2025-01-01,71,-11.6,-9.4,-13.4,-18.0,1.3,0.0,0.91,13.0,8.0,17.3
2025-01-02,3,-14.2,-12.8,-16.1,-21.0,0.0,0.0,0.0,0.0,8.5,19.1
2025-01-03,3,-15.1,-13.3,-16.7,-22.0,0.0,0.0,0.0,0.0,15.8,32.8
2025-01-04,71,-14.0,-12.9,-15.6,-20.1,1.0,0.0,0.7,10.0,13.4,27.0
2025-01-05,3,-15.2,-11.4,-19.4,-23.9,0.0,0.0,0.0,0.0,5.2,11.5
2025-01-06,3,-9.5,-2.6,-15.4,-20.0,0.0,0.0,0.0,0.0,10.8,19.8
2025-01-07,3,-4.3,4.8,-11.1,-16.5,0.0,0.0,0.0,0.0,22.5,37.4
2025-01-08,51,3.8,6.3,-1.0,-5.6,0.1,0.1,0.0,1.0,29.3,53.3
2025-01-09,3,-2.7,2.1,-6.4,-11.1,0.0,0.0,0.0,0.0,12.4,22.3
2025-01-10,71,2.5,4.8,-1.3,-6.0,0.6,0.4,0.14,4.0,20.4,37.1
2025-01-11,73,1.6,3.0,0.5,-4.9,2.0,0.2,1.26,12.0,19.9,38.2
2025-01-12,73,-0.2,2.9,-3.9,-8.1,1.2,0.0,0.84,5.0,13.1,24.1
2025-01-13,3,-1.1,5.9,-4.4,-9.4,0.0,0.0,0.0,0.0,13.7,25.9
2025-01-14,3,0.9,6.1,-4.2,-9.2,0.0,0.0,0.0,0.0,20.7,35.3
2025-01-15,3,4.2,7.2,0.8,-2.9,0.0,0.0,0.0,0.0,20.1,36.4
2025-01-16,71,3.6,7.6,-2.0,-8.2,0.7,0.6,0.07,2.0,28.7,57.6
2025-01-17,71,-7.3,-2.8,-9.3,-15.6,0.8,0.0,0.56,8.0,34.3,67.0
2025-01-18,3,-14.8,-9.8,-17.0,-22.1,0.0,0.0,0.0,0.0,24.4,49.3
2025-01-19,71,-14.2,-12.2,-16.8,-21.2,0.1,0.0,0.07,1.0,17.0,37.4
2025-01-20,3,-12.1,-3.0,-20.6,-26.0,0.0,0.0,0.0,0.0,19.7,35.3
2025-01-21,71,-1.0,1.9,-3.1,-9.7,0.1,0.0,0.07,1.0,25.6,54.7
2025-01-22,71,-1.5,2.4,-6.9,-11.6,0.1,0.0,0.07,1.0,24.4,49.3
2025-01-23,71,-1.5,4.7,-8.7,-13.5,0.3,0.0,0.21,3.0,20.2,42.1
2025-01-24,71,-3.0,-0.6,-5.1,-10.3,0.4,0.0,0.28,3.0,33.8,68.0
2025-01-25,3,-4.4,1.3,-8.8,-14.0,0.0,0.0,0.0,0.0,14.0,26.6
2025-01-26,3,-1.2,7.5,-6.9,-12.3,0.0,0.0,0.0,0.0,19.6,34.2
2025-01-27,3,2.0,9.5,-3.0,-8.2,0.0,0.0,0.0,0.0,19.0,33.8
2025-01-28,3,3.1,10.0,-0.6,-6.0,0.0,0.0,0.0,0.0,20.2,34.9
2025-01-29,3,3.3,9.0,-1.0,-4.9,0.0,0.0,0.0,0.0,24.1,44.3
2025-01-30,3,-0.5,1.9,-3.0,-7.3,0.0,0.0,0.0,0.0,19.4,42.8
2025-01-31,71,-3.4,-0.4,-5.3,-9.8,0.5,0.0,0.35,5.0,11.5,26.3
2025-02-01,71,-12.5,-5.3,-18.5,-23.6,0.2,0.0,0.14,2.0,19.8,42.1
2025-02-02,71,-23.3,-18.7,-26.2,-31.6,1.1,0.0,0.84,10.0,15.3,28.8
2025-02-03,71,-24.9,-22.3,-27.8,-33.2,0.6,0.0,0.42,6.0,10.0,23.8
2025-02-04,71,-24.3,-22.9,-25.2,-30.2,1.5,0.0,1.05,12.0,11.5,20.5
2025-02-05,73,-22.9,-20.4,-25.0,-30.2,2.6,0.0,1.82,16.0,9.1,16.6
2025-02-06,3,-18.8,-9.1,-26.9,-32.4,0.0,0.0,0.0,0.0,13.1,23.4
2025-02-07,3,-16.6,-8.6,-22.6,-27.6,0.0,0.0,0.0,0.0,14.9,33.8
2025-02-08,3,-13.8,-8.1,-17.6,-22.5,0.0,0.0,0.0,0.0,13.2,24.8
2025-02-09,71,-15.0,-13.2,-18.7,-23.6,0.8,0.0,0.56,8.0,13.6,30.2
2025-02-10,71,-20.2,-14.1,-26.5,-32.0,0.1,0.0,0.07,1.0,15.9,29.9
2025-02-11,71,-16.7,-12.1,-22.3,-28.0,0.7,0.0,0.49,7.0,17.7,40.7
2025-02-12,3,-15.5,-6.9,-23.1,-28.4,0.0,0.0,0.0,0.0,13.0,21.6
2025-02-13,71,-12.6,-10.9,-15.1,-20.4,0.7,0.0,0.49,7.0,12.4,28.4
2025-02-14,71,-18.2,-15.6,-20.0,-24.7,2.0,0.0,1.4,16.0,10.1,20.5
2025-02-15,3,-20.6,-15.7,-25.3,-29.7,0.0,0.0,0.0,0.0,6.4,15.1
2025-02-16,3,-20.0,-15.0,-23.8,-29.0,0.0,0.0,0.0,0.0,13.5,27.0
2025-02-17,3,-21.5,-16.9,-24.3,-30.0,0.0,0.0,0.0,0.0,16.7,36.0
2025-02-18,71,-22.0,-17.5,-25.3,-31.4,0.4,0.0,0.28,4.0,14.8,29.5
2025-02-19,3,-19.8,-11.4,-26.0,-31.7,0.0,0.0,0.0,0.0,13.3,25.6
2025-02-20,3,-3.6,5.7,-16.7,-21.5,0.0,0.0,0.0,0.0,12.8,26.3
2025-02-21,3,1.5,7.7,-3.1,-8.3,0.0,0.0,0.0,0.0,16.4,27.0
2025-02-22,3,3.2,10.3,-3.1,-7.7,0.0,0.0,0.0,0.0,15.3,28.8
2025-02-23,3,6.1,9.5,-0.1,-4.3,0.0,0.0,0.0,0.0,32.6,64.4
2025-02-24,3,4.0,10.2,-0.2,-4.4,0.0,0.0,0.0,0.0,17.9,38.9
2025-02-25,71,4.6,10.5,1.2,-2.5,0.1,0.0,0.07,1.0,15.2,33.1
2025-02-26,3,4.8,12.2,-0.6,-5.3,0.0,0.0,0.0,0.0,15.5,28.4
2025-02-27,3,7.4,14.0,2.1,-2.4,0.0,0.0,0.0,0.0,24.6,48.2
2025-02-28,3,4.4,11.7,-1.7,-5.3,0.0,0.0,0.0,0.0,9.7,20.9
2025-03-01,3,5.4,14.0,-0.6,-4.3,0.0,0.0,0.0,0.0,9.6,16.9
2025-03-02,3,4.3,13.0,-1.3,-5.4,0.0,0.0,0.0,0.0,13.5,25.9
2025-03-03,73,0.6,1.5,-1.7,-5.3,4.5,0.2,3.01,16.0,12.8,28.1
2025-03-04,3,-0.8,6.5,-6.8,-11.0,0.0,0.0,0.0,0.0,14.5,34.9
2025-03-05,3,0.9,4.5,-2.0,-5.7,0.0,0.0,0.0,0.0,10.8,19.4
2025-03-06,3,-1.5,6.6,-8.7,-13.2,0.0,0.0,0.0,0.0,10.4,18.0
2025-03-07,3,2.1,10.5,-3.9,-8.6,0.0,0.0,0.0,0.0,15.7,25.6
2025-03-08,3,6.7,12.5,3.0,-1.8,0.0,0.0,0.0,0.0,17.5,30.2
2025-03-09,3,6.3,11.3,1.2,-3.1,0.0,0.0,0.0,0.0,33.8,70.6
2025-03-10,75,-0.7,2.9,-3.6,-8.2,4.6,0.2,3.08,10.0,19.5,41.4
2025-03-11,3,0.3,5.7,-4.9,-9.2,0.0,0.0,0.0,0.0,13.1,25.6
2025-03-12,3,-0.1,4.9,-3.2,-7.6,0.0,0.0,0.0,0.0,13.5,29.9
2025-03-13,73,-2.1,2.3,-6.9,-12.1,0.9,0.1,0.56,5.0,22.2,53.6
2025-03-14,71,-7.2,-3.3,-9.8,-14.4,0.7,0.0,0.49,7.0,10.4,28.8
2025-03-15,71,-8.1,-5.5,-10.0,-15.0,0.2,0.0,0.14,2.0,11.1,28.4
2025-03-16,71,-6.9,-4.2,-8.7,-13.4,0.6,0.0,0.42,6.0,10.8,25.9
2025-03-17,51,-1.8,5.8,-8.0,-12.5,0.1,0.1,0.0,1.0,11.9,27.4
2025-03-18,71,-1.8,2.8,-4.8,-9.7,0.5,0.0,0.35,5.0,15.8,31.0
2025-03-19,3,-0.6,6.6,-7.8,-12.3,0.0,0.0,0.0,0.0,11.9,24.8
2025-03-20,3,2.5,8.9,-4.0,-8.4,0.0,0.0,0.0,0.0,14.7,40.0
2025-03-21,51,3.0,9.7,-2.0,-6.0,0.2,0.2,0.0,2.0,22.6,50.8
2025-03-22,3,2.0,7.4,-3.0,-7.6,0.0,0.0,0.0,0.0,14.2,31.7
2025-03-23,3,3.2,9.4,-2.8,-7.0,0.0,0.0,0.0,0.0,9.7,24.8
2025-03-24,51,6.0,13.7,0.5,-3.4,0.4,0.4,0.0,4.0,13.1,34.2
2025-03-25,3,5.0,12.3,-2.5,-6.3,0.0,0.0,0.0,0.0,10.4,28.4
2025-03-26,53,4.5,9.4,0.8,-2.1,0.6,0.6,0.0,2.0,15.3,33.1
2025-03-27,71,0.7,3.1,-2.9,-7.6,1.5,0.9,0.42,11.0,17.3,34.2
2025-03-28,71,-3.9,-2.6,-5.3,-9.7,0.3,0.0,0.21,3.0,12.5,24.1
2025-03-29,73,-4.1,-2.7,-5.2,-9.0,4.9,0.0,3.43,22.0,8.5,24.8
2025-03-30,3,-2.7,2.0,-6.2,-10.5,0.0,0.0,0.0,0.0,12.9,30.6
2025-03-31,3,0.8,4.5,-1.8,-5.9,0.0,0.0,0.0,0.0,15.5,36.7
2025-04-01,73,2.6,9.3,-1.9,-5.2,6.0,3.4,1.82,6.0,15.4,23.4
2025-04-02,75,-1.7,0.6,-3.3,-7.3,4.4,0.0,3.08,16.0,17.6,34.2
2025-04-03,73,-2.4,1.2,-8.5,-13.2,1.4,0.0,0.98,6.0,16.1,28.1
2025-04-04,2,-2.8,8.9,-15.4,-20.5,0.0,0.0,0.0,0.0,9.6,15.8
2025-04-05,0,5.5,17.4,-3.4,-8.0,0.0,0.0,0.0,0.0,12.8,23.8
2025-04-06,0,9.9,20.0,1.2,-3.1,0.0,0.0,0.0,0.0,12.6,25.6
2025-04-07,3,10.1,18.5,2.8,-0.9,0.0,0.0,0.0,0.0,17.5,39.6
2025-04-08,51,6.9,12.6,1.4,-2.3,0.3,0.3,0.0,3.0,24.1,52.2
2025-04-09,3,7.0,13.5,0.5,-3.7,0.0,0.0,0.0,0.0,15.0,36.7
2025-04-10,3,9.1,17.6,-0.4,-4.5,0.0,0.0,0.0,0.0,17.3,36.4
2025-04-11,0,11.4,16.8,5.9,1.0,0.0,0.0,0.0,0.0,18.5,43.6
2025-04-12,71,3.2,7.9,-1.4,-5.4,3.6,3.0,0.42,13.0,25.1,48.6
2025-04-13,3,3.6,10.0,-2.4,-7.4,0.0,0.0,0.0,0.0,19.9,39.2
2025-04-14,3,7.0,16.4,-2.9,-6.8,0.0,0.0,0.0,0.0,11.1,32.4
2025-04-15,51,11.1,18.4,4.5,0.9,0.4,0.4,0.0,3.0,19.6,40.3
2025-04-16,71,3.4,6.4,0.3,-4.4,1.8,1.4,0.28,13.0,25.3,58.0
2025-04-17,71,2.3,7.9,-1.9,-6.7,0.5,0.3,0.14,5.0,19.4,51.8
2025-04-18,3,6.4,18.7,-5.8,-9.7,0.0,0.0,0.0,0.0,12.8,27.7
2025-04-19,61,8.1,11.1,3.3,-0.7,8.2,8.2,0.0,17.0,17.5,35.3
2025-04-20,71,2.9,4.9,0.3,-3.0,2.4,2.3,0.07,12.0,16.2,29.2
2025-04-21,73,1.3,3.5,-0.2,-3.3,9.3,4.0,3.71,24.0,13.3,27.0
2025-04-22,73,3.2,7.6,-1.1,-5.0,2.8,0.3,1.75,10.0,14.5,28.8
2025-04-23,51,5.0,11.5,-1.9,-6.1,0.1,0.1,0.0,1.0,9.9,18.0
2025-04-24,3,7.2,15.7,-3.1,-6.7,0.0,0.0,0.0,0.0,15.7,33.5
2025-04-25,0,10.2,19.3,0.6,-3.7,0.0,0.0,0.0,0.0,18.7,46.1
2025-04-26,3,11.4,20.7,0.2,-3.6,0.0,0.0,0.0,0.0,12.0,20.9
2025-04-27,51,5.6,9.4,2.7,-0.3,1.4,1.4,0.0,8.0,20.6,39.2
2025-04-28,3,8.3,18.0,-1.9,-5.5,0.0,0.0,0.0,0.0,16.9,43.2
2025-04-29,53,9.8,15.5,5.1,2.4,2.2,2.2,0.0,9.0,17.7,47.9
2025-04-30,51,9.5,16.1,2.5,-1.0,0.2,0.2,0.0,2.0,11.4,33.1
2025-05-01,1,11.9,21.8,1.6,-2.3,0.0,0.0,0.0,0.0,11.0,33.5
2025-05-02,1,15.7,25.9,4.6,0.3,0.0,0.0,0.0,0.0,12.6,28.4
2025-05-03,51,17.4,26.8,5.4,1.3,0.1,0.1,0.0,1.0,15.3,41.4
2025-05-04,51,9.1,13.7,4.8,-0.1,1.2,1.2,0.0,8.0,21.1,41.8
2025-05-05,51,8.9,15.9,1.1,-3.5,0.2,0.2,0.0,1.0,14.0,30.2
2025-05-06,1,11.6,20.6,0.0,-3.9,0.0,0.0,0.0,0.0,24.3,49.3
2025-05-07,3,14.9,23.4,3.6,0.2,0.0,0.0,0.0,0.0,19.3,36.0
2025-05-08,3,13.7,18.2,8.5,4.8,0.0,0.0,0.0,0.0,21.4,50.8
2025-05-09,3,13.3,21.5,4.4,0.7,0.0,0.0,0.0,0.0,15.7,38.9
2025-05-10,3,14.8,24.3,3.9,-0.3,0.0,0.0,0.0,0.0,15.2,32.8
2025-05-11,51,14.4,19.9,7.3,4.2,0.2,0.2,0.0,1.0,14.0,32.0
2025-05-12,61,8.6,11.8,4.8,1.1,16.1,16.1,0.0,22.0,18.0,43.6
2025-05-13,61,9.9,14.7,5.2,1.3,3.6,3.6,0.0,7.0,18.3,37.8
2025-05-14,51,11.0,17.4,4.0,0.8,0.8,0.8,0.0,5.0,18.8,37.1
2025-05-15,55,6.8,11.3,4.2,-0.5,8.5,8.5,0.0,13.0,23.6,47.2
2025-05-16,53,7.8,13.6,2.2,-0.7,3.3,3.3,0.0,8.0,13.9,31.7
2025-05-17,61,9.6,15.1,5.4,3.3,6.1,6.1,0.0,19.0,14.1,31.7
2025-05-18,63,8.0,12.3,5.2,3.6,11.6,11.6,0.0,13.0,12.0,33.1
2025-05-19,53,8.4,15.7,3.4,0.1,1.1,1.1,0.0,6.0,12.8,32.4
2025-05-20,61,10.0,14.5,6.2,2.7,2.7,2.7,0.0,3.0,14.9,34.9
2025-05-21,53,7.1,10.5,4.7,2.2,3.2,3.2,0.0,12.0,20.1,51.1
2025-05-22,51,8.6,14.4,0.9,-2.0,1.2,1.2,0.0,8.0,11.3,30.2
2025-05-23,55,10.7,15.1,5.3,3.2,2.6,2.6,0.0,5.0,15.0,36.4
2025-05-24,3,13.1,20.1,4.1,1.9,0.0,0.0,0.0,0.0,16.8,36.0
2025-05-25,3,17.2,26.6,6.0,4.0,0.0,0.0,0.0,0.0,17.6,34.9
2025-05-26,61,18.6,28.2,9.2,7.5,1.4,1.4,0.0,1.0,20.1,40.3
2025-05-27,2,17.1,24.0,8.9,6.0,0.0,0.0,0.0,0.0,10.7,28.4
2025-05-28,2,18.7,27.7,7.5,5.0,0.0,0.0,0.0,0.0,15.2,33.5
2025-05-29,3,21.3,31.9,11.2,8.9,0.0,0.0,0.0,0.0,20.8,46.4
2025-05-30,53,18.4,26.4,10.1,8.2,0.8,0.8,0.0,2.0,15.2,36.0
2025-05-31,3,21.8,30.6,12.8,10.6,0.0,0.0,0.0,0.0,31.0,48.6
2025-06-01,51,12.2,17.1,6.1,1.8,1.2,1.2,0.0,8.0,28.0,54.0
2025-06-02,53,11.0,16.4,5.9,2.5,1.4,1.4,0.0,4.0,17.4,43.2
2025-06-03,51,10.8,15.6,5.1,1.9,0.6,0.6,0.0,4.0,13.4,31.3
2025-06-04,51,12.9,20.1,4.4,2.0,0.4,0.4,0.0,4.0,7.8,20.5
2025-06-05,3,16.4,25.3,5.4,2.4,0.0,0.0,0.0,0.0,12.5,32.8
2025-06-06,3,19.9,25.4,14.3,11.4,0.0,0.0,0.0,0.0,21.2,47.2
2025-06-07,51,15.6,20.6,10.5,7.4,0.8,0.8,0.0,5.0,21.1,43.9
2025-06-08,3,17.6,27.9,5.8,2.1,0.0,0.0,0.0,0.0,12.5,23.8
2025-06-09,1,22.0,30.1,13.1,9.8,0.0,0.0,0.0,0.0,20.2,47.2
2025-06-10,3,17.7,25.7,7.6,4.7,0.0,0.0,0.0,0.0,16.9,36.4
2025-06-11,51,17.1,23.2,10.0,7.5,1.4,1.4,0.0,6.0,12.1,35.3
2025-06-12,51,14.5,19.1,11.1,9.6,1.5,1.5,0.0,8.0,19.8,40.3
2025-06-13,53,16.8,23.8,11.9,9.8,0.7,0.7,0.0,3.0,15.9,37.8
2025-06-14,53,15.2,21.7,8.8,7.0,0.6,0.6,0.0,1.0,10.1,29.9
2025-06-15,53,15.0,23.0,8.6,7.5,0.9,0.9,0.0,2.0,13.2,27.4
2025-06-16,53,16.6,25.7,6.8,4.9,1.6,1.6,0.0,4.0,9.6,29.5
2025-06-17,53,18.1,25.1,11.1,9.6,0.8,0.8,0.0,3.0,10.8,31.0
2025-06-18,53,17.3,23.8,8.3,7.3,1.9,1.9,0.0,4.0,12.1,33.5
2025-06-19,3,17.1,23.9,10.4,7.2,0.0,0.0,0.0,0.0,15.1,40.3
2025-06-20,63,11.7,13.5,10.1,8.8,15.8,15.8,0.0,16.0,12.0,28.1
2025-06-21,63,7.9,10.1,5.8,0.2,61.3,61.3,0.0,24.0,31.7,63.7
2025-06-22,51,9.7,14.3,4.7,2.0,0.5,0.5,0.0,4.0,12.5,25.2
2025-06-23,51,11.5,17.8,4.8,1.9,0.4,0.4,0.0,3.0,15.5,43.2
2025-06-24,53,14.0,21.6,6.5,4.6,0.6,0.6,0.0,2.0,12.1,29.9
2025-06-25,51,16.2,23.2,9.5,7.5,0.1,0.1,0.0,1.0,10.5,27.0
2025-06-26,53,16.4,22.8,10.5,8.3,0.6,0.6,0.0,1.0,11.5,22.3
2025-06-27,3,16.0,20.9,10.6,8.7,0.0,0.0,0.0,0.0,9.8,23.4
2025-06-28,63,14.9,18.8,10.7,9.2,4.7,4.7,0.0,7.0,9.9,26.6
2025-06-29,3,16.7,23.9,8.7,5.9,0.0,0.0,0.0,0.0,12.1,22.0
2025-06-30,2,18.3,25.5,8.9,7.2,0.0,0.0,0.0,0.0,9.4,19.8
2025-07-01,2,20.7,28.2,11.7,11.0,0.0,0.0,0.0,0.0,13.8,27.4
2025-07-02,51,21.7,30.7,12.3,11.8,0.3,0.3,0.0,2.0,10.8,30.2
2025-07-03,53,16.8,24.2,11.5,10.1,1.1,1.1,0.0,5.0,20.9,51.5
2025-07-04,51,14.2,19.4,8.7,7.3,0.9,0.9,0.0,8.0,11.0,27.4
2025-07-05,53,14.9,19.5,11.2,9.9,4.0,4.0,0.0,10.0,19.2,43.9
2025-07-06,53,15.0,20.2,11.3,10.0,1.6,1.6,0.0,8.0,15.3,32.0
2025-07-07,51,17.2,24.6,7.7,6.2,0.1,0.1,0.0,1.0,13.0,33.8
2025-07-08,3,22.7,31.8,12.5,11.4,0.0,0.0,0.0,0.0,13.6,35.3
2025-07-09,55,20.6,26.1,16.2,15.6,1.4,1.4,0.0,3.0,11.1,33.5
2025-07-10,55,13.2,16.7,8.8,5.6,2.7,2.7,0.0,6.0,22.9,49.7
2025-07-11,3,16.9,26.2,6.5,4.0,0.0,0.0,0.0,0.0,11.4,29.9
2025-07-12,3,22.0,28.9,15.8,13.7,0.0,0.0,0.0,0.0,16.1,29.9
2025-07-13,51,19.4,25.0,13.8,12.0,0.4,0.4,0.0,3.0,12.8,33.8
2025-07-14,63,12.2,15.3,10.6,9.2,35.1,35.1,0.0,24.0,14.9,34.2
2025-07-15,51,12.6,16.8,8.5,7.1,0.6,0.6,0.0,6.0,11.5,23.8
2025-07-16,3,13.6,20.3,6.6,3.9,0.0,0.0,0.0,0.0,18.8,42.5
2025-07-17,63,12.4,16.0,10.6,9.5,16.6,16.6,0.0,17.0,13.7,26.3
2025-07-18,61,14.1,21.1,5.7,4.2,2.7,2.7,0.0,6.0,17.5,35.3
2025-07-19,63,16.1,20.8,12.3,12.2,9.6,9.6,0.0,11.0,16.3,32.4
2025-07-20,63,13.8,15.8,12.4,10.9,17.9,17.9,0.0,17.0,13.6,35.6
2025-07-21,63,13.6,17.5,11.0,9.0,11.5,11.5,0.0,12.0,16.3,30.6
2025-07-22,61,9.5,10.8,8.0,5.5,14.2,14.2,0.0,19.0,20.4,32.0
2025-07-23,3,14.2,21.4,7.2,4.9,0.0,0.0,0.0,0.0,13.9,29.2
2025-07-24,3,19.4,26.8,11.6,9.8,0.0,0.0,0.0,0.0,12.7,25.2
2025-07-25,53,15.2,18.2,11.7,11.3,1.8,1.8,0.0,5.0,17.3,29.9
2025-07-26,55,12.7,15.5,10.8,9.9,9.0,9.0,0.0,17.0,10.9,24.1
2025-07-27,61,13.1,15.8,11.6,11.1,7.7,7.7,0.0,17.0,9.7,21.2
2025-07-28,53,14.3,18.3,11.2,10.9,3.1,3.1,0.0,11.0,13.9,26.3
2025-07-29,55,16.9,23.3,11.6,11.3,1.3,1.3,0.0,4.0,11.4,27.7
2025-07-30,53,18.7,25.3,12.0,11.5,0.6,0.6,0.0,1.0,16.7,37.1
2025-07-31,3,19.4,25.9,12.2,11.8,0.0,0.0,0.0,0.0,19.1,38.2
2025-08-01,51,19.1,26.1,11.3,10.8,0.1,0.1,0.0,1.0,14.1,34.2
2025-08-02,61,19.2,25.2,14.3,14.1,3.3,3.3,0.0,5.0,11.2,21.2
2025-08-03,61,16.3,18.7,14.5,13.8,7.4,7.4,0.0,17.0,13.0,27.7
2025-08-04,63,16.0,21.9,11.1,10.1,7.4,7.4,0.0,7.0,6.6,23.4
2025-08-05,55,16.4,23.6,9.4,8.0,1.8,1.8,0.0,2.0,8.0,21.2
2025-08-06,3,17.1,24.6,9.7,8.3,0.0,0.0,0.0,0.0,11.0,29.9
2025-08-07,55,15.9,21.0,12.6,10.8,3.1,3.1,0.0,7.0,11.1,24.1
2025-08-08,61,13.9,17.8,11.2,8.7,11.2,11.2,0.0,13.0,22.6,56.5
2025-08-09,3,17.6,22.8,12.3,9.9,0.0,0.0,0.0,0.0,15.5,31.7
2025-08-10,3,19.7,28.0,13.1,12.6,0.0,0.0,0.0,0.0,17.9,28.1
2025-08-11,51,18.0,22.8,14.6,14.1,0.9,0.9,0.0,7.0,11.4,27.0
2025-08-12,51,19.1,26.4,12.4,11.6,0.2,0.2,0.0,1.0,8.9,22.3
2025-08-13,51,17.0,24.4,11.5,9.5,0.8,0.8,0.0,5.0,21.5,42.1
2025-08-14,51,12.2,16.7,8.2,6.5,0.3,0.3,0.0,2.0,12.3,34.6
2025-08-15,51,15.4,21.6,11.3,9.1,0.4,0.4,0.0,4.0,17.2,33.5
2025-08-16,53,18.4,24.0,13.9,12.9,0.5,0.5,0.0,1.0,16.0,32.0
2025-08-17,3,17.7,25.7,9.4,7.7,0.0,0.0,0.0,0.0,9.4,24.5
2025-08-18,3,16.9,25.5,9.4,7.1,0.0,0.0,0.0,0.0,10.5,22.7
2025-08-19,2,18.3,28.4,9.2,6.9,0.0,0.0,0.0,0.0,10.4,24.5
2025-08-20,63,16.1,20.1,11.5,9.7,3.3,3.3,0.0,3.0,17.9,34.6
2025-08-21,51,13.7,21.7,5.7,3.7,0.1,0.1,0.0,1.0,11.5,32.0
2025-08-22,3,13.7,20.6,6.4,4.2,0.0,0.0,0.0,0.0,12.4,23.4
2025-08-23,0,15.2,23.7,6.9,4.9,0.0,0.0,0.0,0.0,12.5,24.5
2025-08-24,1,17.1,26.9,8.3,6.6,0.0,0.0,0.0,0.0,11.1,24.5
2025-08-25,2,18.3,28.4,8.7,6.9,0.0,0.0,0.0,0.0,11.9,24.1
2025-08-26,1,19.6,29.8,9.2,7.5,0.0,0.0,0.0,0.0,8.8,19.8
2025-08-27,2,19.7,30.2,8.5,6.9,0.0,0.0,0.0,0.0,18.9,42.5
2025-08-28,3,19.1,28.3,10.9,8.8,0.0,0.0,0.0,0.0,14.9,33.5
2025-08-29,3,19.0,27.4,10.7,9.3,0.0,0.0,0.0,0.0,10.0,20.9
2025-08-30,53,18.0,28.1,9.5,8.1,1.1,1.1,0.0,2.0,10.2,27.7
2025-08-31,3,18.8,28.3,10.3,8.5,0.0,0.0,0.0,0.0,11.6,25.9
2025-09-01,51,18.7,29.1,10.8,9.5,0.3,0.3,0.0,1.0,12.4,25.9
2025-09-02,3,16.2,21.7,11.1,10.1,0.0,0.0,0.0,0.0,16.0,27.7
2025-09-03,3,17.1,26.4,8.6,7.2,0.0,0.0,0.0,0.0,10.6,20.5
2025-09-04,3,14.2,16.7,8.4,6.3,0.0,0.0,0.0,0.0,18.2,34.6
2025-09-05,1,12.0,21.4,3.4,0.6,0.0,0.0,0.0,0.0,15.3,36.4
2025-09-06,1,15.2,25.8,5.7,3.4,0.0,0.0,0.0,0.0,10.1,23.4
2025-09-07,55,17.0,27.1,8.9,7.4,2.5,2.5,0.0,3.0,11.2,32.4
2025-09-08,53,17.1,24.4,12.5,11.5,2.8,2.8,0.0,8.0,11.9,21.6
2025-09-09,2,16.4,26.1,8.1,6.4,0.0,0.0,0.0,0.0,9.1,20.5
2025-09-10,3,14.8,21.7,8.3,6.3,0.0,0.0,0.0,0.0,10.9,20.9
2025-09-11,1,15.8,25.4,7.8,5.8,0.0,0.0,0.0,0.0,10.9,22.0
2025-09-12,51,16.3,25.4,7.8,6.1,0.4,0.4,0.0,1.0,8.7,18.0
2025-09-13,2,16.4,24.8,8.3,6.7,0.0,0.0,0.0,0.0,11.0,23.4
2025-09-14,3,16.7,26.0,8.3,6.4,0.0,0.0,0.0,0.0,13.8,22.0
2025-09-15,53,15.9,20.0,11.3,10.2,1.9,1.9,0.0,6.0,17.9,38.2
2025-09-16,3,15.3,24.7,7.4,5.8,0.0,0.0,0.0,0.0,11.5,26.3
2025-09-17,2,16.7,26.3,8.3,6.4,0.0,0.0,0.0,0.0,16.2,36.0
2025-09-18,2,14.7,22.5,7.6,5.9,0.0,0.0,0.0,0.0,12.7,28.8
2025-09-19,51,14.9,23.1,7.7,5.6,0.1,0.1,0.0,1.0,11.4,24.8
2025-09-20,3,16.8,29.2,6.9,4.8,0.0,0.0,0.0,0.0,10.3,23.0
2025-09-21,53,16.1,25.3,8.2,5.3,0.9,0.9,0.0,2.0,22.5,44.6
2025-09-22,53,12.9,21.7,4.6,2.1,0.7,0.7,0.0,1.0,14.8,33.5
2025-09-23,3,18.1,29.0,10.5,7.1,0.0,0.0,0.0,0.0,13.9,22.3
2025-09-24,3,12.2,16.3,7.1,4.9,0.0,0.0,0.0,0.0,18.8,43.2
2025-09-25,3,13.5,26.3,4.2,0.5,0.0,0.0,0.0,0.0,22.9,40.7
2025-09-26,3,12.5,19.3,4.5,2.5,0.0,0.0,0.0,0.0,24.7,43.9
2025-09-27,51,13.5,20.3,8.2,4.5,0.4,0.4,0.0,2.0,14.0,27.4
2025-09-28,3,10.3,16.0,4.8,2.0,0.0,0.0,0.0,0.0,24.7,47.9
2025-09-29,3,15.8,27.3,6.7,3.4,0.0,0.0,0.0,0.0,23.6,49.0
2025-09-30,3,14.2,20.2,9.0,6.9,0.0,0.0,0.0,0.0,10.3,22.7
2025-10-01,51,12.2,19.6,7.0,4.1,0.2,0.2,0.0,2.0,15.3,35.6
2025-10-02,3,11.7,18.3,6.4,2.6,0.0,0.0,0.0,0.0,13.2,25.2
2025-10-03,3,11.6,18.8,4.5,0.5,0.0,0.0,0.0,0.0,14.9,34.9
2025-10-04,61,6.8,11.5,2.4,-2.4,5.7,5.7,0.0,12.0,20.2,43.2
2025-10-05,51,3.8,10.3,-2.4,-6.0,0.3,0.3,0.0,3.0,19.8,42.8
2025-10-06,3,6.5,14.7,-0.5,-4.0,0.0,0.0,0.0,0.0,9.3,16.6
2025-10-07,3,12.7,23.0,5.4,1.7,0.0,0.0,0.0,0.0,13.2,27.4
2025-10-08,3,7.9,11.6,3.1,-0.2,0.0,0.0,0.0,0.0,17.9,32.0
2025-10-09,0,6.1,16.3,-1.0,-4.5,0.0,0.0,0.0,0.0,13.0,32.0
2025-10-10,2,8.9,19.6,1.0,-1.9,0.0,0.0,0.0,0.0,13.9,32.4
2025-10-11,73,10.0,18.2,-0.2,-5.5,5.7,3.7,1.4,7.0,27.3,55.8
2025-10-12,73,-0.6,0.7,-2.0,-6.8,1.8,0.1,1.19,10.0,22.5,52.6
2025-10-13,3,-2.1,1.0,-5.0,-9.3,0.0,0.0,0.0,0.0,14.9,34.9
2025-10-14,0,-1.1,5.9,-5.5,-10.0,0.0,0.0,0.0,0.0,12.4,27.0
2025-10-15,3,3.1,13.1,-3.8,-7.7,0.0,0.0,0.0,0.0,10.1,21.2
2025-10-16,3,7.3,18.4,-2.2,-6.1,0.0,0.0,0.0,0.0,23.4,31.3
2025-10-17,53,5.7,10.5,0.8,-2.5,1.6,1.6,0.0,3.0,20.1,35.6
2025-10-18,3,5.8,11.6,0.9,-4.0,0.0,0.0,0.0,0.0,15.5,28.8
2025-10-19,51,6.1,12.5,1.6,-1.5,0.5,0.5,0.0,4.0,14.8,40.7
2025-10-20,51,3.9,10.7,-0.4,-4.0,0.1,0.1,0.0,1.0,9.7,24.8
2025-10-21,51,8.1,14.2,3.1,-1.4,0.2,0.2,0.0,1.0,23.3,44.6
2025-10-22,3,5.4,14.8,-3.1,-7.0,0.0,0.0,0.0,0.0,12.3,29.5
2025-10-23,3,9.4,16.1,5.5,0.4,0.0,0.0,0.0,0.0,21.2,37.8
2025-10-24,3,10.8,16.2,6.9,2.2,0.0,0.0,0.0,0.0,21.8,45.0
2025-10-25,51,10.0,13.8,6.0,1.7,0.5,0.5,0.0,5.0,28.3,54.7
2025-10-26,51,5.7,10.3,2.0,-3.1,0.6,0.6,0.0,3.0,21.7,45.0
2025-10-27,51,3.5,7.4,0.7,-4.6,0.3,0.3,0.0,3.0,21.7,47.2
2025-10-28,3,2.8,8.6,-3.3,-8.0,0.0,0.0,0.0,0.0,14.4,29.2
2025-10-29,3,7.0,12.0,2.6,-1.9,0.0,0.0,0.0,0.0,27.8,59.4
2025-10-30,2,3.8,10.5,-2.1,-5.9,0.0,0.0,0.0,0.0,16.0,31.3
2025-10-31,3,2.5,9.5,-4.5,-8.3,0.0,0.0,0.0,0.0,18.6,29.9
2025-11-01,53,9.5,14.5,6.1,2.9,1.1,1.1,0.0,3.0,18.5,47.9
2025-11-02,1,3.8,8.7,-1.1,-5.1,0.0,0.0,0.0,0.0,29.9,63.4
2025-11-03,3,3.0,9.0,-1.0,-5.1,0.0,0.0,0.0,0.0,16.6,30.2
2025-11-04,3,0.3,7.2,-3.8,-9.0,0.0,0.0,0.0,0.0,12.0,20.9
2025-11-05,51,-0.6,4.2,-5.5,-9.4,0.1,0.1,0.0,1.0,15.5,34.2
2025-11-06,3,6.0,12.9,1.0,-2.9,0.0,0.0,0.0,0.0,17.2,37.4
2025-11-07,75,0.8,3.4,-1.0,-4.9,6.2,1.4,3.36,13.0,13.3,34.6
2025-11-08,3,2.4,7.9,-0.8,-5.1,0.0,0.0,0.0,0.0,13.9,27.0
2025-11-09,3,4.9,11.3,-0.7,-4.3,0.0,0.0,0.0,0.0,17.6,32.8
2025-11-10,3,10.9,15.3,6.1,2.1,0.0,0.0,0.0,0.0,34.8,64.8
2025-11-11,3,5.7,12.6,1.8,-2.3,0.0,0.0,0.0,0.0,15.9,35.3
2025-11-12,3,2.5,7.6,-1.0,-4.4,0.0,0.0,0.0,0.0,9.5,17.3
2025-11-13,3,8.2,16.4,1.0,-2.7,0.0,0.0,0.0,0.0,29.5,61.9
2025-11-14,73,-0.4,8.2,-4.4,-8.5,1.2,0.1,0.77,7.0,19.9,38.2
2025-11-15,3,1.1,8.4,-4.8,-8.9,0.0,0.0,0.0,0.0,9.7,18.4
2025-11-16,3,2.3,8.3,-2.2,-5.4,0.0,0.0,0.0,0.0,9.1,19.1
2025-11-17,3,5.4,12.2,2.1,-1.5,0.0,0.0,0.0,0.0,13.3,24.1
2025-11-18,73,-0.4,1.9,-2.7,-6.2,4.7,2.1,1.82,11.0,19.9,39.6
2025-11-19,3,-0.4,5.4,-5.1,-8.8,0.0,0.0,0.0,0.0,16.4,31.0
2025-11-20,3,-1.6,5.9,-6.7,-10.8,0.0,0.0,0.0,0.0,12.6,17.3
2025-11-21,3,4.1,9.6,-0.2,-4.4,0.0,0.0,0.0,0.0,22.2,51.5
2025-11-22,3,3.4,10.3,-0.6,-4.7,0.0,0.0,0.0,0.0,14.9,29.5
2025-11-23,71,-0.9,1.3,-2.7,-6.2,0.7,0.0,0.49,7.0,13.0,20.2
2025-11-24,75,-4.8,-2.1,-14.9,-19.1,10.5,0.0,7.35,15.0,11.5,22.7
2025-11-25,3,-13.3,-7.3,-17.9,-22.4,0.0,0.0,0.0,0.0,10.2,16.9
2025-11-26,3,-11.2,-3.6,-15.5,-20.6,0.0,0.0,0.0,0.0,10.0,17.6
2025-11-27,71,-12.0,-6.8,-17.5,-22.5,0.8,0.0,0.56,6.0,10.9,20.2
2025-11-28,71,-12.0,-8.9,-21.3,-26.4,2.5,0.0,1.75,14.0,17.9,34.6
2025-11-29,2,-17.7,-10.0,-23.5,-28.9,0.0,0.0,0.0,0.0,10.3,16.2
2025-11-30,3,-13.4,-5.6,-21.2,-26.8,0.0,0.0,0.0,0.0,12.3,20.9
2025-12-01,3,-3.5,2.3,-10.1,-15.3,0.0,0.0,0.0,0.0,18.9,28.8
2025-12-02,71,-0.6,2.6,-5.2,-8.8,1.7,0.0,1.19,11.0,19.3,36.4
2025-12-03,71,-4.3,0.6,-9.7,-14.0,0.3,0.0,0.21,3.0,15.8,29.2
2025-12-04,71,0.8,3.6,-1.4,-6.6,0.6,0.2,0.28,4.0,16.0,29.5
2025-12-05,73,-6.5,-1.3,-11.8,-16.7,1.7,0.1,1.12,11.0,13.2,24.8
2025-12-06,73,-14.4,-12.1,-15.8,-21.2,2.2,0.0,1.54,9.0,12.2,26.6
2025-12-07,3,-6.7,-1.3,-13.6,-17.9,0.0,0.0,0.0,0.0,12.6,30.6
2025-12-08,3,0.7,3.6,-3.2,-8.0,0.0,0.0,0.0,0.0,20.0,38.9
2025-12-09,51,-0.4,4.3,-8.9,-13.4,0.2,0.2,0.0,2.0,23.2,50.0
2025-12-10,73,-2.4,4.4,-8.3,-13.3,1.9,0.5,0.98,4.0,14.3,26.6
2025-12-11,73,-16.0,-5.4,-21.0,-25.7,2.8,0.0,1.96,7.0,21.4,42.1
2025-12-12,73,-20.3,-17.2,-22.2,-27.1,4.5,0.0,3.15,16.0,12.6,27.4
2025-12-13,73,-12.9,1.7,-20.1,-24.7,0.6,0.0,0.42,3.0,15.5,30.2
2025-12-14,3,2.4,4.9,-2.2,-6.3,0.0,0.0,0.0,0.0,15.4,28.1
2025-12-15,51,5.5,9.8,0.6,-3.8,0.3,0.3,0.0,1.0,34.0,67.7
2025-12-16,3,1.1,6.6,-2.9,-7.0,0.0,0.0,0.0,0.0,32.0,62.6
2025-12-17,75,-6.5,0.9,-16.5,-21.6,6.8,0.4,4.48,11.0,36.2,71.6
2025-12-18,71,-6.6,0.1,-19.9,-25.0,0.2,0.0,0.14,2.0,18.5,33.5
2025-12-19,71,-14.1,-2.6,-22.0,-26.9,0.2,0.0,0.14,1.0,19.9,37.1
2025-12-20,71,-15.8,-5.3,-23.8,-29.0,0.1,0.0,0.07,1.0,18.9,37.4
2025-12-21,3,-13.0,-4.1,-20.7,-25.4,0.0,0.0,0.0,0.0,21.6,37.1
2025-12-22,71,-21.1,-19.4,-23.4,-28.8,0.2,0.0,0.14,2.0,11.9,26.3
2025-12-23,3,-9.4,-1.8,-22.1,-27.8,0.0,0.0,0.0,0.0,18.2,33.5
2025-12-24,73,-18.3,-14.8,-20.5,-25.5,4.2,0.0,2.94,13.0,9.8,17.6
2025-12-25,73,-14.1,-7.9,-20.4,-25.3,1.5,0.0,1.05,3.0,12.4,18.0
2025-12-26,73,-13.6,-12.3,-15.4,-19.9,1.1,0.0,0.77,7.0,15.9,31.3
2025-12-27,73,-21.6,-14.2,-29.4,-34.8,1.4,0.0,0.98,9.0,23.1,45.4
2025-12-28,3,-16.8,-4.2,-31.6,-37.4,0.0,0.0,0.0,0.0,17.7,28.1
2025-12-29,3,-1.0,3.9,-4.7,-10.6,0.0,0.0,0.0,0.0,18.6,34.2
2025-12-30,3,1.5,6.9,-2.2,-7.3,0.0,0.0,0.0,0.0,17.0,29.9
2025-12-31,3,0.2,5.3,-2.5,-6.8,0.0,0.0,0.0,0.0,15.9,25.2
